/*
Navicat MySQL Data Transfer

Source Server         : localhost
Source Server Version : 50547
Source Host           : 127.0.0.1:3306
Source Database       : jeesiteh

Target Server Type    : MYSQL
Target Server Version : 50547
File Encoding         : 65001

Date: 2016-11-09 17:31:38
*/

SET FOREIGN_KEY_CHECKS=0;

-- ----------------------------
-- Table structure for `act_evt_log`
-- ----------------------------
DROP TABLE IF EXISTS `act_evt_log`;
CREATE TABLE `act_evt_log` (
  `LOG_NR_` bigint(20) NOT NULL AUTO_INCREMENT,
  `TYPE_` varchar(64) COLLATE utf8_bin DEFAULT NULL,
  `PROC_DEF_ID_` varchar(64) COLLATE utf8_bin DEFAULT NULL,
  `PROC_INST_ID_` varchar(64) COLLATE utf8_bin DEFAULT NULL,
  `EXECUTION_ID_` varchar(64) COLLATE utf8_bin DEFAULT NULL,
  `TASK_ID_` varchar(64) COLLATE utf8_bin DEFAULT NULL,
  `TIME_STAMP_` timestamp NOT NULL DEFAULT CURRENT_TIMESTAMP ON UPDATE CURRENT_TIMESTAMP,
  `USER_ID_` varchar(255) COLLATE utf8_bin DEFAULT NULL,
  `DATA_` longblob,
  `LOCK_OWNER_` varchar(255) COLLATE utf8_bin DEFAULT NULL,
  `LOCK_TIME_` timestamp NULL DEFAULT NULL,
  `IS_PROCESSED_` tinyint(4) DEFAULT '0',
  PRIMARY KEY (`LOG_NR_`)
) ENGINE=InnoDB DEFAULT CHARSET=utf8 COLLATE=utf8_bin;

-- ----------------------------
-- Records of act_evt_log
-- ----------------------------

-- ----------------------------
-- Table structure for `act_ge_bytearray`
-- ----------------------------
DROP TABLE IF EXISTS `act_ge_bytearray`;
CREATE TABLE `act_ge_bytearray` (
  `ID_` varchar(64) COLLATE utf8_bin NOT NULL DEFAULT '',
  `REV_` int(11) DEFAULT NULL,
  `NAME_` varchar(255) COLLATE utf8_bin DEFAULT NULL,
  `DEPLOYMENT_ID_` varchar(64) COLLATE utf8_bin DEFAULT NULL,
  `BYTES_` longblob,
  `GENERATED_` tinyint(4) DEFAULT NULL,
  PRIMARY KEY (`ID_`),
  KEY `ACT_FK_BYTEARR_DEPL` (`DEPLOYMENT_ID_`),
  CONSTRAINT `ACT_FK_BYTEARR_DEPL` FOREIGN KEY (`DEPLOYMENT_ID_`) REFERENCES `act_re_deployment` (`ID_`)
) ENGINE=InnoDB DEFAULT CHARSET=utf8 COLLATE=utf8_bin;

-- ----------------------------
-- Records of act_ge_bytearray
-- ----------------------------
INSERT INTO `act_ge_bytearray` VALUES ('12cb0b18e3fd4c5b8a6b6bac7f927dc9', '1', 'test_audit.png', '9fdad325ac8449daaef497b7faffe9d9', 0x89504E470D0A1A0A0000000D49484452000003DC0000017C08060000003DD3B3DA000053E24944415478DAEDDD0B7C54F59DFFFF53A08AB7BF68A9CBB2FC6CEA6581D5AE5A31868B17349658A0E2AD4B5D8AAC525656A922D40B5A2FC0221A318518110C1711630AC4809186909A442E4908E112638C3166A5980245C4D218631CE3F77F3EDF39E730339949324998CC4C5ECFC7E3F3C85CCE5C32E7FB3E733E73CE9C310C000000000000000000000000000000000000000000000080EEA70F2F0100000000009D2BC12C65FD0500000000009D20DEAC2FCC4AB2FE8EE1250100000000A0739A6DBBC9962DDC9FD1740300000000D079CD766B970300000000805624B4D254DBD7F39D6E0000000000826CB65B6BA6D9D20D00000000401BC51BC16DB90E767A0000000000BA6DB33DA61DB7ABA3E90600000000A0F39AEDCEBA3D000000000051A7B503A485FA7E0000000000889A66BBB37607674B3700000000A0DBF33DE0D9F7CCBAD3FA1B0CDFDB7120350000000040B76FB6C77834CDCBCC52D6DFB636DD816E47D30D00000000E8F6CDB6B8D36A9A55104DB767B36DD7448FEBF94E3700000000A0DB08D404FB6B9E5B6ABAFD4D9FEA677ABED30D00000000E836CD7642104DB4BFA6BBADCDB66FD3CDEEE50000000080A8D3D6A6B7B5A63BD866DBF3F13F33D8D20D0000000088C266BBADCD6EA0A6BB473B9B6D1BDFE9060000000074DB66BBA5A6BBAA03CD76479F0F000000000061A3A35B94FD35DD1D69B67D9B6EBED30D000000005D2CCEACC7CDCA366BA7D5AC29AA4D95D4C1D75E7623F7DDB25D655DDE1149CC1B8AA2288AA2282ACAAACEAC6AB372CD7AC6706F68EA453B8770D4D71AA49F9A5564D61CB3C69975B1597D7879DAA4B5A392B7A6A52DDC6DF99DEE40D8C20D00008068247DCA20C3BD87A9F4325BCD3A68B83736F5E3E541B8986C35DA8BCDBA8097A343A4B9AD334ECC77B8DBD374F31D6E000000742703CC4AB6D68167F272A02BC9EE166F98956FB8B764A3F39AEE60B62807FAE92F7F47290FA6E9E628E5000000E8AE64CB77B9E1FE9AECE9BC1CE80AD26C67197CCFE14436DDAD35BBADFDCE766BBFD31DC81083DFE106000040F7D6C7EA77B2E979106AB21B793E03EF846A6D0B736BCDB6D1CEA6DBDEAD7D1CB30000000034DD7A4BF723BC14081539409A7C679BDDC84FBC405BBADBDA6C07DB74DB8F47B30D000000B8C9EEE5B2F72707524348C811FC9279194226C168BE7BF79D46F0BFB3EDAFE99EE8F3387C671B000000684EFA9F245E0684826CDDE668E4A16FBA3D0FA4E6D93CB7A5D9365AB91D3FFD050000000426472F979F0CE32BB538A1E20CF7EF6C23F47C772F976679A211FC4F7DF9DEAEA3BFFF0D00000074075B5967C689F69459737819C2A6E9EE287FBBAB03000000684EFAA06778197022C921F139A0567434DD9DDDBC03000000D14CD69B7379197022ED34383A7938E8E86EE0EC460E00000004478E565ECDCB8013499AB43EBC0C61D57407BB859A03A401000000C1933EA88E97012792E225082BC1EE16CE6EE400000000FD101860E8E4267A88E1FE448EEFE003000000F4436080A18D12AC663AA185EB3FA3D906000000E887C00043F0026DE9663772000000807E080C307472D34DB30D000000D00F8101864E6EBA9368B601000000FA2130C0D0B9A659F38A9FFE02000000E887C0004327CAB2E6552F5E0A000000807E080C30748E38B35C065BB801000000FA2130C0D0A932ADF924B5939703000000A01F02030C1D37C438BE75DB2E0E9A06000000D00F8101860ECAF269B6EDADDC7C971B000000A01F02030CEDE46FEBB65DE3787900000000FA2130C0D03ED9019A6DA9225E1E000000807E080C3004AFA5ADDB7C971B000000A01F02030CED94D54AB3CD11CB01000000FA2130C0C0BC0200000058C706030CCC2B00000080756C8001C6BC02000000C03A361860605E01000000AC63830106E615000000C03A36C000635E01000000601D1B0C3030AF00000000D6B1C10003F30A000000601D1B608031AF00000000B08E0D0618985700000000EBD86080817905000000B08E0D30C098570000000058C706030CCC2B00000080756C30C0C0BC0200000058C7061860CC2B00000000AC63830106E615000000C03A361860605E01000000AC63030C30E61500000000D6B1C10003F30A000000601D1B0C3030AF00000000D6B1010618F30A00000000EBD86080817905000000B08E0D0618985700000000EBD800038C7905000000B08E0D30C09857BC0400000000EBD86080817905000000B08E0D0618985700000000EBD800038C790500000080756C30C0C0BC0200000058C706030CCC2B00000080756C8001C6BC02000000C03A361860605E01000000AC63830106E615000000C03A36C000635E01000000601D1B0C3030AF00000000D6B1C10003F30A000000601D1B608031AF00000000B08E0D0618985700000000EBD86080817905000000B08E0D30C098570000000058C706032CA4FFB052BD535252664E9C38716F6C6C6C43EFDEBD95F53A509D503D7BF6FCEEFCF3CFFF6CF8F0E11BCDBF238918000000E887C000EB06962D5B76CFC89123EB636262D49C39B3557E7E9E6A68F8CAECC1BFA33AA9E4F52C2A2A548989CFA981030736F6EFDF7FAFF9D25F4CD4000000403F040658944A4D7D657DBF7EFD5452D20BCAE56A349BC3262A04959CBC48F5E9D3E7AB534F3DF526E206000000FA2130C0A2B0D9BEE0820B5451D176B309FC960A71959797A9BE7DFBFEC39C1563881C000000E887C0008B12CB962DBD47B66C17156D339B3F97572D5DFA921A3326418D1A75BDBAFEFA6BD40DF12355F2A2A466D3511DAFF2F2BDEA94534EF9C260F772000000D00F81011605FF9C52BD478EBCA63E29E979F3E4375EB562F95235FAE7A3D4ADB78CD53576CC8D2A3EFE5A3574E8156A916EBABFA13AB91213E77FDEAB57AF3C6207000000FA2130C0225C4ACAC29931313F522E57BDD9F0357A55C2A878DD68DF70C348A77EF6B3EBD4F061579A4D776CB3E9A9CEA9B3CF3EFB5373D6C4113D000000D00F810116C1264E9CB077CE9C27CD46EFEB663562789C7A61C17C95F556864A7931496FD9BE6AC4507DB99C76B9BEF47B3BAA63356DDABD3BCD599348F4000000403F040658048B8D1DD2909F9F63367A0DCDEAEEBB27AA837FFD546DDDF28ECAFED306B5EAD554B53E738DFAB8FA43F53F5327AB6FBFFDD2EFEDA88ED5BBEFE61E3067CD4EA207000000FA2130C02258EFDEBD5543C3E766A357DFAC1E9BF5902A2EDAA276146F55BB7795E892D33B766C578F3DF690DFDB501D2F991FE6AC71113D000000D00F810116E1FF9F525F362B97EBEF6AD6AC996ACA6F26A992924255FEDE1E5DBB76ED50D3EEFB6F35E3C1FBD4D75F7FEEF7B654C78B051B000000E887C0008B8A86BBCEAB1A1B3F57EBD6BDA662637FAAAA3FAA540F4EBFCFAB4A4B8BD590CB2F55AFAF4E550D0D9F35BB3DD5F162C106000000FA2130C0A2A2E1FE8753DF7D774CBDB5215D0D1B1AAB6AAAABD47B65BB55EEE68D2AF3CD3FAAB4D757AAD4575E329BF134BD7BF995575EAED2D357A86FBFFDC2EB3EA88E170B36000000D00F810116150DF731A7B66ED9A47F6B5B9AECBCBCCDEACD8C74DD68AF58BE44BDBC78914A7AE159F5CCBCA7F501D416BFB4505D7BCD08B5F1ED355EF74175BC58B0010000807E080CB0A868B8FFEED463B37EA78F442E8DF5B2D4C5BA96BC9CAC92172D50CF27CE53FF3BF749F5C4EF1F513367FC563DF9C4A366B39DA97E37F37EAFFBA03A5E2CD8000000403F0406585434DC5F38250DB7FC04D8EDB7DDACDE487B5537DAD27C3F3B7F8E9A3BE709F5DCB37375D32D4DF898D1096A73CEDB56C3FD05D589C5820D000000F44360804545C37DD4A9BD7BB7A9471F99A17E79FB38DD50CBAEE4FE2A2E6E88FAF584F17A6B7769E9BB5EF74175BC58B0010000807E080CB0A868B83FF72AD7377F535F7EF9A94A7CEE699530EA3A3562F8956AE8D02B54DC9543D450B3D1BEE6EAE1EA81FBEF51C78EFD454FEB7B7BAAE3C5820D000000F44360804545C37D840AB362C106000000FA2130C0A2A2E1FE8C0AB362C106000000FA2130C0A2A2E13E4C8559B16003000000FD10186051D170FF8D0AB362C106000000FA2130C0A2A2E13E448559B16003000000FD10186051D1701FA4C2AC58B0010000807E080CB0A868B80F5061566D18774F98D5403C010000403F0406585837DC7FA5C2AC5A1877D2687F6D5DCFC20F000000F44360808577C35DEBB7E4BA850B67ABC4C4C775EDDB57AC2F2B29D918F036C196DC5F6666AA733A27E7757DBABA7A5BC0DB9497BFA3F6ECC9F17A1EBECF4BCECF9A35ADD963CD9F3F4B9F3E74688FD77555555BF4F5478E94377BBCDADAD26697555616E8E96B6A0AF5F90D1B96AB33CE38BDDDFFBBBFEB5A69B469B8010000403F040658F837DC9FFAADE30DA1F76559592BBC2EBBF9E6043579F2AFCC86BC48979CBEF7DE3B9DF3729BB9731F72A6EFD9B3A74A4E9EE35CE76EE6DDA7CBCBFF6C36CE6FAB33CF3C434F5B5DBD553F9EDD606EDCF8AA1A3FFE176AC2845BF469B9ACB676A7FE2BD37A3ECF952B5F704EEFDFBF43FFADACCC5705056BF569794CCFE967CF9EA98E1E7D5FFFCF727ECA94FF741EC3BE2FCFE91F7FFCB75EE72FBFFC277AFAD1A3AFD7CFCFBEEEC61B47AAE9D37FA31FEFDC73FF45CD9831C56CF0DFD5B7A9A8C80BF8DA5BF3679EE1DE755C0528000000807E080CB0F06DB8F7FB2DBBA94C4C7C4C97DD146FD9B22EE06DA42EBCF0C72A36F6D216A7B1EF5F9ACFC387F7E8F3070E94EABF7979E9FABAFAFA2A7D5E1E5BCE9F724A6FDD7C8F1D1B6F36C37798CDED4A7DF9B1631F585BB8B3D4A143BB9DCB972C99AF9F4B46C612B560C1EFF565757595FA6F41C11AE77948132E973535EDD37FABAADC5BAFE5F9AC59B3586DD8B0CCEB79DBD36567AF52A5A51B556E6E9A7ECE725EFE17FBB1FDFDCFF23FC8EB77CE393F50C3865DAE9FABFD7CF7EF2FF67A6D0CFF5BB469B8010000403F040658E434DC7F695665659BD49E3DD9AAB1F163AFAAADDDA11B447FB7B1EB78C3EDFFFA82823FAA6BAF8D533939AFA9949439EAB4D34E359BE60A75F2C927A93BEEB8C96C62DF369BDA4F9CE9EDE652A6ADABFB40A5A7BFA8060E3C4F2D5CF894BE5CA67737D31F78DD46A697D32E578D2A2FDFAC2F4B4D7D4E3F5645C59FF575870EEDD297A7A52D5283075FA09B79FBF6F6FDCAEB20A7EDFB5EB52AC9DAFABF54DD7CF328E771ECE7939BFB7AC0FF5DB6DCCBF5329DBCC6F663C97D794ED786469BA2288AA22877D599B5C7AC6CB39E312BDEAC5EACC202F44360808549C3BDAF592D59324F5D74D1BFAA2D5BD6A8D5ABFFA0AEBB6E989A3DFB417D5E6E5358F8A6DFDB49B91BEE4B025E2F65E82DC9EE2DCBF3E63DA48E1CD963ED1E5EACAF97F39ED326253DA1060CF867B3A9AE50C9C94FEBCBA64E9D607D57FB5EBD9BBA3D7D6363B5F3265C5D5DA0B2B296A98D1B5778955CB76DDB3A3D7D76F6ABAAA6668BD7E31B7A2BF81FF56DFBF63D5B6F8D96CB8F1E2D536BD6A4E8867FFAF4BB557CFC087DD94F7E32488D1E7D9DBE6F792EF2E1815C6EDF974C27D7C5C40C50975C32D86CBA577B3D965CE7FBFA58F3E715B3BE35C2730B771FB3069935C6ACC7CDCA35EBA0594966F563D101049D236914B6922380F723807E080CB0A86AB83F695672F95D77FD529F4E4B5BA8B7427B5E9799B9C4EFEDA42EBC30C66AB89B5F575FFF81F55DE7E5FA7E648BB69C2E2BCB76EEF7ACB3CED4BB5CEFDF5FE83C9E34A90505E9BAD996A6559ADB55AB5EB0BE8BBDCDF92BD3A7A6CEB7B64C6FB41AEBB57EFF3FFB7F387A74AFF57DEACDFA7C6D6D91F3DCEC6957AF4ED2A70F1FDEE55C26CDF88D375EAB1F4F2E5BB8F049DD6837347CA8FF4FCFC7CAC858EC9C970F0D9A9A6A9C0F040CFDDDF59C66CFCF673EBD1AA0F10E3703ACA6415674EE61F101B43B47C9667D61D64C5E0E80F723807E080CB0886EB8FFAF59B91BEEDB9DD3D3A7DFE5755D66E6CB7E6F2775BCE1F67F7D71F19BFAF676232BBB725757BBB776BB5CD5CDEE5FCE2F5E2CBB93BFAF0E1C2856E9E98BCCA6FD625553E36E560F1D2AB1BEC3BDDE6C643F562929B3AD03A4E5EADB6FD8B05437F59326DDA6CB6EF6E5FA86864AA77995E90A0BD7A98B2EBA5037E9EE263CC76AE6B7367B7DC68EBD5EDD7A6B82D92C6FD2FFF39123BB5476F60AEB68EBAF7A4DEB6EB8BD5F87C4C447F5070B5959A97E5FFF00F3CB778B77B8922D0DB28561AD59A7B31801DA9DA372C3BD9B2C3902783F02E887C0008BCC86BBA65919FA27C19E50F5F5EF5B074A4B379BD03566435B6D36ACCBFCDEC6AEE30DB7FFEB6B6B0BD5F2E5CF5A3FD3F590D96CE7A9F3CEFB7F6AEEDC079DC77637DCC79F4B72F293BAA1DDB76F8B6EB8E5B2C6C60FADADC479D62EE0696613BDD96CDA3FB29AF917023E07CFC73876ACCC795E72FF863E605A91D948675BDF057FDAEFEDA5E1B6FF4F795CF97EF61D77FC42DF56AE5FB0609633AD5C7FF4E86E75D965FFA666CF9EAE2F97D7D4D0DFF95EE5F7FE5B996FF616EF7026DF9FCBB2567200B44F1F2B47D906DF4905783F02E887C0008BC486FB63BF75E448A9F5B35D8FE8F315159B9CADC10D0D15FAB2C3874BD44D37C5EB9A3265BCD93CBEAAB7DA9E7B6E7F7D5A2A2D2DC93A08D97A7D1B437F577ABBD52CBFA31B5A431F25FC23E7FACCCCC5CEF390F3C386FDD46CF4535546468A4A4D7D463F867D9DDC87A177F15EEA759BF2F23FA9C2C2B5BA09969A34E9565D723FEE2638C76C82DD074DEBD7EF87AAACCC7D90B4BCBCD5CEF35BBC78B6B5F57B89D76B63E803B03D6336FD95FAB9DD7BEF0475E850B19A376FA6FAFEF77BE9FBF29C566AD5AAE79DFF511E431E535E1FFB317DEF3F8A567264CB02BBF3011D6BBA654BF723BC1400EF4700FD10186011D770577B554ECE0ADDBCF6EF7F8ED974EF6C76BDDC66DAB489CEF98686F79B4D13A81A1B3FD0D3CBFDCBFD1C3EBCC36A385FF3BA7F77F37CFC7C4949863EED727D681DE13B4B9F6F6AAA72A6292878DDEB360B163CAAA7F7F73CE4FAE2E275FAF4BE7D05FAAF7C77BCA6264FDFCFE0C1E73BD3CA63B93F30C8F4BAFD810385FABA6DDBD2D5E8D1D7AA5B6F1DE5F7F1E4B9DB97575464ABABAFBE4237F2BEF7BF7AF502AFFB8FA23126BBF37D6A70E01AA0A339FA8C1C01BC1F01F4436080455CC3FD51445553D3879D324DA89E4B7BA68FC2712707AE496271027448323902783F02E887C0008BB886BB8A0AB38AC27127478B9523C5F21D54801C01E408A01F02BA53C3FD21156615A5E34EBE3B97C02205E890ADE408E0FD08A01F02032CA21AEE4A2ACC2A4AC7DDE3867B573E00ED37871C01BC1F01F44360804554C3FD01156615A5E36E8CE1FE6923001DCB512E2F03C0FB11403F040658C434DC15549855948E3B393AEC1E162940877354CDCB00F07E04D00F810116310DF7FB549855948E3BF92DE13A1629003902C811403F0474A386BB9C0AB38AE271C7021B2047003902C80BD09D1AEEF7A8302B1A6E00E4082047007901032C2A1AEE322ACC8A861B003902C811405EC0008B8A867B2F156645C30D801C01E408202F60804545C3BD870AB3A2E106408E007204901730C0A2A2E1DE4D8559D170032047003902C80B186011EEE4934FFAAEA1A1C86CF2765161525F7D55B8CF9C352EF204801C01E408202F608045B0C1837F7C283F7F89D9E895526152EBD73FFFB6396B76922700E4082047007901032C825D75D565EBE6CC994AA31B463576EC5569E6AC49244F00C811408E00F2020658041B30E007B103069CF38DCBB58366373CEA931E3D7A5498B3268E3C012047003902C80B186011AE7FFF1F9626253D48B31B063566CC554BCD59924B9E009023801C01E4050CB0E830E8CC334FAB2F2A5A41D3DB85959FBF74BD392F0E9A75317902408E007204901730C0A247FC39E79CFD779AEEAE6BB67BF4E85163CE8731E409003902C811405EC0008BC2A6FBA493BE7F6CDEBCFB3EE73BDDA1FBCEB6B51BF9C16ED06CB3C006C811408E00F20274EB0136A867CFEFE59C7EFAA987A74CB965F7A64D2F1E6C6828A431EEC4FAEAABEDFBE4A7BFE468E4D601D2E43BDB17932700E408204700790103AC7BB8D4AC39666D35ABC17A1DA8CE2997E1FE9D6DF9E9AF38F204801C01E408202F6080219C6559F3AA172F057902C811007204901730C0D039642BB1CB9A5709BC1CE409204700C811405EC00043E7C8348EEFAEBD9397833C01E408003902C80B1860E8B821C6F1ADDB768DE165214F003902408E00F20206183A26CB687E5032D9CACD77B9C913408E00902380BC80018676F2B775DBAE71BC3CE409204700C811405EC00043FB641B817F7AAB8897873C01E408003902C80B1860085E4B5BB7F92E377902C811007204901730C0D04E59AD34DB1CB19C3C01E408003902C80B1860605E318F009023801C01E4050C3030AFC03C02C811408E00F20230C09857601E01E408003902C80B1860605E318F009023801C01E4050C3030AFC03C02C811408E00F20230C09857601E01E408003902C80B1860605E318F009023801C01E4050C3030AFC03C02C811408E00F20230C09857601E01E408204700C80B1860605E318F009023801C01E4050C3030AFC03C02C811408E00F20230C09857601E01E408204700C80B1860605E318F009023801C01E4050C3030AFC03C02C811408E00F20230C09857601E01E408204700C80B1860605E318F007204801C01E4050C3030AFC03C02C811408E00F20230C09857601E01E408204700C80B4E882C6B40B5543B799958188079049023801C01E40508CE10B35CAD34DC63789958188079049023801C01E405085E760BCD769159BD788958188079049023801C01E40508DE90161AEE71BC3C2C0CC03C02C811408E00F202B49FBFEF72CB77B7D9BACDC200CC23801C01E408202F4007F8FB2E37DFDD666100E611408E0072049017A013641A6CDD666100E611408E0072049017A0D3C57934DC09BC1C2C0CC03C02C811408E00F202741EFBBBDC6CDD666100E611408E0072049017A0130D6180B13000F3082047003902C80B22678E29D53B252565E6C48913F7C6C6C636F4EEDD3BD0CF70512D54CF9E3DBF3BFFFCF33F1B3E7CF846F3EF4846160B03E611408E00902380BC7463CB962DBB67E4C891F53131316ACE9CD92A3F3F4F35347C65F6E0DF514196BC6E4545852A31F1393570E0C0C6FEFDFBEF355FE28B5918807904902300E408202FDD4C6AEA2BEBFBF5EBA792925E502E57A3D93436519D58C9C98B549F3E7DBE3AF5D4536F626100E611408E00902380BC74A366FB820B2E504545DBCDE6F05BEA0455797999EADBB7EF3F8CEEF9BBE12C0C9847003902408E00F2D2BD2C5BB6F41ED9B25D54B4CD6C0A5D5EB574E94B6ACC9804356AD4F5EAFAEBAF5137C48F54C98B929A4D47B5BDCACBF7AA534E39E50BA3FBED5ECEC2807904902300E408202FDD68EE28D57BE4C86BEA93929E374F7EE3552B962F55A37F3E4ADD7ACB585D63C7DCA8E2E3AF5543875EA116E9A6FB1BAA9D959838FFF35EBD7AE5B13000F308204700C811405EA2544ACAC29931313F522E57BDD908367A55C2A878DD68DF70C348A77EF6B3EBD4F061579A4D776CB3E9A9E0EAECB3CFFED49C05712C0CC03C02C8110072049097283471E284BD73E63C6936805F37AB11C3E3D40B0BE6ABACB73254CA8B497ACBF6552386EACBE5B4CBF5A5DFDB516DAB69D3EEDD69CE82441606601E01E408003902C84B148A8D1DD2909F9F6336800DCDEAEEBB27AA837FFD546DDDF28ECAFED306B5EAD554B53E738DFAB8FA43F53F5327AB6FBFFDD2EFEDA8B6D5BBEFE61E3067C14E1606601E01E408003902C84B14EADDBBB76A68F8DC6C00EB9BD563B31E52C5455BD48EE2AD6AF7AE125D727AC78EEDEAB1C71EF27B1BAAED25AFBB390B5CDD64A825580B830452C7021B204700C811405EBACD0C52EACB66E572FD5DCD9A35534DF9CD24555252A8CADFDBA36BD7AE1D6ADA7DFFAD663C789FFAFAEBCFFDDE966A7B759380C49B2547654FB2FE8E21762CB0017204801C01E4A59B34DC755ED5D8F8B95AB7EE35151BFB5355FD51A57A70FA7D5E555A5AAC865C7EA97A7D75AA6A68F8ACD9EDA9B657370848BC4F932D5BB83FA3E966810D902300E408202FDDA4E1FE8753DF7D774CBDB5215D0D1B1AAB6AAAABD47B65BB55EEE68D2AF3CD3FAAB4D757AAD4575E329BF134BD7BF995575EAED2D357A86FBFFDC2EB3EA8B6579407C4B7D96EED72B0C006C8110072049097686BB88F39B575CB26FD5BDBD264E7E56D566F66A4EB467BC5F225EAE5C58B54D20BCFAA67E63DAD0FA0B6F8A585EADA6B46A88D6FAFF1BA0FAAED15C5014968A5A9B6AFE73BDD2CB0017204801C01519A970166DD67D65AB3AACDAAB39E7083599F989569D64C6BBA286EB8FFEED463B37EA78F442E8DF5B2D4C5BA96BC9CAC92172D50CF27CE53FF3BF749F5C4EF1F513367FC563DF9C4A366B39DA97E37F37EAFFBA0DA5E51FA86D2D6669A2DDD2CB0017204801C015198977166E55A4DF62B66DD66D620B34EB7AE97BF31562390644D976FD684E86CB8BF704A1A6EF909B0DB6FBB59BD91F6AA6EB4A5F97E76FE1C3577CE13EAB967E7EAA65B9AF031A313D4E69CB7AD86FB0BAA1D15856F28F146705BAE839D1EACE000E408204700C2342FD244679B556E35D3BD82B8AD3404F29BC95BCDBA20BA1AEEA34EEDDDBB4D3DFAC80CF5CBDBC7E9865A7625F757717143D4AF278CD75BBB4B4BDFF5BA0FAAED15656F28EDDD622DB7ABA3E966810D902300E40888DCBC8C37EBA0E1DE45BC5707EEE73EEB7EA2656BB7D9F87DEE55AE6FFEA6BEFCF25395F8DCD32A61D4756AC4F02BD5D0A157A8B82B87A8A166A37DCDD5C3D503F7DFA38E1DFB8B9ED6F7F654DB2B8ADE503ABA7B38BB97B3C006C81100720444685E64255EBE931DD749F777A9757F93A3A3E13E42755145C91B4A6B07480BF5FD80151C801C01E408202F2132DE6A8E633AF97E63ACFB8DF42DDD66E3F719D54515056F289D7DB471B674B38203902300E4088890BC48532CBB7FC79DA0FBBFD4BAFF4191DD701FA6BAA822FC0DC5F78067DF33EB4EEB6F307C6FC781D458C101C811408E0044405EE448E4334FF063C877BAB74676C3FD37AA8B2A82DF507CB7444BB3BCCCFA7F9605D17407BA1D4D372B38003902C8118030CE8BFCF4971C8DBC77081E6B8F11B9BB969B8DDF21AA8B2A42DF50FCEDF67DA7F5BFA8209A6ECF66DBAE891ED7F39D6E5670007204902300619A97DC10AEA84B0312A95BB9CDC6EF20D54515816F28819A607FCD734B4DB7BFE953FD4CCF77BA59C101C811408E0084595E0618EE039AF50AE163561B9D7F60B68E7EE030A26D0DF701AA8BAA8B02D2D6B111A8D94E08A289F6D774B7B5D9F66DBAD9BD9C151C801C01E4084018E445BE57BD38C48F99689CF8EF8B07FBC22BABB98A6BB9E1FE6B874AEE23337399733A27274D9FAEAEDE1EF036E5E5EFA83D7B36AB92928D5EF7E379DEAE7DFB76A8934F3EA94DCF63FCF89B9A5DB666CD12BFD36767AF56679E7946BBFFE79494799DF2DA85F1D8684FD3DB5AD31D6CB3EDF9F89F196CE96605072047003902D0E579596BD66D217E4C6904B2C2B0E1B62BDBF0BF55D36CFC6A83AE9E3D7BAAE4E43966335CACEF3F31F171E7B434D3D238BB9BD95AB3F1DEA6B2B2563ACF65E3C655BA319E30E1167D5A2EABAD2DD57F655A7F8F27D79D724AEF80CFE7D0A13D7A9A0103FE59DF67FFFEFFA4D2D25E349BE2FF55175DF4AFCEE31C3B56D9EC7E2B2AF2544D4DA19EE6D65B7FAE264FFE95337D7171969EAEB07083BE6CD2A45FEABFF23871713FD5A7A5366C58AECE3BEFDCA05FC72E6EB85B1B1BBECD765B9BDD404D778F7636DB36BED3CD0A0E408E007204200CF222BB775F10E2C78C31EBD3306EB83DB76A8EF06EB83F6D77C9ED67CC98A20E1FDEABCF1F38B04BFFCDCBFBA3BEAEBEFE237D5E1A72BB69CECA5AA1C68EBD414D99F29F66B3FAAAD3081B7A0BF7DB7AFAF2F23FEBE6574AA691E6B95FBF1FEAC7B26F3371E26D7A5A97EB13DDF0CA6969B40B0BD7AB6BAF1DAAE6CD7BD8798ED278DBCFF9C891F7D4B06143F4FDD8CFCB7EDE86DE5A9FEA9CCEC858EA9C5EB366B1731FB2C55D6E6B9FFFFEF77BA9C71FFF6DBB5EBF301E1BED69B65B6ABAAB3AD06C77F4F980151C801C01E408202F9DA4CEACD343FC98F2780D11D0707B6ED58C7337DCFB83AE828235BAA9CDC9596D36B373D569A79D6A36CD1FE846F48E3BC6A9D2D28DAAA9699F33BDFDB8326D5D5DA54A4F4F5103079EAF162E7C5A5F2ED3CB5FB9CEDFE35D78E18F556CECA5019F8F3CEEE8D1D7A949936E371BE9956AF1E2797A0BB434E8F66572FF6969C9CE6DE4F9C9659595F9AAAC2CC76CDCFF4F9FCFCE5EE53C67799E72BAA1A15A9597E79ACD7A992EB96EE5CA17F4E99A9A6DBAD16FCFEB18660DB7EFD8E8E816657F4D77479A6DDFA69BEF74B382039023801C01E4A51B8554456229F5977695DCB6AA2A5FFF9D37EF21B3F9DC6BED1EBE435F2FE73DA74D4A7A42EF8A5D57F7814A4E9EAD2F9B3AF5D7FAEFAC59F7E9DDD4033DD6F186BBF975F6E3EEDF5FA4FF8E1D1BEF34D95959CBF58701FBF615AA8A8A3F7BDDEE8927EED75BDC6FBF7DB4DAB265ADAAAE7E57DFFED0A15DCE73CEC858E2F53FA4A52D528D8D1F5B5BC297EAD3D9D9AFEAC768EF6B18E695D4C14CC86EE4BE5BB6ABACCB3B22C9BAAF3E2C6359C101C811408E00F2125A6CE10EDC40ED34DC5B2CED23B89B8DDFBEA0AABEBE525D7EF94FCC867685BECF3BEEB8499F2E2BDBE434A2679D75A63AE79C1FE826586E23975F72C9605550F047B3D97E5AC5C40CD05BA457AD7A415FB76FDF76E7AFFD38DBB6AD5393278F57B9B9ABF5EEE452F238CB9727EA695DAE8F9B3D37FBF1EDF38D8DD5FA32B90FDFE92A2A729DD7E5E8D132B3A1BF44C5C78FF09A2623E365AFF323465CE1FCDFF2DCE4B46CDDBEF9E65141BF8EF67D86F1D868EDA8E4AD69690B775B7EA73B10B670B382039023801C01E8C2BCF01DEED69B29E378C3FD49D0555C9C6936B64BF47DAF5E9DA4060FBE40555717388DB0BBF15DE24C2FE7172F96DDC92BD481033B547A7AB26EDA6B6AECADCA3BADEF706F706ED3D8F89173FAC20B637443DCDAF392FB90E9264DBACD6C8697ABACAC65EA8C334EF39A66DFBE6DFABEA50C7D54F5552A2F2FCD6AF8B7398F6DE8DDCB577ADDB7FD3F19FAE06FCBF56969E6DD07880BFE750C93863BD0D8B09BDB3AE3C47C87BB3D4D37DFE16605072047003902D0C579E128E5C79B9A22B3C619817F93DC6CFCFE2FE8AAAD2D54CB973FA71F63FEFC87CC663B5F1FA57BEEDC19FA7A7773FAB233BD9C4F4E7E4A1D39B2CB6C6AB79A0DF7227D59636395757472F7AEE905056FF87DBCE30D77CBCF4BEEE3E187EFD18F6197BB715ED16C5AFBB16B6A0AD4E1C3A5CEF390EBAAAADE71AEF3BCEFF8F8E1BAD136F416EEFFD0A7FBF63D4BCD9831B95DAF631737DCAD8D0DDF26B7AD5B9403FDF497BFA39407D37473947256700072049023006190177E87BBE5AD963E0D774DD065E8EF6A175A4D6A9E4A49711FFCACA9A9DAB9DEDD701F9F7ED830F919AD652A23E325959AFA8CDEE5DCBE4EEE43FE6665BDE2F7F18E37DCEEF32ED747D6AEE0BB9B3D2FCFC7B52FF377BFF5F5EF5B5BB5B758DF01DFA69F875C2EBBBCCBF36DE9FF97FFA53DAF9DEFFD84F1D8F0D774B7D6ECB6F63BDBADFD4E7720430C7E879B151C801C01E4084058E46580599F04D9507494ECC61E13893348A98F83AAC6C64AD5D0506136B14B75C374F87089FE9B97B7DA99C6DDE42EF53A5F52F2A63EED72B9B72C9795BDADCF37357DE44C5350906636BCE5EAE69B7FA6E6CE7D5025263E6236C4EFAAA953FF534D9B36519F962A2C5CAB4E3BED1475ECD85EAFE76638BB94DFAA6BE3C654ABA17FA7D9FF5157F79E75E0B6FFD4CFC97E2EF26180EFFFE35B86DE6ABE3CE8D7CEDFFD44D058696D0B736BCDB6D1CEA6DBDEAD7D1CCB535670007204902300E191975C23745BC3A421D81AA93348A9EA905753535544DDEF897A9C087C4309B4A5BBADCD76B04DB7FD7834DBACE000E408204700C2282FB2825E6E84662BB7ECA23B21721BEE8FA82EAA087D43912DDDBEBB77DF6904FF3BDBFE9AEE893E8FC377B659C101C811408E0084695EF28D13FFBD6AF9BEF85623B4BBAF7772C35D45755145F01B8AEF4F867936CF6D69B68D566EC74F7FB182039023801C0108F3BCC49875D0ACB81374FF975AF73F28926790521F525D5411FE86E2BB7BB934CB138DE07FEACBF7761DFDFD6FB082039023801C01E42544C61BEE03A8C59C80665EEE7742A4CF20A52AA92EAA287843E9ECDFC5F6B7BB3A58C101C811408E0084715E2659CD71676DE9BED4BABF47A2610629F501D54515256F289DD5747776F30E5670007204902380BC84886CE9962D67F29DEE8E7CDF5ABEB37DD06AE2A36206295541755145D11B4A47770367377216D8003902408E8008CF4B8CE1FEB9B0F276ACD8CBD6B722C37D80B441D13483947A9FEAA28AB23794F61E559C03A4B1C006C81100720444515E6EB31A6FD92D7CB1E1FE09B10BCC3ADDBAFE74AB39970620D1AC6AABD19E6444EED1C85B68B8CBA92EAA287C430976B770762367810D902300E40888D2BC0C30EB01B3D65ACD7783F584E5EFA7666519EE5DD063A2790629F51ED54515A56F286D6DA2879855677DE00516D8003902408E00F2128D0D7719D54515C50149B09AE98416AEFF8C669B0536408E00902380BC4479C3BD97EAA28AF28004DAD2CD6EE42CB0017204801C01E4A5BB34DC7BA82EAA6E1010DFE69A669B0536408E00902380BC740F279F7CD2770D0DC566F3B79B0A717DF555E13E7316B8BAC130B39BEC249A6D16D8003902408E00F2D26D0C1EFCE343F9F94BCD06701715E25ABFFE85B7CD59B0B39B0CB5046B61C04F7FB1C006C8110072049097EEE1AAAB2E5B3767CE54B3012CA5425C63C75E9566B87F768E85019847003902408E00F2126D060CF841EC8001E77CE372EDA0090E6D7DD2A3478F0A7316C4B13000F308204700C811405EA254FFFE3F2C4D4A7A902638843566CC554BCD973E9785019847003902408E00F212DD069D79E669F545452B68864350F9F94BD79BAFF941B32E666100E611408E00902380BC44BFF873CE39FBEF34DD27BED9EED1A3478DD13D8FD4CDC2807904902300E408202FDDB7E93EE9A4EF1F9B37EFBECFF94E77E77F67DBDA8DFCA0D17D7F168B8501F308204700C811405EBAB5413D7B7E2FE7F4D34F3D3C65CA2DBB376D7AF1604343210D733BEAABAFB6EF5BBFFEF9B7E568E4D601D2E43BDB17B33000F308204700C811405EBAB74BCD9A63D656B31AAC194905572EC3FD3BDBF2D35F710C291606CC23801C012047007901C0C2807904801C01E408202F0058188079049023801C01E405000B03308F007204801C01E405000B03E611007204902380BC00606100E611408E0072049017002C0CC03C02C8110072049017002C0C984700C811408E00F2028085019847003902C811405E00B03000F308204700C811405E00B030601E012047003902C80B001606601E01E4082047007901C0C200CC23801C012047007901C0C2807904801C01E408202F0058188079049023801C01E405000B03308F007204902300E405000B03E611007204902380BC00606100E611408E0072049017002C0CC03C02C811408E009017002C0C984700C811408E00F2028085019847003902C811405E00B03000F3082047003902405E00B030601E01E408003902C80B001606601E01E4082047007901C0C200CC23801C01E408007901C0C2807904902300E408202F005818308F7809007204902380BC00606100E611408E0072049017006061C03C02C8110072049017002C0C984700C811408E00F2028085019847003902C811405E00B03000F308204700C811405E00B45B9615FE966A272F130B6C801C012047007901109C2166B95A69B8C7F032B1C006C811007204901700C1CB6EA1D92E32AB172F110B6C801C01204700790110BC212D34DCE37879586003E408003902C80B80F6F3F75D6EF9EE365BB7596003E408003902C80B800EF0F75D6EBEBBCD021B204700C811405E0074824C83ADDB2CB0017204801C01E40540A78BF368B8137839586003E408003902C80B80CE637F979BADDB2CB0017204801C01E40540271AC2C2800536408E00902380BC00E19F2AA57AA7A4A4CC9C3871E2DED8D8D886DEBD7B07FAF92D2A88EAD9B3E777E79F7FFE67C3870FDF68FE1DC9029B1C51E4881C912372448EC81139222F4037B26CD9B27B468E1C591F1313A3E6CC99ADF2F3F35443C357E6B2FA3BAA8325AF635151A14A4C7C4E0D1C38B0B17FFFFE7BCD97FC625670C811458EC811392247E4881C9123F20244B9D4D457D6F7EBD74F2525BDA05CAE467361D2449DC04A4E5EA4FAF4E9F3D5A9A79E7A132B38E4882247E4881C912372448EC8117901A278A17CC10517A8A2A2EDE642E35B2A44555E5EA6FAF6EDFB0FA37BFC7EB8224714392247E4881C912372448EC80BD0AD2C5BB6F41EF904B4A8689BB9B07079D5D2A52FA9316312D4A851D7ABEBAFBF46DD103F52252F4A6A361DD5FE2A2FDFAB4E39E5942F8CE8DF9D4F912372448EC811392247E4881C9123F202741B72208D9123AFA94F4A7ADE3CF98D57AD58BE548DFEF92875EB2D63758D1D73A38A8FBF560D1D7A855AA417CEDF509D548989F33FEFD5AB571E2B38E4882247E4881C912372448EC8117901A2444ACAC29931313F522E57BDB98068F4AA8451F17A817CC30D239DFAD9CFAE53C3875D692E9C639B4D4F75ACCE3EFBEC4FCD5912C70A0E39A2C811392247E4881C912372445E80283071E284BD73E63C692E18BE6E562386C7A91716CC57596F65A8941793F427A0578D18AA2F97D32ED7977E6F47B5AFA64DBB77A7394B1259C1214714392247E4881C912372448EC80B100562638734E4E7E7980B86866675F7DD13D5C1BF7EAAB66E794765FF69835AF56AAA5A9FB9467D5CFDA1FA9FA993D5B7DF7EE9F77654FBEADD77730F98B364272B38E4882247E4881C912372448EC8117901A240EFDEBD5543C3E7E682A1BE593D36EB21555CB445ED28DEAA76EF2AD125A777ECD8AE1E7BEC21BFB7A1DA5F321FCC59E26205871C51E4881C912372448EC81139222F4094BCE928F565B372B9FEAE66CD9AA9A6FC66922A292954E5EFEDD1B56BD70E35EDBEFF56331EBC4F7DFDF5E77E6F4BB5BFA27CA1A6C811392247E4881C912372448EC8117901BA59C35DE7558D8D9FAB75EB5E53B1B13F55D51F55AA07A7DFE755A5A5C56AC8E597AAD757A7AA8686CF9ADD9E6A7FB182438E2872448EC811392247E4881C911720AA16CCFF70EABBEF8EA9B736A4AB614363554D75957AAF6CB7CADDBC5165BEF94795F6FA4A95FACA4BE6423B4DEF8674E59597ABF4F415EADB6FBFF0BA0FAAFDC50A0E39A2C811392247E4881C912372445E80A85A301F736AEB964DFA371965619C97B759BD9991AE17C82B962F512F2F5EA4925E78563D33EF697DA08DC52F2D54D75E33426D7C7B8DD77D50ED2F5670C811458EC811392247E4881C9123F20244D582F9EF4E3D36EB77FA8895B2005E96BA58D792979355F2A205EAF9C479EA7FE73EA99EF8FD236AE68CDFAA279F78D45C2867AADFCDBCDFEB3EA8F6172B38E4882247E4881C912372448EC8117901A26AC1FC8553B260969F8AB8FDB69BD51B69AFEA05B22CA49F9D3F47CD9DF3847AEED9B97AE12C0BEB31A313D4E69CB7AD05F3175427142B38E4882247E4881C912372448EC8117901A26AC17CD4A9BD7BB7A9471F99A17E79FB38BDE0955D8EFC555CDC10F5EB09E3F5A7A2A5A5EF7ADD07D5FE6205871C51E4881C912372448EC81139EA2259D6736EA9761A00825D307FEE55AE6FFEA6BEFCF25395F8DCD32A61D4756AC4F02BD5D0A157A8B82B87A8A1E602F99AAB87AB07EEBF471D3BF6173DADEFEDA9F6172B38E4882247E4881C912372448EC851171962B87F3BBCA5867B0CED1310F482F9081526C50A0E39A2C81139A2C811392247E4A80B65B7D06C1799D58BF609087AC1FC191526C50A0E39A2C81139A2C811392247E4A80B0D69A1E11E47EB04B46BC17C980A938AE2958004EB7F4B204714392247E4881C912372448EC29ABFEF72CB77B7D9BA0DB46FC1FC372A4C2A4A5770E2CDFAC2AC24EBEF187244912372448EC811392247E4286CF9FB2E37DFDD06DABF603E44854945E10A4EBCCF4A8D6C51F82C0A17DA8C5F72448EC811392247E4888AA61C651A6CDD063A6BC17C900A938AB2159CF8005B10E2A370CB02E3971C912372448EC81139A2A22947711E0D77B47E050308D582F900152615452B3809ADACC4D8D72790238A1C912372448EC81139224761C9FE2E375BB7818E2D98FF4A854945C90A4E5B575EA269CB02E3971C912372448EC81139A2223D4703CCBACFACB566559B556FFD0F0D667D62B877339F694D07A0ED0BE65A2A4C2A0A5670E283DC5210ECF4E4882247E4882247E4881C91A3CE253FF7956B35D6AA8D956FD6045A29A04D0BE64FA930A9085FC169EF1602B95D5D84AFE4307EC911392247E4881C91232AD27214635676104DB6BFDA6AD605B454408B0BE6FD54985404AFE0747477BC48DF9D8FF14B8EC811392247E4881C519194A3F186FB48FD9ECDB3CB6AC0279B75B1597DAD69FB9835C8BA8DEC6EEEBB255C3EA8626B371078C1FC172A4C2A4257705A3B204DA8EF871C912372448E2872448E287214D818C3FB77B6E574A2E1DEE2DD16FDACE97D7FAB7B32AD15E077C1BC8F0A938AC0159CCE3EBA6BA46E5960FC922372448EC8113922475424E468BC4FA35C69B8B766B787DCAEDCA7E9664B37D07CC1FC499B4BA6DFB66DADAAACFCB33E7DE0C00EBFD3E5E5A5A9112386A8C993FF434D9A749B576DDCB85C65652D532D3DB65C376DDA9D6D7E5EAB5727A9F3CE3B37E0F53535EFEAFBACAFFF40D7860DAFA88103CF73AEDFB76F9BD7F425251B545959B63E2D7F1B1B3F6A56727F0505E9CD9EF7F2E5CF39E7EBEA2A827E7D2368ECF81E60E67B66DD69FD0D86EFED22F1C035E4881C91A310E7883AB1458EC8111595398A31BC772397EF5FF7EDE07DCAEEE6B986F7EEE58368B100AF05F3FFB5A94A4BDFD241BAF9E6517A655F4EDF7BEFAFF5E933CF3C432D5CF88433AD9C97E93C6FDFBFFF3FA96BAF8DD3A71B1BAB544B8F2DD7DD74D30D6D7E6EFDFAFD505D7D756C8BD3486320D35457E7EBFB8F8F1F6E362CA9CEFFE25EC1F77E0E05056FE8BF1327DEA2B66CF9A39E46CE3FF5D4FDEA8E3B7EA172735FD3D39694ACD7D72F58F098BE5E2ECFC858AC2EBAE8427D9B7DFBB6EACB172F9ED3E2738CA0151CDF4FFE65E56499F5FC9705B19213E87691B692438EC811390A618EA8135FE4881C51519923CFC6B8B2139A6DCFA6BBDCA79107707CC15CD36A1D3B56A60374F9E5173B97C9F9CCCC97F5E93D7BB2BCA677370A3FF3BA2C3D7D91B952BECC5C69DE62360A1FAA961E5BAE93C622D0F54D4DD5FA3EEC3AE38CD3D4E8D1239DF3478FEE568585EB9CE94B4A327533515C9CA12EBBECDFF4ED7BF6ECA957E4E5F9D4D7BFEF4CEB727DA4FFCA6532BD3C97C38777AAD4D467D469A79DAAFF87356B92554CCC00E73672BDBC06F6E3CB6DF6EFDFA6FFCAF4F6EBE7FB3AF9FBBF2370E5C6B0B60878EE4ED496951CCF951BBB267A5C1F49DFA12347E4881C85284754688A1C91232AEA7234CEF0FECEF6C59D7CFF171BDEBBAAB36B39707CC1FC718B5557F79E1A30A09FCACA5AAA4E39A5B77AFCF17B556EEEAB3A4C9326DDAA4F9F7B6E7FAFDBF4ED7B96CACE5EAE468DBA4A4D9932DE5C594ED5D39F76DA2966C3B0505557BFA3023D7653937B375369365A7A4EB2ABEDD8B1D739CF65C2849BF469A979F3667ADD7F69E97A6BE57DAB3E9F93B3529FB71B8123474A9D692B2A36E9CB6A6BB7ABBCBCD5CEF5EEC668B19E461EC3F7F9C9F577DD75BBAAACCCD1A71B1B2BF5DF7DFBDCBBE1CA7368EDB58E80159C402B1DFE56565A5AC9F1377DAA9FE923E53B74E4881C91A310E4880A5D91237244455D8E3CB76E279EA0C778C6602B37E06FC15CDD62D5D595E9BF1B37BEA21B829C9C15E6CA6F810E5361E11A555EBE519D77DEFFF3BACDF12D73EEF37979AF59BBB7C6EBF38D8D1FA8408FBD67CF5BD696B973CCA6A1AAD5E72725D3A7A7FFC139BF61C3CB2A26E65F9CF31919296AE0C01FABAAAACDEA924B06A9D9B31F70AE2B2E5EA76F2F5BEC3CEFEF77BF9B6C36347FB69A06F756B659B3A6EAFF3D2D2DC9B97F797D6263FF5D4D9B36D16C0632F5E3C834A9A9F3D459679D6936193BF56DEDD7B1B5FF23440BDC111D58B9490862A5C5DF4A4E5B576E7C5772BA6277BEB6BE56E4881C91A310E4880A5D9123724445558E0618C7B73EBBACF327821CBDDCF327C36268B500BD60FEA84D9599F9923AF9E49374C3B06AD5737A57D2871F9EA2CF7FFFFBBDF45F7B5A77A370833EBD6F5FBED324D8D3343656A8408F2D978F1E7DADB902BF569F6E6AFAB0C5E765DF7F65E526E732D9923862C4E55ED365652DD1BBCC4E9FFE5F6AD2A45B74C9F391DB6664BCE8F7791C3A54E8DCB7FC9586406E234D8CFDFF49B95C95EAC081EDCEF9D2D237F5F3B6EFFBC89112EBE058DB5BFC5F42B460B61F4716D0716DBC4D5B57325A5BC90976E5C6F3F13FEB822D0B6D7DADC81139224721CC1175E28B1C91232AAA72749FC7745927F8F9ACF578AC99B45A805E3057B558070E6C53B9B92BD4B5D7C6AA1B6FBC5A9F9E3BF7011DA479F31E5453A6FC87BE4CCE9794ACD3B7B11B85CACA6C6B65BF526FC992FB90EB1B1BDF57FE1E5BA693CBD3D216E8F3727AC182475A7C7E32CDFCF9339B5D76FBED095E976DDCB8547FD7D4BEFEEAABAF704E6FD8B0D8996EFFFE023DAD5CDED0F09EFE5B5595A3F2F25639CF3B31F121B389D8EEDCA6BE7EAFBEDC7E7DECDBC8DFECEC54E7713233535AFD5F42B860B62BBB954F4683DD8D2ED04A4E8F76AEDCF86ED108E54A4E5B5F2B72448EC8510872E4398FB76D7BC3C986E4CBDF7432DEE443A3C9936F773E203AFE41D1529595F5B2DF0CD5D66ED1B7F57C3CC9A9BFC7282F7F5B5FEF727DA0EAEAF638555DBD597F68D4D2FF218FE3795E325053F3E716FFEF9494275B7D6D1E7EF837CE69CFECECD9B33EA8D7981C45778EDA3206ECE5AD9CCEC959A64FCBD80E741BC9838C33FB7DCCBEADEFF959B3EE09F81EE4F9BE2065BF0F1C39B2A3D50CD925CFD5F379CAEDE5EB53819EB7BC4F1D3DBA531516A6AB2D5B5E57D3A6FD5AFF953DCF5ACB7184E4C8B3099E74829FCFF81036F740A434DC1FB6584D4D1F982B1215CE7959E9902D7437DD74BDB5F06D7E1B690A2EBAE802BDB03B7AB4C45C60BF68ED5E7AB7BEBEB1B15CF97B6CB96CEAD45F39E7ABAA3679340ECD1F47763B95C7F1773FAB563DEB7599AC58FDE427FFDAEC7AF70AC92BCD6E3F6CD865E64236435FB77F7FBEB5F2EF7E3EFDFAF5D5D7D9D3DBFF4F6EEE72E7F695957FD27FB76C59AD2F97D37979AFB6F85A77D182D9F393D1111D5CB9696925A7AA032B371D7D3E27FAB52247E4881C8520475232660C7DA4FF1BCCA6798975A4FFFFD4A7DD47FA7FCC99F6F85E22C76F2F7B56B83FB40A9C217B1CC963D5D5EDB69AD5CC80D33DFEF8547DBAA464AD3A76ACD4B9CDF8F1A39DE98E1C2956E9E92FE84C4816972F9FA7A7B19BFE29537EE964DC5E56C8CABFFC5F9326DDACFFCA5E27717197E8D3521B36BC647D15C5FBF9AC5C39DF39BD66CD1F9A9D6E4B91A3E8CE51A092BDAE92937FAFF6EDCB733E18B54F979767E931EE3EF6C687FABDC91EBF863EB8E5123DE6274CF88593CDDA5AF7F137DCCDAFFF316ABF37C8F2BEA0E035EBB81D795ED3CF9EFD5BAFF741C98BFD18F67D05CAB0DCCEFD215D9AD7F592D3B2B20DFABA279EB857FF6F86FE9A57BA5E36D8CB07C96D7B5FCF30CA51B5C7E5179FE0E733C8E3B13EA5D502F482B9B24D555DEDFE84B1A2E26DBD9093DD42ED85A4AC0C34355538D3BA5772E29DF3870E6DB316D66FE9F38D8DEF29DFC736F4019B7ED1EC71376C48B18EEC7C91AAAFDFE35C2ECFE1ACB3FE3FE7FC912345E6827FB1B9B05E65AD94AFF4BA1F790E2ED7FBE60A47926E74CACAD6EBEFA18E1E7D8DAAA9D9DCECB9A4A53DAF0F5A75ECD84EEB08CBDBF5E3CB69995EFE26253DAAA76F68D86B6DED1BE2F1265360BD69BC63BE193C633655A9ADBEC65DBC60F6FC6434AE133EC1F7B792D391951BDF959C84307AADC81139224721C8913D8E641C7BCE6F590997D3EEA6B8326086A464E559C6978C297F199231BD7AF5737A5CCB74729042F97BEEB9FFACE6CD9BEE35AD64D1BEBDA1B73E3FA14F9F73CE0FACAF63F81F9F727FF6695916C85F79CC0307B6585BF28A9CEB256BF66D25738989BF73CECBD750DCCD7EA55E8ED8B9B9EEBA389591B1C86A74729CFBAAACDCA8FFBFB62CABC851F4BF1FB536FF67CCF82FBDCC96F33236E5AFBC27C875F6FB888C47392F070395F78EB163477A35C376664B4AD6E8F70FFBF2254B9E56175EF8233D4E172C78D83A46C72EEBA7245739CF43C6ACA1F7F0AAB03EB0B5F76AD9A2B321EF6DBECF5DDE5BE472B97FFB83DAECECA53ACB727B7FFFABBD0CB17362BFEFD8B7EDC8EB182663E32B8FF37D4FF0F3E9E3F1580DB45A805E307FD062D5D6E6EB1596A953C73B976DDCF8B2B93232D0392F2B0AF60A837D5E5688A64FBF5337119E25B7B557FE65DAC387B7E99586C2C2B480CF41AE73AF7CE79B0BF9DD7ACBDF534FDDDB6CBAD2D2B5CE279F9E9797976F50DBB6ADD65BE6162C78C8EBBA3D7BDE74DE583CA79715B5BABA5273656593BEECC08177ADEFD05EA7CFDB974B3534D80D448E3E9F9BBB4CFF35F4774F17B6FA1ADBD5868566A82BA983E3AB879F2D0955D6E51D91146EAF15392247E4E8C4E648C6D18001FF64AED4BF641DE9FF1E3D46EC0FABE4B434C59EB7711FE97FA91A356A84D504BCEC71A4FF057AFCF93EAEDC8F64C9F7F18F37EFEEF3FBF7E7390DB1EC21121F3F545F9E9696A84FCB5F799C4387B6361B9FF23C1A1BCBACAD670B3CB67027EB2DF09E99901C1D3952A8CBBD356F9E3E2D39F19CD6F3FE651AFBB47CA0662F2BECD7CBDDA490A3EEFA7ED4521514BCAAF700C9C97945A5A4FC5E8FE163C74AF4873D77DC3146BF3F3435BDDF6C9CC8B4925119CFB2D7D4C285B3AC2DCC6BAD66BAD4EB3632BD9C76B9CAF51897CB5253E7E8C7AAA8C8D2D74976DC1FDC26AAC183CFD3CDBC7D7BFB7EE5BD474E7BFE0FF27EE8DE529DD66C4CCBF3F337D6172F7ED2790FB2970BF23C827DFF89801C85EAA8E9A17E3C20DC1BEE8AA0ABA9A9BC5DB7A35AAE2EFE2474A7B5F5A097355D6B4781EDC81685B6FC2E6A386F51F07DADC81139224727384775753BF5DF8D1B17EBC65A1A827DFB72AD15EBD7CD95F6F5EABCF30678DDE67893EC3E9F97B7C2E3039F0AB3E9DDAB7C1F373737D56AB82B5ABCAF03070AF474F673D8BFFF1D6B97F6479D69CACA32AD2D762BF5636566BAB73A2F5F3ED76C381EB71A919D56E3FE82D9486FB70E34B8C56B3C4BC3613F57B90F399D9DEDDEFAEE6FFC4BC3633F7669E91AE7F2CB2E1B4C8E783F6AD3BCAFAADA681DBBE001675CD6D6E6E9EBE5BCE7B449490FEB0FC3642C27273F667DAD69BCF55DED297A37757B7A7B1CBB1BDB6CFD019A64DAB30CBDFBF76A3DBD8C73F970C9F3F1ED4CC96DE543B561C32EF57AFEF6F3B5EFC3F3B9BA9BE7E3CB94F4F4E7F5E5B7DE7A835E86B8B79EBBF7ACB233E4799B087E3FAA630B37D0A50DF7FB549854172D987DDFAC7D5726EA8C13F39DB9F6ACE474F577E602BD568C5F72448E4294A3CCCC85D691FE5F52AB563D63AECCF7500F3F7CB73EEF3ED2FF4BCEB4679E79BAD9245FAF4FEFDBB7D969B6ED691A1BF728DFC7CDCD7DC5DA0A9CACEEB863B4BAEBAE9BF5F4863E18D9DD5ED31E3D5A68ED365B6CAEE4CBD72DCAF47DDA9593B3D45C79CF6F363EEDC77737D00BADADF4E3F4E96DDB5E6B36FD88113F759EC3E4C9B7EAD3EEA3FC5FEF4C575C9CA6264C18E334239EF76F9FCEC8F80339224701ABBEBE545D7EF9BF39634DC6BF9C2E2B7BD3194BB2C7C439E79CADF6EFFFB3334E644F2D1973C9C9B3F49E53A3475FADB369E8DDB2373B7F65FAD4D4D9D696E9755653FC9ADFB1678F5B3B6315151BF47969BAEDE7664FBB7AF57CAFDBD7D4B8B750CB8700CB97CFD15F535AB2E449E7715B7A3C43EF529EE5DCAFA1BFC695190DEF477C871BE8DA86BB3CE4E5FE847F8E73BEAE6E47ABD3AF59B3C039DFD8B8DB3A90D2ABADDE2E25E5B156A791152ADFFBCEC959D225AF4B0817CC45668D0BB062D3914FF003FDD48ABFA3C206B392D39547856DEDB5EAD431909DBD5867424E1F3DBA3DE074E3C7DFD8624E3CEBC0813CE7FECACA32F44AD4860D8BF4A7FAF6CA5546469233FDB5D75EA16EBC7184B99294A3121367E892D3BED90DC7DC91A3E8CC918C616986EDB129A7E7CE9D666D85BB5F4D99729BD32C9794BCA16F6337DC95956F59DF032D331B82FEFA3E3CC79DE7E3D4D6BEA357B0F7EFCFD5CDBC9D33C9CEE1C35B9CE9E4BEE4B6D2FCA7A7279A2BF9D96AD6ACDF388F252BEB478E6C359B989DCDC6A7DCB7FC3F721F9ED93D76AC485FEE3BBDBB1928F768D6CBF5FF2AFF9F3D9DCBB5D7596ED8CB01DFDBCA73B31F931CF17EE4AF8A8B5F773E0492312CBB7257576FB40EE6B7D76B4CD9E364F1E2DFEBB1276357B2204DBBE4C1D07B6B14389994B127EF0DF65894DBCBFB908CE949936ED265BF1FC9F50D0DA5CEFC91E90A0B57EBAF6F6CDBB6CA6AC2D75BCD7C8ED7FF60E7CED05BD137EAEF72C7C7C739635FEED777ACCBE3C97396BD46E4B9CE9F3FDDDACDFDE968793FE228E540D736DCEF85AC4A4AD2CC2679A55AB060A6F57DB2A5E64AFE0BE602F47C73257EB6B9D0DC642DBC1FF7BA9D5C969CFCA83EED72B9B748C89B80EFFD1716BE662EAC53AC85768AFE74332EEEDFF569295960BB7739F4BE6F59F1AFAB2BD6CF4DCAD0BB43FDD2392DD785E2F509D182B9A52D081DFD24BFB5DF356DED775103196274CDEF9EB6F5B5EA94F95F559565359D2F3BE3A1B434BDD974870EE53B9FDECBB8EEDFFF872A2DED59BD22235992CBDC5BDD0A9DDB24263EA87F3FBBA6E64FCE65329D1C29DCDF73912D18B282E26F8CA6A73F17D6B92347D199A3A6A6BD7AF96F9F9F37EFB7D691FE473A99F12D69AE2513D5D56F9B0DF336B351F88375A4FF49FAFAC6C65DCAF371F7EC59A33FF0928641A691C774370DF96613FEA6B912FE807E4C7B7ACF8C555464EAE9ED3128EF6DBECF47F26CE8ADEC23F57392C7B2F32AF991AC48C3E33B9E258BF6749327DFA24FF7EDDB47CD9871A7DFF1BF72E55CE7B4FC4FF2DE6BE85D65DFB17617CE2247BC1FF9ADDADA3FEBF53143FF4CD7037A9CCAF25B3EDCB2C785E4C877FDECC8912D7A1D4EDE1FE4323B5B727B43EF75B1DC6C6A3738EB70AB573FD3E2D8B31FC3CE983C2F7B1D51C6B1E4F1F887BB81EF471EF3F8876CC7DFB3ECF549C9A0FB03EC04AFFCDA99B11F53FE46F8FB11BFC30D746DC35D16B23A7CB840BFF9373696EA727FD29F637D6AFFA25EB0DA2B089EB7B3177E478EBC6BFD4CC5837EEFDFFDC97EA273DE7D44D7E3D3BA8FE83A459F6E6828515959C9FA3673E7DE67ADE017990BF10CE7F1ECE7D9D4B42724AF8F11DE079768ED13FDD6566E8C76AEE4D8BB118E8BF61CB9B7D4FDD6392F5BAFA401F59CC6E5DA6DAE942FD4A7A5D12E2C5C65AE480C716EE75E0199E5759BFAFA1D5E2B0E999949FA3BB013278ED597D9974BC360DF46569A64D741693A8E6F7978D15A81CAB28E6C1E9EB92347D19D23197FF6789531191B7BB1F33E22E3D473DCB8B7705FE79C3F74C8FE79A30C7DDE7E1F92D3478F6E75DE7FE4C3A9DB6FFF59B371653FB69CAFAD757F775BB22479713706C7A77537DC65D6D1F90B9CC7DEB265458BEF5DF6F481C6B6FCCFFEAE93C7B71B6AC9B8BC0E867310AD32E7FF36F4AEF1779123DE8F02CE777B6CCB7897F71343EF1DB2C7B95EC697E7F4F21D6A199732E653539FD21FD8FA664696FB9EB791B128EF5F77DCF1735DBEEF339595EB9D4CCA07C365656BAD5FCE48759E9F6C9C31F4D6EF857EFF0F3BC30307C6A8CB2E1BE475DDFCF9F77BFD9F72B99D99BBEE1AE74C27CFC3D0BBBEBF1AE9EF4703CC7259CFC7659D3F11FA19EEEF6DDBFF7B0CAD16A017CC7B435AF6C2ACB232D3FA1474A7D50C645B5BF4D2FCDE66F5EA79D6016202DF7743C30E7321BE4E37E67673BE72E51C7DBAA6E66DDDA0F8BBEFB163AFF13A2FF7216F04EE159FFC90BE36613E5E026D5968EBCA4DB02B39F6E38D8BF61C19FA3B6937FABD7CC488CBBC2E938676F4E8ABCC95935FE89593C58B1FD35B9467CC98E85C66E8032D3DE3DC4759D91A7345E5157305668BD9FCFEC6FA5997623DCEED69B2B216398F215B347C1F57AAA969B7932DB9AF70CC1D398ACE1CD5D66ED6CDB3FB4328F76532D62FB9E45F9DF3F23E61BF5FD8E7656BF5F4E91374363C4B6EBB61C31F94BFC795F7A369D37EA51B072977037E83DFE7649F96C771EFD9E1BE5FF92B75F5D597377B5F93EC48032039966924FBF2BE28A7870DBB44E5E62E0938B6B3B35302BE46729DE7FBA8BB393F7EDDA851C3F463B6255FE4A8FBBD1FC9FA982CCFE5BDC05E0EBB9BDC57BCC685E77B85FB83D2D7F569976B97F37E63BF5FD8D314142CF3BACD820533F4F481C65E71F16B4E16E5AF7CC82BEF27723F8307FFD899561ECB1EF3727F921D69B03D7322FFC7C30FFF97DE2B44EAA9A7EE71DEBFECAAA878D3790CCFE7B170E143CEDF28783FCAF518E38927E8319EF1788CADB45980B360DE1392AAABDBAEB7444C9B365E2F186581B86FDF9F546AEA937A2177E44881B5B56BBB9E5ECEDF7AEBF57A1A43EF66FB925E495AB2E4719598385D5F9E97B7D45AF17FD7791CBBD1686C2CB13E897D419F9685AFBB613FFE9C5CAEE3DF0F92DBC88A956C2D2C2E5E65BDA92C0CD9EB633FF7081833B265C17777BA3B8DE07FD7D4DF4ACEC420B660444D8E72735F3657CA7FAAC7DBAA557375B33B63C6AFCD9565F796606916ECB16CE764FFFE6CA76975370FC9FAF632C6251B151519FABE65BA030772BDB2619FB63FF42A2F5FDB6CBC5755AD779A7D5949979CC6C5FD44FF9506DABD05604F58E68E1C759F1C3535ED0AE932BAAB2B94FF2F39EA9EEF47A118A3E198DB13F59CC22C47E33CC6B76CE5EEEC83A75D6C1CDF8A2E3581360B7016CCBB43562ED74E73E57FB373BEB4F4757321576AED7EF7BCD94CE45BDFCFD9EC753BF727A8AF998DC4466B57A5C08FE16E1264F7A645D6F7DD6ED6A7A549B8F9E6915ED3AE5E3DD7FAE4F515B3317851DFBF7D1F7BF6BCE1B1D53134AF8F1139BF57E8FB132D9E2B2B6D59B9315AB95D287F6AA54B735457B74D8F7BFBFC860D49CE18B7B35155956936AF3BFC8E97CCCC05CE7999C6D0C74658EC355D6DED26B3015FA7AAAB37E8FB96F1EEDE7AF18ED578BFE9D1E8B63C3EA74CB945DF6ECB9665619B3B72D4FD7244F17E448EC811396A937C8F86B8D2E8BC9F08939F022B37BCB76EF73200D80BE65D21ABFA7AF76F23DE78E370B32978C96A26DEB476934BD6D31C6F228EDFCED007E578C8393D75EA6D011FC3F3F686FEBEDB227D5A1ECF7D44D7E3D32E5FFEA4DE7D6FDEBCFBF4F9868622EBFB3CEBCDE6E30FD6C1727243F6FA44D00A8EE74AC8188F95958946F03FADE27BBB8EFEDE6A44E7C8D0DF6DFE1F7DBAAE6EABD540BF1470DAD8D88BD4A44963F53897317BC619A706BCEFA626FBEB1B6F5BDF815DEB8C77437F0F4EB64A17ABCB2F1FACEFAF5FBF1FA8FBEFFF9573FF32CDE8D12374BE7EF2930BC23677E4881C51BC1F91238A1CF91563B8F70AF16C8C3BDA744BB3EDB9BBBA1CE760102D16E0B5602E0D59353616793410A5D6D6B575D681645E719AF0BCBC97BD6E77BCE12E55478FBA0F3C73CA29279B0DC996668F61E823BAC69A2BFC0BAD2D6DE3F469F7115D2738D3D5D6FE49B95C3BF4CFBEC83435351BACA3CF96EAC6C3D0DF215A19D2D727C25670FCADE474C6968AAE38FA6B58E4E8C891779C2CC8F96DDB9659CDE7E680E3E5E187EF341BE82CA7DC1F5E2D6A76BFAB56CD562B573EA5EAEBB7E9CB0A0A969A0DF2F3BA41974C55576736BB7F791E9E8F6FE803B23D1CF0B9844BEEC851F7CE11C5FB113962FC92A316C9CF7679EEFA2D5BBADBBB7BB9DCCE73CB36BB92035DBD606E68701F855CBEAF6AAF98CB0AB87BAB5B966E0872725EF4BBC092EF81CAC171EC662423E33927DC070E6C0AB8A093C7696D613861C2CF9DE7274754BEFDF678E73AF7EEB0ACE0846025A7B35796222A477636D2D3E7A9A6A6127D991CDB60D8B07F6F71BC48D3EC7B59565652B3690F1FCEF5D87A5EAA9B683B3B923B43EFCE9DE6F731162C98AE1B7543FF26E9EFDB348EBB3277E4A8FBE688E2FD881C912372D426937C9A6E392D0752EBD7C6DBCB74CFF8DC87D423B456409834DCB2554BCE7B6EE99606DADF6DA4F990EBA74DFB0FBFD7FBDBCAEDB9A0F3DDDAE76F1A791EB2C5EFBCF3FE456F7DF3DD221FAA2DDD11BA82636F09E8C86E7791B8DB5EA7E5A8B4F435FDDD6A7BECC9DF59B3EE723E886A69BCD8BB94BB77FB5E68ED9A9DE9777AF9B04A1E4BFE0E1CF823AFEB240332FE03E53629E941EB006B7F6CD338EECADC91A3EE99238AF72372448EC85150C65B635DF934DE5956432E5BAFEDDDCD65B7F141D66DDE30DCBB8D7BDEAECEBA0D80EEB660B6B71476741A16CC41ADA404BB4520D20E481336390AA7B11B4EB92347E4882247E48822476D1263787FFFBA3DB5D5E03BDB000B6616CC2113EC6E7891BCDB1E392247E4881C912372448EA868C8D16D56E3ED0AB2D19E647034728005330BE6B05DC91962B877411A478E2872448EC811392247E4881C75B901663D60D65AB33E31ABC1FA1FE4EFA7867B77F399867BCB380016CC2C98BB5082B5F292D0C2F59F45C9CA0D392247E4881C912372448EA868CE110016CC2C982368CB42B4ECB6478EC811392247E4881C91238A861B000B6616CC61B392138D2B37E4881C912372448EC81139A268B801B06066C1DCA52B394951BA72438EC811392247E4881C91238A861B000B6616CC5D26C1FADF12C811458EC811392247E4881C91230034DC140BE6CED5871C51E4881C912372448EC811390240C34DB160063922472047E408E4882247005830B3600639A2C81139A2C811C8113902C0829962C14C8E28720472448E408EC8110016CC140B669023720472448E408E2872048005330B66902372448EC811458EC811458E00B060A6583093238A1C811C912390237204800533C58219E4881C811C912390238A1C0160C1CC8219E4881C811C51E4881C51E408000B668A053339A2C81118BFE408E4881C01882E279F7CD2770D0D852C14C3A0BEFA6AFB3E7396B81895E4882247E48822472047E4084014183CF8C787F2F397B0600C835ABFFEF9B7CD59B29351498E2872448E28720472448E004481ABAEBA6CDD9C3953593086418D1D7B559A394B121995E4882247E48822472047E40840141830E007B103069CF38DCBB5838563D7D6273D7AF4A83067491CA3921C51E4881C319EC911C81139021025FAF7FF616952D2832C1CBBB0C68CB96AA9392B72198DE4882247E4881C91239023720420BA0C3AF3CCD3EA8B8A56B090EC82CACF5FBADE9C0707CDBA98A1488E2872448EC811390239224700A24FFC39E79CFD7716CEA15F28F7E8D1A3C67CFDC73004C911458E408EC811C811390210C50BE7934EFAFEB179F3EEFB9CEFFE9CF8EFF658BB1B1D64A14C8E28720472448E408EC81180EE6150CF9EDFCB39FDF4530F4F9972CBEE4D9B5E3CC8EF3976DEEF31CA4F44C8512BAD0369C8777BD8DD881C51E408E4881C811C912300DDCCA566CD316BAB590D6629AAC3E532DCBFC7283F11C1512BC911458E408EC811C8113902000000000000000000000000000000000000000000000000000000000000000000000000000000000000000000000000000000A2DFFF0FF0398BADE63642580000000049454E44AE426082, '0');
INSERT INTO `act_ge_bytearray` VALUES ('2c4fd22baeb2424fb000302503108724', '1', 'source', null, 0x7B22626F756E6473223A7B226C6F7765725269676874223A7B2278223A313438352E302C2279223A3730302E307D2C2275707065724C656674223A7B2278223A302E302C2279223A302E307D7D2C227265736F757263654964223A2263616E766173222C227374656E63696C223A7B226964223A2242504D4E4469616772616D227D2C227374656E63696C736574223A7B226E616D657370616365223A22687474703A2F2F62336D6E2E6F72672F7374656E63696C7365742F62706D6E322E3023222C2275726C223A222E2E2F656469746F722F7374656E63696C736574732F62706D6E322E302F62706D6E322E302E6A736F6E227D2C2270726F70657274696573223A7B2270726F636573735F6964223A226C65617665222C226E616D65223A22E8AFB7E58187E6B581E7A88B222C22646F63756D656E746174696F6E223A22E8AFB7E58187E6B581E7A88BE6BC94E7A4BA222C2270726F636573735F6E616D657370616365223A22636F6D2E7468696E6B67656D2E6A6565736974652E6D6F64756C65732E6F612E6C65617665222C226D65737361676573223A5B5D2C22657865637574696F6E6C697374656E657273223A7B22657865637574696F6E4C697374656E657273223A5B5D7D2C226576656E746C697374656E657273223A7B226576656E744C697374656E657273223A5B5D7D2C227369676E616C646566696E6974696F6E73223A5B5D2C226D657373616765646566696E6974696F6E73223A5B5D7D2C226368696C64536861706573223A5B7B22626F756E6473223A7B226C6F7765725269676874223A7B2278223A34352E302C2279223A3132352E307D2C2275707065724C656674223A7B2278223A31302E302C2279223A39302E307D7D2C227265736F757263654964223A2273746172746576656E7431222C226368696C64536861706573223A5B5D2C227374656E63696C223A7B226964223A2253746172744E6F6E654576656E74227D2C2270726F70657274696573223A7B226F766572726964656964223A2273746172746576656E7431222C226E616D65223A225374617274222C22696E69746961746F72223A226170706C79557365724964227D2C226F7574676F696E67223A5B7B227265736F757263654964223A22666C6F7732227D5D7D2C7B22626F756E6473223A7B226C6F7765725269676874223A7B2278223A3139352E302C2279223A3133352E307D2C2275707065724C656674223A7B2278223A39302E302C2279223A38302E307D7D2C227265736F757263654964223A22646570744C65616465724175646974222C226368696C64536861706573223A5B5D2C227374656E63696C223A7B226964223A22557365725461736B227D2C2270726F70657274696573223A7B226F766572726964656964223A22646570744C65616465724175646974222C226E616D65223A22E983A8E997A8E9A286E5AFBCE5AEA1E689B9222C22757365727461736B61737369676E6D656E74223A7B2261737369676E6D656E74223A7B2263616E64696461746547726F757073223A5B7B2276616C7565223A2264657074227D5D7D7D2C226173796E6368726F6E6F7573646566696E6974696F6E223A66616C73652C226578636C7573697665646566696E6974696F6E223A747275652C227461736B6C697374656E657273223A7B227461736B4C697374656E657273223A5B5D7D2C22657865637574696F6E6C697374656E657273223A7B22657865637574696F6E4C697374656E657273223A5B5D7D7D2C226F7574676F696E67223A5B7B227265736F757263654964223A22666C6F7733227D5D7D2C7B22626F756E6473223A7B226C6F7765725269676874223A7B2278223A3239302E302C2279223A3132372E307D2C2275707065724C656674223A7B2278223A3235302E302C2279223A38372E307D7D2C227265736F757263654964223A226578636C75736976656761746577617935222C226368696C64536861706573223A5B5D2C227374656E63696C223A7B226964223A224578636C757369766547617465776179227D2C2270726F70657274696573223A7B226F766572726964656964223A226578636C75736976656761746577617935222C226E616D65223A224578636C75736976652047617465776179227D2C226F7574676F696E67223A5B7B227265736F757263654964223A22666C6F7734227D2C7B227265736F757263654964223A22666C6F7735227D5D7D2C7B22626F756E6473223A7B226C6F7765725269676874223A7B2278223A3332332E302C2279223A3234352E307D2C2275707065724C656674223A7B2278223A3231382E302C2279223A3139302E307D7D2C227265736F757263654964223A226D6F646966794170706C79222C226368696C64536861706573223A5B5D2C227374656E63696C223A7B226964223A22557365725461736B227D2C2270726F70657274696573223A7B226F766572726964656964223A226D6F646966794170706C79222C226E616D65223A22E8B083E695B4E794B3E8AFB7222C22757365727461736B61737369676E6D656E74223A7B2261737369676E6D656E74223A7B2261737369676E6565223A22247B6170706C795573657249647D227D7D2C226173796E6368726F6E6F7573646566696E6974696F6E223A66616C73652C226578636C7573697665646566696E6974696F6E223A747275652C227461736B6C697374656E657273223A7B227461736B4C697374656E657273223A5B7B226576656E74223A22636F6D706C657465222C2264656C656761746545787072657373696F6E223A22247B6C656176654D6F6469667950726F636573736F727D227D5D7D2C22657865637574696F6E6C697374656E657273223A7B22657865637574696F6E4C697374656E657273223A5B5D7D7D2C226F7574676F696E67223A5B7B227265736F757263654964223A22666C6F773131227D5D7D2C7B22626F756E6473223A7B226C6F7765725269676874223A7B2278223A3436332E302C2279223A3133352E307D2C2275707065724C656674223A7B2278223A3335382E302C2279223A38302E307D7D2C227265736F757263654964223A2268724175646974222C226368696C64536861706573223A5B5D2C227374656E63696C223A7B226964223A22557365725461736B227D2C2270726F70657274696573223A7B226F766572726964656964223A2268724175646974222C226E616D65223A22E4BABAE4BA8BE5AEA1E689B9222C22757365727461736B61737369676E6D656E74223A7B2261737369676E6D656E74223A7B2263616E64696461746547726F757073223A5B7B2276616C7565223A226872227D5D7D7D2C226173796E6368726F6E6F7573646566696E6974696F6E223A66616C73652C226578636C7573697665646566696E6974696F6E223A747275652C227461736B6C697374656E657273223A7B227461736B4C697374656E657273223A5B5D7D2C22657865637574696F6E6C697374656E657273223A7B22657865637574696F6E4C697374656E657273223A5B5D7D7D2C226F7574676F696E67223A5B7B227265736F757263654964223A22666C6F7736227D5D7D2C7B22626F756E6473223A7B226C6F7765725269676874223A7B2278223A3533352E302C2279223A3132372E307D2C2275707065724C656674223A7B2278223A3439352E302C2279223A38372E307D7D2C227265736F757263654964223A226578636C75736976656761746577617936222C226368696C64536861706573223A5B5D2C227374656E63696C223A7B226964223A224578636C757369766547617465776179227D2C2270726F70657274696573223A7B226F766572726964656964223A226578636C75736976656761746577617936222C226E616D65223A224578636C75736976652047617465776179227D2C226F7574676F696E67223A5B7B227265736F757263654964223A22666C6F7737227D2C7B227265736F757263654964223A22666C6F7739227D5D7D2C7B22626F756E6473223A7B226C6F7765725269676874223A7B2278223A3639352E302C2279223A3133352E307D2C2275707065724C656674223A7B2278223A3539302E302C2279223A38302E307D7D2C227265736F757263654964223A227265706F72744261636B222C226368696C64536861706573223A5B5D2C227374656E63696C223A7B226964223A22557365725461736B227D2C2270726F70657274696573223A7B226F766572726964656964223A227265706F72744261636B222C226E616D65223A22E99480E58187222C22757365727461736B61737369676E6D656E74223A7B2261737369676E6D656E74223A7B2261737369676E6565223A22247B6170706C795573657249647D227D7D2C226173796E6368726F6E6F7573646566696E6974696F6E223A66616C73652C226578636C7573697665646566696E6974696F6E223A747275652C227461736B6C697374656E657273223A7B227461736B4C697374656E657273223A5B7B226576656E74223A22636F6D706C657465222C2264656C656761746545787072657373696F6E223A22247B6C656176655265706F727450726F636573736F727D227D5D7D2C22657865637574696F6E6C697374656E657273223A7B22657865637574696F6E4C697374656E657273223A5B5D7D7D2C226F7574676F696E67223A5B7B227265736F757263654964223A22666C6F7738227D5D7D2C7B22626F756E6473223A7B226C6F7765725269676874223A7B2278223A3636302E302C2279223A3331382E307D2C2275707065724C656674223A7B2278223A3632352E302C2279223A3238332E307D7D2C227265736F757263654964223A22656E646576656E7431222C226368696C64536861706573223A5B5D2C227374656E63696C223A7B226964223A22456E644E6F6E654576656E74227D2C2270726F70657274696573223A7B226F766572726964656964223A22656E646576656E7431222C226E616D65223A22456E64227D2C226F7574676F696E67223A5B5D7D2C7B22626F756E6473223A7B226C6F7765725269676874223A7B2278223A3239302E302C2279223A3332302E307D2C2275707065724C656674223A7B2278223A3235302E302C2279223A3238302E307D7D2C227265736F757263654964223A226578636C75736976656761746577617937222C226368696C64536861706573223A5B5D2C227374656E63696C223A7B226964223A224578636C757369766547617465776179227D2C2270726F70657274696573223A7B226F766572726964656964223A226578636C75736976656761746577617937222C226E616D65223A224578636C75736976652047617465776179227D2C226F7574676F696E67223A5B7B227265736F757263654964223A22666C6F773130227D2C7B227265736F757263654964223A22666C6F773132227D5D7D2C7B22626F756E6473223A7B226C6F7765725269676874223A7B2278223A3137322E302C2279223A3231322E307D2C2275707065724C656674223A7B2278223A3132382E302C2279223A3231322E307D7D2C227265736F757263654964223A22666C6F7732222C226368696C64536861706573223A5B5D2C227374656E63696C223A7B226964223A2253657175656E6365466C6F77227D2C22646F636B657273223A5B7B2278223A31372E352C2279223A31372E357D2C7B2278223A35322E352C2279223A32372E357D5D2C226F7574676F696E67223A5B7B227265736F757263654964223A22646570744C65616465724175646974227D5D2C22746172676574223A7B227265736F757263654964223A22646570744C65616465724175646974227D2C2270726F70657274696573223A7B226F766572726964656964223A22666C6F7732227D7D2C7B22626F756E6473223A7B226C6F7765725269676874223A7B2278223A3137322E302C2279223A3231322E307D2C2275707065724C656674223A7B2278223A3132382E302C2279223A3231322E307D7D2C227265736F757263654964223A22666C6F7733222C226368696C64536861706573223A5B5D2C227374656E63696C223A7B226964223A2253657175656E6365466C6F77227D2C22646F636B657273223A5B7B2278223A35322E352C2279223A32372E357D2C7B2278223A32302E302C2279223A32302E307D5D2C226F7574676F696E67223A5B7B227265736F757263654964223A226578636C75736976656761746577617935227D5D2C22746172676574223A7B227265736F757263654964223A226578636C75736976656761746577617935227D2C2270726F70657274696573223A7B226F766572726964656964223A22666C6F7733227D7D2C7B22626F756E6473223A7B226C6F7765725269676874223A7B2278223A3137322E302C2279223A3231322E307D2C2275707065724C656674223A7B2278223A3132382E302C2279223A3231322E307D7D2C227265736F757263654964223A22666C6F7734222C226368696C64536861706573223A5B5D2C227374656E63696C223A7B226964223A2253657175656E6365466C6F77227D2C22646F636B657273223A5B7B2278223A32302E302C2279223A32302E307D2C7B2278223A35322E352C2279223A32372E357D5D2C226F7574676F696E67223A5B7B227265736F757263654964223A226D6F646966794170706C79227D5D2C22746172676574223A7B227265736F757263654964223A226D6F646966794170706C79227D2C2270726F70657274696573223A7B226F766572726964656964223A22666C6F7734222C226E616D65223A22E4B88DE5908CE6848F222C22636F6E646974696F6E73657175656E6365666C6F77223A22247B21646570744C6561646572506173737D227D7D2C7B22626F756E6473223A7B226C6F7765725269676874223A7B2278223A3137322E302C2279223A3231322E307D2C2275707065724C656674223A7B2278223A3132382E302C2279223A3231322E307D7D2C227265736F757263654964223A22666C6F7735222C226368696C64536861706573223A5B5D2C227374656E63696C223A7B226964223A2253657175656E6365466C6F77227D2C22646F636B657273223A5B7B2278223A32302E302C2279223A32302E307D2C7B2278223A35322E352C2279223A32372E357D5D2C226F7574676F696E67223A5B7B227265736F757263654964223A2268724175646974227D5D2C22746172676574223A7B227265736F757263654964223A2268724175646974227D2C2270726F70657274696573223A7B226F766572726964656964223A22666C6F7735222C226E616D65223A22E5908CE6848F222C22636F6E646974696F6E73657175656E6365666C6F77223A22247B646570744C6561646572506173737D227D7D2C7B22626F756E6473223A7B226C6F7765725269676874223A7B2278223A3137322E302C2279223A3231322E307D2C2275707065724C656674223A7B2278223A3132382E302C2279223A3231322E307D7D2C227265736F757263654964223A22666C6F7736222C226368696C64536861706573223A5B5D2C227374656E63696C223A7B226964223A2253657175656E6365466C6F77227D2C22646F636B657273223A5B7B2278223A35322E352C2279223A32372E357D2C7B2278223A32302E302C2279223A32302E307D5D2C226F7574676F696E67223A5B7B227265736F757263654964223A226578636C75736976656761746577617936227D5D2C22746172676574223A7B227265736F757263654964223A226578636C75736976656761746577617936227D2C2270726F70657274696573223A7B226F766572726964656964223A22666C6F7736227D7D2C7B22626F756E6473223A7B226C6F7765725269676874223A7B2278223A3137322E302C2279223A3231322E307D2C2275707065724C656674223A7B2278223A3132382E302C2279223A3231322E307D7D2C227265736F757263654964223A22666C6F7737222C226368696C64536861706573223A5B5D2C227374656E63696C223A7B226964223A2253657175656E6365466C6F77227D2C22646F636B657273223A5B7B2278223A32302E302C2279223A32302E307D2C7B2278223A35322E352C2279223A32372E357D5D2C226F7574676F696E67223A5B7B227265736F757263654964223A227265706F72744261636B227D5D2C22746172676574223A7B227265736F757263654964223A227265706F72744261636B227D2C2270726F70657274696573223A7B226F766572726964656964223A22666C6F7737222C226E616D65223A22E5908CE6848F222C22636F6E646974696F6E73657175656E6365666C6F77223A22247B6872506173737D227D7D2C7B22626F756E6473223A7B226C6F7765725269676874223A7B2278223A3137322E302C2279223A3231322E307D2C2275707065724C656674223A7B2278223A3132382E302C2279223A3231322E307D7D2C227265736F757263654964223A22666C6F7738222C226368696C64536861706573223A5B5D2C227374656E63696C223A7B226964223A2253657175656E6365466C6F77227D2C22646F636B657273223A5B7B2278223A35322E352C2279223A32372E357D2C7B2278223A31372E352C2279223A31372E357D5D2C226F7574676F696E67223A5B7B227265736F757263654964223A22656E646576656E7431227D5D2C22746172676574223A7B227265736F757263654964223A22656E646576656E7431227D2C2270726F70657274696573223A7B226F766572726964656964223A22666C6F7738227D7D2C7B22626F756E6473223A7B226C6F7765725269676874223A7B2278223A3137322E302C2279223A3231322E307D2C2275707065724C656674223A7B2278223A3132382E302C2279223A3231322E307D7D2C227265736F757263654964223A22666C6F7739222C226368696C64536861706573223A5B5D2C227374656E63696C223A7B226964223A2253657175656E6365466C6F77227D2C22646F636B657273223A5B7B2278223A32302E302C2279223A32302E307D2C7B2278223A3531342E302C2279223A3231372E307D2C7B2278223A35322E352C2279223A32372E357D5D2C226F7574676F696E67223A5B7B227265736F757263654964223A226D6F646966794170706C79227D5D2C22746172676574223A7B227265736F757263654964223A226D6F646966794170706C79227D2C2270726F70657274696573223A7B226F766572726964656964223A22666C6F7739222C226E616D65223A22E4B88DE5908CE6848F222C22636F6E646974696F6E73657175656E6365666C6F77223A22247B216872506173737D227D7D2C7B22626F756E6473223A7B226C6F7765725269676874223A7B2278223A3137322E302C2279223A3231322E307D2C2275707065724C656674223A7B2278223A3132382E302C2279223A3231322E307D7D2C227265736F757263654964223A22666C6F773130222C226368696C64536861706573223A5B5D2C227374656E63696C223A7B226964223A2253657175656E6365466C6F77227D2C22646F636B657273223A5B7B2278223A32302E302C2279223A32302E307D2C7B2278223A3134322E302C2279223A3239392E307D2C7B2278223A35322E352C2279223A32372E357D5D2C226F7574676F696E67223A5B7B227265736F757263654964223A22646570744C65616465724175646974227D5D2C22746172676574223A7B227265736F757263654964223A22646570744C65616465724175646974227D2C2270726F70657274696573223A7B226F766572726964656964223A22666C6F773130222C226E616D65223A22E9878DE696B0E794B3E8AFB7222C22636F6E646974696F6E73657175656E6365666C6F77223A22247B72654170706C797D227D7D2C7B22626F756E6473223A7B226C6F7765725269676874223A7B2278223A3137322E302C2279223A3231322E307D2C2275707065724C656674223A7B2278223A3132382E302C2279223A3231322E307D7D2C227265736F757263654964223A22666C6F773131222C226368696C64536861706573223A5B5D2C227374656E63696C223A7B226964223A2253657175656E6365466C6F77227D2C22646F636B657273223A5B7B2278223A35322E352C2279223A32372E357D2C7B2278223A32302E302C2279223A32302E307D5D2C226F7574676F696E67223A5B7B227265736F757263654964223A226578636C75736976656761746577617937227D5D2C22746172676574223A7B227265736F757263654964223A226578636C75736976656761746577617937227D2C2270726F70657274696573223A7B226F766572726964656964223A22666C6F773131227D7D2C7B22626F756E6473223A7B226C6F7765725269676874223A7B2278223A3137322E302C2279223A3231322E307D2C2275707065724C656674223A7B2278223A3132382E302C2279223A3231322E307D7D2C227265736F757263654964223A22666C6F773132222C226368696C64536861706573223A5B5D2C227374656E63696C223A7B226964223A2253657175656E6365466C6F77227D2C22646F636B657273223A5B7B2278223A32302E302C2279223A32302E307D2C7B2278223A31372E352C2279223A31372E357D5D2C226F7574676F696E67223A5B7B227265736F757263654964223A22656E646576656E7431227D5D2C22746172676574223A7B227265736F757263654964223A22656E646576656E7431227D2C2270726F70657274696573223A7B226F766572726964656964223A22666C6F773132222C226E616D65223A22E7BB93E69D9FE6B581E7A88B222C22636F6E646974696F6E73657175656E6365666C6F77223A22247B2172654170706C797D227D7D5D7D, null);
INSERT INTO `act_ge_bytearray` VALUES ('6aeac03539ea415ebc3ce13e518e6080', '2', 'source', null, 0x7B227265736F757263654964223A223433643336653737376263353430373561666562636162316433643136383062222C2270726F70657274696573223A7B2270726F636573735F6964223A2270726F63657373222C226E616D65223A22222C22646F63756D656E746174696F6E223A22222C2270726F636573735F617574686F72223A226A656573697465222C2270726F636573735F76657273696F6E223A22222C2270726F636573735F6E616D657370616365223A22687474703A2F2F7777772E61637469766974692E6F72672F70726F63657373646566222C22657865637574696F6E6C697374656E657273223A22222C226576656E746C697374656E657273223A22222C227369676E616C646566696E6974696F6E73223A22222C226D657373616765646566696E6974696F6E73223A22227D2C227374656E63696C223A7B226964223A2242504D4E4469616772616D227D2C226368696C64536861706573223A5B7B227265736F757263654964223A227369642D44464331393337412D304343302D344439382D423238452D383334413633374531453146222C2270726F70657274696573223A7B226F766572726964656964223A22222C226E616D65223A22222C22646F63756D656E746174696F6E223A22222C22657865637574696F6E6C697374656E657273223A22222C22696E69746961746F72223A22222C22666F726D6B6579646566696E6974696F6E223A22222C22666F726D70726F70657274696573223A22227D2C227374656E63696C223A7B226964223A2253746172744E6F6E654576656E74227D2C226368696C64536861706573223A5B5D2C226F7574676F696E67223A5B5D2C22626F756E6473223A7B226C6F7765725269676874223A7B2278223A39302C2279223A3135367D2C2275707065724C656674223A7B2278223A36302C2279223A3132367D7D2C22646F636B657273223A5B5D7D5D2C22626F756E6473223A7B226C6F7765725269676874223A7B2278223A313230302C2279223A313035307D2C2275707065724C656674223A7B2278223A302C2279223A307D7D2C227374656E63696C736574223A7B2275726C223A227374656E63696C736574732F62706D6E322E302F62706D6E322E302E6A736F6E222C226E616D657370616365223A22687474703A2F2F62336D6E2E6F72672F7374656E63696C7365742F62706D6E322E3023227D2C227373657874656E73696F6E73223A5B5D7D, null);
INSERT INTO `act_ge_bytearray` VALUES ('84f4f06e7a294aa1b14190d8e93a3e2c', '1', 'test_audit.bpmn20.xml', '9fdad325ac8449daaef497b7faffe9d9', 0x3C3F786D6C2076657273696F6E3D27312E302720656E636F64696E673D275554462D38273F3E0D0A3C646566696E6974696F6E7320786D6C6E733D22687474703A2F2F7777772E6F6D672E6F72672F737065632F42504D4E2F32303130303532342F4D4F44454C2220786D6C6E733A7873693D22687474703A2F2F7777772E77332E6F72672F323030312F584D4C536368656D612D696E7374616E63652220786D6C6E733A61637469766974693D22687474703A2F2F61637469766974692E6F72672F62706D6E2220786D6C6E733A62706D6E64693D22687474703A2F2F7777772E6F6D672E6F72672F737065632F42504D4E2F32303130303532342F44492220786D6C6E733A6F6D6764633D22687474703A2F2F7777772E6F6D672E6F72672F737065632F44442F32303130303532342F44432220786D6C6E733A6F6D6764693D22687474703A2F2F7777772E6F6D672E6F72672F737065632F44442F32303130303532342F44492220747970654C616E67756167653D22687474703A2F2F7777772E77332E6F72672F323030312F584D4C536368656D61222065787072657373696F6E4C616E67756167653D22687474703A2F2F7777772E77332E6F72672F313939392F585061746822207461726765744E616D6573706163653D22687474703A2F2F7777772E61637469766974692E6F72672F74657374223E0D0A20203C70726F636573732069643D22746573745F617564697422206E616D653D22E6B581E7A88BE5AEA1E689B9E6B58BE8AF95E6B581E7A88B2220697345786563757461626C653D2274727565223E0D0A202020203C73746172744576656E742069643D22737461727422206E616D653D22E590AFE58AA8E5AEA1E689B9222061637469766974693A696E69746961746F723D226170706C79222061637469766974693A666F726D4B65793D222F6F612F7465737441756469742F666F726D222F3E0D0A202020203C656E644576656E742069643D22656E6422206E616D653D22E7BB93E69D9FE5AEA1E689B9222F3E0D0A202020203C757365725461736B2069643D226D6F6469667922206E616D653D22E59198E5B7A5E896AAE985ACE6A1A3E7BAA7E4BFAEE694B9222061637469766974693A61737369676E65653D22247B6170706C797D222F3E0D0A202020203C757365725461736B2069643D22617564697422206E616D653D22E896AAE985ACE4B8BBE7AEA1E5889DE5AEA1222061637469766974693A61737369676E65653D227468696E6B67656D222F3E0D0A202020203C6578636C7573697665476174657761792069643D227369642D43323842423546362D303133442D343537302D423433322D363142333830433146343646222F3E0D0A202020203C757365725461736B2069643D2261756469743222206E616D653D22E99B86E59BA2E4BABAE58A9BE8B584E6BA90E983A8E983A8E995BFE5AEA1E6A0B8222061637469766974693A61737369676E65653D227468696E6B67656D222F3E0D0A202020203C6578636C7573697665476174657761792069643D227369642D45443436464534312D413046442D343936442D383644432D324339374146353733354630222F3E0D0A202020203C73657175656E6365466C6F772069643D227369642D45463246353142422D314439392D344630422D414346322D4236433133303041374432422220736F757263655265663D2261756469743222207461726765745265663D227369642D45443436464534312D413046442D343936442D383644432D324339374146353733354630222F3E0D0A202020203C757365725461736B2069643D2261756469743322206E616D653D22E99B86E59BA2E4BABAE58A9BE8B584E6BA90E983A8E58886E7AEA1E9A286E5AFBCE5AEA1E6A0B8222061637469766974693A61737369676E65653D227468696E6B67656D222F3E0D0A202020203C6578636C7573697665476174657761792069643D227369642D46453438354232442D394132332D343233362D424430442D443738384341364533304534222F3E0D0A202020203C73657175656E6365466C6F772069643D227369642D33444243443636312D353732302D343438302D383135362D3734384245303237354645462220736F757263655265663D2261756469743322207461726765745265663D227369642D46453438354232442D394132332D343233362D424430442D443738384341364533304534222F3E0D0A202020203C757365725461736B2069643D2261756469743422206E616D653D22E99B86E59BA2E680BBE7BB8FE79086E5AEA1E689B9222061637469766974693A61737369676E65653D227468696E6B67656D222F3E0D0A202020203C6578636C7573697665476174657761792069643D227369642D33463533423642442D463846332D343936422D414330382D353036333042443131343737222F3E0D0A202020203C757365725461736B2069643D226170706C795F656E6422206E616D653D22E896AAE985ACE6A1A3E7BAA7E58591E78EB0222061637469766974693A61737369676E65653D227468696E6B67656D222F3E0D0A202020203C73657175656E6365466C6F772069643D227369642D30324442324144392D313333322D343139382D414338442D3232413335313639443135432220736F757263655265663D2261756469743422207461726765745265663D227369642D33463533423642442D463846332D343936422D414330382D353036333042443131343737222F3E0D0A202020203C73657175656E6365466C6F772069643D227369642D32414237433031412D353045452D344141432D384338462D4636453139333542334441372220736F757263655265663D22617564697422207461726765745265663D227369642D43323842423546362D303133442D343537302D423433322D363142333830433146343646222F3E0D0A202020203C73657175656E6365466C6F772069643D227369642D33364535304338422D364337432D343936382D423032442D4542414134323542463442452220736F757263655265663D22737461727422207461726765745265663D226175646974222F3E0D0A202020203C73657175656E6365466C6F772069643D227369642D37443732333139302D313433322D343131442D413441342D37373432323545353443443922206E616D653D22E698AF2220736F757263655265663D227369642D33463533423642442D463846332D343936422D414330382D35303633304244313134373722207461726765745265663D226170706C795F656E64223E0D0A2020202020203C636F6E646974696F6E45787072657373696F6E207873693A747970653D2274466F726D616C45787072657373696F6E223E3C215B43444154415B247B706173733D3D317D5D5D3E3C2F636F6E646974696F6E45787072657373696F6E3E0D0A202020203C2F73657175656E6365466C6F773E0D0A202020203C73657175656E6365466C6F772069643D227369642D44343443414434332D303237312D343932302D413532342D39423835333345353235353022206E616D653D22E698AF2220736F757263655265663D227369642D46453438354232442D394132332D343233362D424430442D44373838434136453330453422207461726765745265663D22617564697434223E0D0A2020202020203C636F6E646974696F6E45787072657373696F6E207873693A747970653D2274466F726D616C45787072657373696F6E223E3C215B43444154415B247B706173733D3D317D5D5D3E3C2F636F6E646974696F6E45787072657373696F6E3E0D0A202020203C2F73657175656E6365466C6F773E0D0A202020203C73657175656E6365466C6F772069643D227369642D35333235383530322D343345452D344445382D423141342D44424431313932324238414622206E616D653D22E590A62220736F757263655265663D227369642D43323842423546362D303133442D343537302D423433322D36314233383043314634364622207461726765745265663D226D6F64696679223E0D0A2020202020203C636F6E646974696F6E45787072657373696F6E207873693A747970653D2274466F726D616C45787072657373696F6E223E3C215B43444154415B247B706173733D3D307D5D5D3E3C2F636F6E646974696F6E45787072657373696F6E3E0D0A202020203C2F73657175656E6365466C6F773E0D0A202020203C6578636C7573697665476174657761792069643D227369642D35464544303244362D433338382D343843362D383730452D303937444232313331454130222F3E0D0A202020203C73657175656E6365466C6F772069643D227369642D31363344424336302D444243392D343338422D393731412D3637373338464237373135412220736F757263655265663D226D6F6469667922207461726765745265663D227369642D35464544303244362D433338382D343843362D383730452D303937444232313331454130222F3E0D0A202020203C73657175656E6365466C6F772069643D227369642D37323235384134312D323033452D343238432D423731442D43413335303632353244373322206E616D653D22E698AF2220736F757263655265663D227369642D43323842423546362D303133442D343537302D423433322D36314233383043314634364622207461726765745265663D22617564697432223E0D0A2020202020203C636F6E646974696F6E45787072657373696F6E207873693A747970653D2274466F726D616C45787072657373696F6E223E3C215B43444154415B247B706173733D3D317D5D5D3E3C2F636F6E646974696F6E45787072657373696F6E3E0D0A202020203C2F73657175656E6365466C6F773E0D0A202020203C73657175656E6365466C6F772069643D227369642D38343438454634412D423632452D343839392D414243322D30453244423241453638333822206E616D653D22E9878DE696B0E794B3E8AFB72220736F757263655265663D227369642D35464544303244362D433338382D343843362D383730452D30393744423231333145413022207461726765745265663D226175646974223E0D0A2020202020203C636F6E646974696F6E45787072657373696F6E207873693A747970653D2274466F726D616C45787072657373696F6E223E3C215B43444154415B247B706173733D3D317D5D5D3E3C2F636F6E646974696F6E45787072657373696F6E3E0D0A202020203C2F73657175656E6365466C6F773E0D0A202020203C73657175656E6365466C6F772069643D227369642D41373538393038342D343632332D344645412D413737342D30304137304444433144323022206E616D653D22E698AF2220736F757263655265663D227369642D45443436464534312D413046442D343936442D383644432D32433937414635373335463022207461726765745265663D22617564697433223E0D0A2020202020203C636F6E646974696F6E45787072657373696F6E207873693A747970653D2274466F726D616C45787072657373696F6E223E3C215B43444154415B247B706173733D3D317D5D5D3E3C2F636F6E646974696F6E45787072657373696F6E3E0D0A202020203C2F73657175656E6365466C6F773E0D0A202020203C73657175656E6365466C6F772069643D227369642D46413631383633362D333730382D344430432D383531342D32394134424238424339323622206E616D653D22E590A62220736F757263655265663D227369642D45443436464534312D413046442D343936442D383644432D32433937414635373335463022207461726765745265663D226D6F64696679223E0D0A2020202020203C636F6E646974696F6E45787072657373696F6E207873693A747970653D2274466F726D616C45787072657373696F6E223E3C215B43444154415B247B706173733D3D307D5D5D3E3C2F636F6E646974696F6E45787072657373696F6E3E0D0A202020203C2F73657175656E6365466C6F773E0D0A202020203C73657175656E6365466C6F772069643D227369642D31353235424646342D334539442D344438412D424638302D31463633414645313632383922206E616D653D22E590A62220736F757263655265663D227369642D46453438354232442D394132332D343233362D424430442D44373838434136453330453422207461726765745265663D226D6F64696679223E0D0A2020202020203C636F6E646974696F6E45787072657373696F6E207873693A747970653D2274466F726D616C45787072657373696F6E223E3C215B43444154415B247B706173733D3D307D5D5D3E3C2F636F6E646974696F6E45787072657373696F6E3E0D0A202020203C2F73657175656E6365466C6F773E0D0A202020203C73657175656E6365466C6F772069643D227369642D33354343384336432D313036372D343339382D393931432D43434639353531313539363522206E616D653D22E590A62220736F757263655265663D227369642D33463533423642442D463846332D343936422D414330382D35303633304244313134373722207461726765745265663D226D6F64696679223E0D0A2020202020203C636F6E646974696F6E45787072657373696F6E207873693A747970653D2274466F726D616C45787072657373696F6E223E3C215B43444154415B247B706173733D3D307D5D5D3E3C2F636F6E646974696F6E45787072657373696F6E3E0D0A202020203C2F73657175656E6365466C6F773E0D0A202020203C73657175656E6365466C6F772069643D227369642D42444230414142322D374535302D344433352D383045452D4345304245434444394635372220736F757263655265663D226170706C795F656E6422207461726765745265663D22656E64222F3E0D0A202020203C73657175656E6365466C6F772069643D227369642D34344146423943312D343035372D344334382D423146322D31454338393741353243423722206E616D653D22E99480E6AF812220736F757263655265663D227369642D35464544303244362D433338382D343843362D383730452D30393744423231333145413022207461726765745265663D22656E64223E0D0A2020202020203C636F6E646974696F6E45787072657373696F6E207873693A747970653D2274466F726D616C45787072657373696F6E223E3C215B43444154415B247B706173733D3D307D5D5D3E3C2F636F6E646974696F6E45787072657373696F6E3E0D0A202020203C2F73657175656E6365466C6F773E0D0A20203C2F70726F636573733E0D0A20203C62706D6E64693A42504D4E4469616772616D2069643D2242504D4E4469616772616D5F746573745F6175646974223E0D0A202020203C62706D6E64693A42504D4E506C616E652062706D6E456C656D656E743D22746573745F6175646974222069643D2242504D4E506C616E655F746573745F6175646974223E0D0A2020202020203C62706D6E64693A42504D4E53686170652062706D6E456C656D656E743D227374617274222069643D2242504D4E53686170655F7374617274223E0D0A20202020202020203C6F6D6764633A426F756E6473206865696768743D2233302E30222077696474683D2233302E302220783D2233302E302220793D223234352E30222F3E0D0A2020202020203C2F62706D6E64693A42504D4E53686170653E0D0A2020202020203C62706D6E64693A42504D4E53686170652062706D6E456C656D656E743D22656E64222069643D2242504D4E53686170655F656E64223E0D0A20202020202020203C6F6D6764633A426F756E6473206865696768743D2232382E30222077696474683D2232382E302220783D223937352E302220793D223335362E30222F3E0D0A2020202020203C2F62706D6E64693A42504D4E53686170653E0D0A2020202020203C62706D6E64693A42504D4E53686170652062706D6E456C656D656E743D226D6F64696679222069643D2242504D4E53686170655F6D6F64696679223E0D0A20202020202020203C6F6D6764633A426F756E6473206865696768743D2235382E30222077696474683D223130322E302220783D223230392E302220793D223133352E30222F3E0D0A2020202020203C2F62706D6E64693A42504D4E53686170653E0D0A2020202020203C62706D6E64693A42504D4E53686170652062706D6E456C656D656E743D226175646974222069643D2242504D4E53686170655F6175646974223E0D0A20202020202020203C6F6D6764633A426F756E6473206865696768743D2235372E30222077696474683D2239362E302220783D223130352E302220793D223233312E35222F3E0D0A2020202020203C2F62706D6E64693A42504D4E53686170653E0D0A2020202020203C62706D6E64693A42504D4E53686170652062706D6E456C656D656E743D227369642D43323842423546362D303133442D343537302D423433322D363142333830433146343646222069643D2242504D4E53686170655F7369642D43323842423546362D303133442D343537302D423433322D363142333830433146343646223E0D0A20202020202020203C6F6D6764633A426F756E6473206865696768743D2234302E30222077696474683D2234302E302220783D223234302E302220793D223234302E30222F3E0D0A2020202020203C2F62706D6E64693A42504D4E53686170653E0D0A2020202020203C62706D6E64693A42504D4E53686170652062706D6E456C656D656E743D22617564697432222069643D2242504D4E53686170655F617564697432223E0D0A20202020202020203C6F6D6764633A426F756E6473206865696768743D2238302E30222077696474683D223130302E302220783D223231302E302220793D223333302E30222F3E0D0A2020202020203C2F62706D6E64693A42504D4E53686170653E0D0A2020202020203C62706D6E64693A42504D4E53686170652062706D6E456C656D656E743D227369642D45443436464534312D413046442D343936442D383644432D324339374146353733354630222069643D2242504D4E53686170655F7369642D45443436464534312D413046442D343936442D383644432D324339374146353733354630223E0D0A20202020202020203C6F6D6764633A426F756E6473206865696768743D2234302E30222077696474683D2234302E302220783D223334352E302220793D223335302E30222F3E0D0A2020202020203C2F62706D6E64693A42504D4E53686170653E0D0A2020202020203C62706D6E64693A42504D4E53686170652062706D6E456C656D656E743D22617564697433222069643D2242504D4E53686170655F617564697433223E0D0A20202020202020203C6F6D6764633A426F756E6473206865696768743D2238302E30222077696474683D223130302E302220783D223432302E302220793D223333302E30222F3E0D0A2020202020203C2F62706D6E64693A42504D4E53686170653E0D0A2020202020203C62706D6E64693A42504D4E53686170652062706D6E456C656D656E743D227369642D46453438354232442D394132332D343233362D424430442D443738384341364533304534222069643D2242504D4E53686170655F7369642D46453438354232442D394132332D343233362D424430442D443738384341364533304534223E0D0A20202020202020203C6F6D6764633A426F756E6473206865696768743D2234302E30222077696474683D2234302E302220783D223535352E302220793D223335302E30222F3E0D0A2020202020203C2F62706D6E64693A42504D4E53686170653E0D0A2020202020203C62706D6E64693A42504D4E53686170652062706D6E456C656D656E743D22617564697434222069643D2242504D4E53686170655F617564697434223E0D0A20202020202020203C6F6D6764633A426F756E6473206865696768743D2238302E30222077696474683D223130302E302220783D223633302E302220793D223333302E30222F3E0D0A2020202020203C2F62706D6E64693A42504D4E53686170653E0D0A2020202020203C62706D6E64693A42504D4E53686170652062706D6E456C656D656E743D227369642D33463533423642442D463846332D343936422D414330382D353036333042443131343737222069643D2242504D4E53686170655F7369642D33463533423642442D463846332D343936422D414330382D353036333042443131343737223E0D0A20202020202020203C6F6D6764633A426F756E6473206865696768743D2234302E30222077696474683D2234302E302220783D223736352E302220793D223335302E30222F3E0D0A2020202020203C2F62706D6E64693A42504D4E53686170653E0D0A2020202020203C62706D6E64693A42504D4E53686170652062706D6E456C656D656E743D226170706C795F656E64222069643D2242504D4E53686170655F6170706C795F656E64223E0D0A20202020202020203C6F6D6764633A426F756E6473206865696768743D2238302E30222077696474683D223130302E302220783D223834302E302220793D223333302E30222F3E0D0A2020202020203C2F62706D6E64693A42504D4E53686170653E0D0A2020202020203C62706D6E64693A42504D4E53686170652062706D6E456C656D656E743D227369642D35464544303244362D433338382D343843362D383730452D303937444232313331454130222069643D2242504D4E53686170655F7369642D35464544303244362D433338382D343843362D383730452D303937444232313331454130223E0D0A20202020202020203C6F6D6764633A426F756E6473206865696768743D2234302E30222077696474683D2234302E302220783D223234302E302220793D2234352E30222F3E0D0A2020202020203C2F62706D6E64693A42504D4E53686170653E0D0A2020202020203C62706D6E64693A42504D4E456467652062706D6E456C656D656E743D227369642D33444243443636312D353732302D343438302D383135362D373438424530323735464546222069643D2242504D4E456467655F7369642D33444243443636312D353732302D343438302D383135362D373438424530323735464546223E0D0A20202020202020203C6F6D6764693A776179706F696E7420783D223532302E302220793D223337302E30222F3E0D0A20202020202020203C6F6D6764693A776179706F696E7420783D223535352E302220793D223337302E30222F3E0D0A2020202020203C2F62706D6E64693A42504D4E456467653E0D0A2020202020203C62706D6E64693A42504D4E456467652062706D6E456C656D656E743D227369642D34344146423943312D343035372D344334382D423146322D314543383937413532434237222069643D2242504D4E456467655F7369642D34344146423943312D343035372D344334382D423146322D314543383937413532434237223E0D0A20202020202020203C6F6D6764693A776179706F696E7420783D223238302E302220793D2236352E30222F3E0D0A20202020202020203C6F6D6764693A776179706F696E7420783D223938392E302220793D2236352E30222F3E0D0A20202020202020203C6F6D6764693A776179706F696E7420783D223938392E302220793D223335362E30222F3E0D0A2020202020203C2F62706D6E64693A42504D4E456467653E0D0A2020202020203C62706D6E64693A42504D4E456467652062706D6E456C656D656E743D227369642D38343438454634412D423632452D343839392D414243322D304532444232414536383338222069643D2242504D4E456467655F7369642D38343438454634412D423632452D343839392D414243322D304532444232414536383338223E0D0A20202020202020203C6F6D6764693A776179706F696E7420783D223234302E302220793D2236352E30222F3E0D0A20202020202020203C6F6D6764693A776179706F696E7420783D223135332E302220793D2236352E30222F3E0D0A20202020202020203C6F6D6764693A776179706F696E7420783D223135332E302220793D223233312E35222F3E0D0A2020202020203C2F62706D6E64693A42504D4E456467653E0D0A2020202020203C62706D6E64693A42504D4E456467652062706D6E456C656D656E743D227369642D41373538393038342D343632332D344645412D413737342D303041373044444331443230222069643D2242504D4E456467655F7369642D41373538393038342D343632332D344645412D413737342D303041373044444331443230223E0D0A20202020202020203C6F6D6764693A776179706F696E7420783D223338352E302220793D223337302E30222F3E0D0A20202020202020203C6F6D6764693A776179706F696E7420783D223432302E302220793D223337302E30222F3E0D0A2020202020203C2F62706D6E64693A42504D4E456467653E0D0A2020202020203C62706D6E64693A42504D4E456467652062706D6E456C656D656E743D227369642D33354343384336432D313036372D343339382D393931432D434346393535313135393635222069643D2242504D4E456467655F7369642D33354343384336432D313036372D343339382D393931432D434346393535313135393635223E0D0A20202020202020203C6F6D6764693A776179706F696E7420783D223738352E302220793D223335302E30222F3E0D0A20202020202020203C6F6D6764693A776179706F696E7420783D223738352E302220793D223136342E30222F3E0D0A20202020202020203C6F6D6764693A776179706F696E7420783D223331312E302220793D223136342E30222F3E0D0A2020202020203C2F62706D6E64693A42504D4E456467653E0D0A2020202020203C62706D6E64693A42504D4E456467652062706D6E456C656D656E743D227369642D45463246353142422D314439392D344630422D414346322D423643313330304137443242222069643D2242504D4E456467655F7369642D45463246353142422D314439392D344630422D414346322D423643313330304137443242223E0D0A20202020202020203C6F6D6764693A776179706F696E7420783D223331302E302220793D223337302E30222F3E0D0A20202020202020203C6F6D6764693A776179706F696E7420783D223334352E302220793D223337302E30222F3E0D0A2020202020203C2F62706D6E64693A42504D4E456467653E0D0A2020202020203C62706D6E64693A42504D4E456467652062706D6E456C656D656E743D227369642D37443732333139302D313433322D343131442D413441342D373734323235453534434439222069643D2242504D4E456467655F7369642D37443732333139302D313433322D343131442D413441342D373734323235453534434439223E0D0A20202020202020203C6F6D6764693A776179706F696E7420783D223830352E302220793D223337302E30222F3E0D0A20202020202020203C6F6D6764693A776179706F696E7420783D223834302E302220793D223337302E30222F3E0D0A2020202020203C2F62706D6E64693A42504D4E456467653E0D0A2020202020203C62706D6E64693A42504D4E456467652062706D6E456C656D656E743D227369642D32414237433031412D353045452D344141432D384338462D463645313933354233444137222069643D2242504D4E456467655F7369642D32414237433031412D353045452D344141432D384338462D463645313933354233444137223E0D0A20202020202020203C6F6D6764693A776179706F696E7420783D223230312E302220793D223236302E30222F3E0D0A20202020202020203C6F6D6764693A776179706F696E7420783D223234302E302220793D223236302E30222F3E0D0A2020202020203C2F62706D6E64693A42504D4E456467653E0D0A2020202020203C62706D6E64693A42504D4E456467652062706D6E456C656D656E743D227369642D44343443414434332D303237312D343932302D413532342D394238353333453532353530222069643D2242504D4E456467655F7369642D44343443414434332D303237312D343932302D413532342D394238353333453532353530223E0D0A20202020202020203C6F6D6764693A776179706F696E7420783D223539352E302220793D223337302E30222F3E0D0A20202020202020203C6F6D6764693A776179706F696E7420783D223633302E302220793D223337302E30222F3E0D0A2020202020203C2F62706D6E64693A42504D4E456467653E0D0A2020202020203C62706D6E64693A42504D4E456467652062706D6E456C656D656E743D227369642D46413631383633362D333730382D344430432D383531342D323941344242384243393236222069643D2242504D4E456467655F7369642D46413631383633362D333730382D344430432D383531342D323941344242384243393236223E0D0A20202020202020203C6F6D6764693A776179706F696E7420783D223336352E302220793D223335302E30222F3E0D0A20202020202020203C6F6D6764693A776179706F696E7420783D223336352E302220793D223136342E30222F3E0D0A20202020202020203C6F6D6764693A776179706F696E7420783D223331312E302220793D223136342E30222F3E0D0A2020202020203C2F62706D6E64693A42504D4E456467653E0D0A2020202020203C62706D6E64693A42504D4E456467652062706D6E456C656D656E743D227369642D30324442324144392D313333322D343139382D414338442D323241333531363944313543222069643D2242504D4E456467655F7369642D30324442324144392D313333322D343139382D414338442D323241333531363944313543223E0D0A20202020202020203C6F6D6764693A776179706F696E7420783D223733302E302220793D223337302E30222F3E0D0A20202020202020203C6F6D6764693A776179706F696E7420783D223736352E302220793D223337302E30222F3E0D0A2020202020203C2F62706D6E64693A42504D4E456467653E0D0A2020202020203C62706D6E64693A42504D4E456467652062706D6E456C656D656E743D227369642D33364535304338422D364337432D343936382D423032442D454241413432354246344245222069643D2242504D4E456467655F7369642D33364535304338422D364337432D343936382D423032442D454241413432354246344245223E0D0A20202020202020203C6F6D6764693A776179706F696E7420783D2236302E302220793D223236302E30222F3E0D0A20202020202020203C6F6D6764693A776179706F696E7420783D223130352E302220793D223236302E30222F3E0D0A2020202020203C2F62706D6E64693A42504D4E456467653E0D0A2020202020203C62706D6E64693A42504D4E456467652062706D6E456C656D656E743D227369642D35333235383530322D343345452D344445382D423141342D444244313139323242384146222069643D2242504D4E456467655F7369642D35333235383530322D343345452D344445382D423141342D444244313139323242384146223E0D0A20202020202020203C6F6D6764693A776179706F696E7420783D223236302E302220793D223234302E30222F3E0D0A20202020202020203C6F6D6764693A776179706F696E7420783D223236302E302220793D223139332E30222F3E0D0A2020202020203C2F62706D6E64693A42504D4E456467653E0D0A2020202020203C62706D6E64693A42504D4E456467652062706D6E456C656D656E743D227369642D31363344424336302D444243392D343338422D393731412D363737333846423737313541222069643D2242504D4E456467655F7369642D31363344424336302D444243392D343338422D393731412D363737333846423737313541223E0D0A20202020202020203C6F6D6764693A776179706F696E7420783D223236302E302220793D223133352E30222F3E0D0A20202020202020203C6F6D6764693A776179706F696E7420783D223236302E302220793D2238352E30222F3E0D0A2020202020203C2F62706D6E64693A42504D4E456467653E0D0A2020202020203C62706D6E64693A42504D4E456467652062706D6E456C656D656E743D227369642D42444230414142322D374535302D344433352D383045452D434530424543444439463537222069643D2242504D4E456467655F7369642D42444230414142322D374535302D344433352D383045452D434530424543444439463537223E0D0A20202020202020203C6F6D6764693A776179706F696E7420783D223934302E302220793D223337302E30222F3E0D0A20202020202020203C6F6D6764693A776179706F696E7420783D223937352E302220793D223337302E30222F3E0D0A2020202020203C2F62706D6E64693A42504D4E456467653E0D0A2020202020203C62706D6E64693A42504D4E456467652062706D6E456C656D656E743D227369642D31353235424646342D334539442D344438412D424638302D314636334146453136323839222069643D2242504D4E456467655F7369642D31353235424646342D334539442D344438412D424638302D314636334146453136323839223E0D0A20202020202020203C6F6D6764693A776179706F696E7420783D223537352E302220793D223335302E30222F3E0D0A20202020202020203C6F6D6764693A776179706F696E7420783D223537352E302220793D223136342E30222F3E0D0A20202020202020203C6F6D6764693A776179706F696E7420783D223331312E302220793D223136342E30222F3E0D0A2020202020203C2F62706D6E64693A42504D4E456467653E0D0A2020202020203C62706D6E64693A42504D4E456467652062706D6E456C656D656E743D227369642D37323235384134312D323033452D343238432D423731442D434133353036323532443733222069643D2242504D4E456467655F7369642D37323235384134312D323033452D343238432D423731442D434133353036323532443733223E0D0A20202020202020203C6F6D6764693A776179706F696E7420783D223236302E302220793D223238302E30222F3E0D0A20202020202020203C6F6D6764693A776179706F696E7420783D223236302E302220793D223333302E30222F3E0D0A2020202020203C2F62706D6E64693A42504D4E456467653E0D0A202020203C2F62706D6E64693A42504D4E506C616E653E0D0A20203C2F62706D6E64693A42504D4E4469616772616D3E0D0A3C2F646566696E6974696F6E733E, '0');
INSERT INTO `act_ge_bytearray` VALUES ('b44ef77e3e64418aa99e2505cda92093', '1', 'leave.leave.png', '121f10a0f9144f2c81dbbc79ca7b7758', 0x89504E470D0A1A0A0000000D49484452000002D90000015E080600000050100363000033EA4944415478DAEDDD0B945D559D27FE6863EBB4DA2D238CCDA863DBE3382EC676181B06583476BAFFB486169146934A5525A1148918837908028D5904307F10D290AA4A401079C93BF24CF390D48324C6A40D8F8804A20888210112D20811C34BCFECDF499DEA9B4A55AA2AB955756FD5E7B3D65EF75955C939F7B7F7F7EEBBEF39A346EDA6D9B36FFCE3DE9EF3950B97EDD9B7DFD5BEC72800001869A635B57D6DC6052D7FD979BBB9BD66FA05EDFBF51C9C67BF794663EBF78BDB2734DDF9A75316B4BF63DBF5A57BCF686AFBDBE2B1E9172CDD677A63FB6971BDF46F7C7D7EEB076634B61F33BDB1F5C469F35A0E98D1DC36257F6EB4A6F6FA990B96BCDF9E0100A02A45389ED1DC7AFCB6F0DCBE47CC62A7D03D272EA737B71D1233D611AA5310FE5811826736B6FD63FC4C713B42F5D79BDB3FD219AC1B5BE77584E831D39BDAE6A7DB136734B51F36BDB9FDA8AFCE6F7977F1B7D2CF9DBBEDFA8D7F5CFC1BF290DFD876BE3D030040D58A59EB22D84690CEB2EC3D290C9F9E2EFF4B04F062B9C78CF35BDF1BCF8DB09CC2F11931031DD7A735B59F3CFBF2F6B7C573226847208FF6B5C6F68FE633D44D2D876EFB3BAD633BFF66FA3B79E86E6ABB30FDCE63F330DEDC366BDBEF4EF737B69D6ACF0000509162263A669153609EF670969DF3DB2CFB46D16E7B2EBB32DD7FFEC52BB2C5F7BE922D98B1A0FD431196D37DFFF9827B7EBB325D7EE8F92C5BB42D14B71D38ADB9EDC898C12E027904E9FC7A53DB9CE2EFE5B3D74DADE7E4E13BFD4CCC68C7EC7584EDE94DADD3E3DF13CFCB67AE2F68F9CBF47BAEC9FF9DF35B0E2E969BE4813EFDBCBD0700406586EC14B0B7AD89DE7619F7C5FAE908D33F7C29BB242EAF7E24BB79E6FC960F47B05D9565FF92C2F5BCD4AEFEE18BD98A7479DA8DEBB26BE2B14D5976D2B699ECD64F4E6F6ABFBD73D6B9A9F5BBA57F33C27384E698B98ED9EF225C97AED3DEF66F6B3F2D66AFE3B273294A63DBCC7CF94963FB187B0F0080CA0CD94D6DF32354FFEBF3D91529307F38B5BF4EEDE8D40E59BC25BBF8772938AFCEB21F3D9765B3D27D0D713D5D5EFF7096B5DEF16CF6D374FD8AE6A56FDC9B2E8FFC97BB7FF39374F9AE148C2F4EBFF7CA98D58EA5245DBF2019CB47F2B0DDD47ACEB6F5DDAD53E38B8CA533D52734B5EC1B4B4E224C175F86CC9FDBDC7E6CFE26A063961C00002A4E11786F7C22BB3E669DD764D9D98F64D9B7E2FAA5F76777E5B3CECD6D4D116A3764D9693F48CFBBF7B56C412C2749CF5B9A42F58C08C8B1AE7ADB1715DBCFCA7F26669FF340DCB26FF1B73ABE28D934BDA9B5367E5FACAB8E19EC08E32968CFDD16AE2340A7DF13E1BAB9F50BF133717BDAFCF623F299EDF433713D66C0ED3D00002A52CC6447E09DB778CB8AB84C217B4E2CF948E179BFD4BEB73ACBBEDDF64A7661BA3EF6A514ACD3E565A97D27B52F6FCCB2F67479F08CC6B6C9E9F2D038C45ECC4647688E75D6F1FBE3307E31635D1C6E2FC2741C8D247E66DABC96F7C43295FC907ECDADC7E7B3DE4D6D4717C7D78E7FDB766F085268CF43F7E5ED6F2B9DF50600808A1187CA8BE09A02F2DF7EFF91EC9674F9C5F8926304E85B9ECEBE9F2EBF92DAB1314B1DE177E5B6B5D8172DCFB2A698C9BEE957D9EA98F1BEE197D90DA587E78B635B6F77B8BE8E2F33168FC551458AC3F4C5EDFC323F6248EBC4D219EAE2108031739D07F7F46FC867BD9BDB8E8C2F61DA830000549C08ACD17E976527A6F07C4C84E174F9B9982DBEE7E57CB6FA4FF2C3EFC5F28D146A635948BA6FCC6DCF6557C432905F66D959717F046AA117000046C5728CD6E9B1F4A2B88CFBF213CBA4EB8B366657E48FC597181BDB4E8DEBF397FDA13D2EDB5ECB2E8C609D02F7FFFAFE4FB3DBD2E53B625988D3A30300206437B6CD2CBD0CF9E9D09BDACE48C1797CC7E5173B66B8DF7DEBBAECEA87B2ECDB8D8B5F5A116DC96BD9FC1F67D905B1A423BEB0688B02000000000000000000000000000000000000C0A08B430996E3F74CBE78D19FF4FD6FDEF8C7B63C0000C3C2F4F92D07C769D5E3F4E97156C96DADEDC2290BDADFD135044F6F6C3FAD38E94D7ECAF5796D074E6B6A9D1BA76AEFEE774F6B6EBFB9BBA0FDF5F9AD1F98D1D83E66BBE736B5CD89DF3D6D5ECB7BCA15F2010060D0CD686A39345A9665C7A7F6E5FBB26C6EBA3CEADFB3ECE45F66D99979906E6E3BF2F12C3B634653EB27EFCFB2F3E62F797D497ACE972E7F30FBD738CD7B04F468D39BDB4F4FB70F9EDED45ABBEDBED64FC6192BE339B7FC3ABB667A63EBC408E5FFF1B7DBCF9AB960C9FB236CE73FDFD47E7B1EF69BDB8F9D717EEB7BED1D0000AA529CA67DE6FC960FC72C750AB735D3E6B57C2C85E2FFD3F672F69DD2E51B7146C908D12BB3EC82F4F80131DB3CADB9756CF1D8B6D3C3B7CD4FCF396A4653DBDFC6FDCF67D93FDFB621BB3285E863E2FA777E9CB544888E19F2D253C0C7DF8F16B3E4F1F7533BC09E0100A0AACD686CFB413EA3DDD8FAFD14A0FFBF33AE7FECF1FBB2ECBCE2F1E917B4EF97CF4A37B69E78F18A6CF14B5976E2535936FBF52C9BB936CBBEB5784B16B3D5FB4F6B6A3F395ABA1E417DC29D9BB3EFA5707D6ABA7EC2550F67B7A6CB7C86FBF29F66B76F48A1FB6B8D6D7F1D4B54F259ECC6D689339A5BBFB0ED7AFB6911DCFBB39E1B00002A46BE36BAB96D4A2C0B89E51B77BF907DF7D2FBB3BB52203E32826FCC507786EDC6B65353683E2542F70DBFCC6E48CFF987D4223C7F397EFECE17B2EF5DF3F3ECA6B81EEDC65F656B7E9F827804E7A75ECF96B56ECD2E4ACF9D11B7AF4A413B2E6369CA650F6677A4CB71F95291A6D6B9C52C77CCA4C7BF29AE972E330100808A36BDA9EDE8146CA746C0FDF6EDCFFE34C2EE79776C7AE084A6A57BC7B28E698D6DD7A4FB0EDAF665C8D6CBAF589D2D4AB70F8DA51FF1F3F76CC9BE13CB4C620DF54B59F68D792D2FFF3802762C29E978EE7ED15EC9B21FFE2ECB4E9AB1A0FD4379686E6A3F3966ABD36375F133C5BAEE194D6D6714B3D9B1CC249F416F6ABBB25866628F010050D12248C7970E6336F9C12C3BEF968DD91511662F5999DD33B3B1E5EFF2303CAFEDC0AB1FC96E8E207D7F967DFBFA27B2EBD3F3275EBB36FB41CC64C73290784EBA3EF6CC1B1F7F2C5D1E5B84F70B7FF487F6223CAFCCB225B76EC8AE8A2F3A4608BFF6D1EC07F165CA58ABFD50969DD311CCF7BDE117D9C2FC6752C08E99F414ECA7174B4A22F04730B7E70000A86829D8FE497CD9707A73DB21331BDBFE31FF026463DBF95F6F6EFF483CFE950B97ED19B3CD71FFBF3E935D91AE37FC5B969D1F61399E1FB3D3F1D8BCB6AD3F5ABA3EFBEEB6C3FCB54E8C00BEE48D6CFE094D2DFBC64C79CC5CC7EF8CE523B136FB827B5E5A19C13D3D775EFADB4DF1B762363CFFF26553DBD7FE63663B3FEA487DAC19B7B70000A868F91AEC146A8BF5D311B42304C75AEC7C8D7573FB5171FF57E7B7BC3B8E591DCB38E24B8EF1C5C8CEDF91C26FBAFDDF3667D919B76CC8BE1F87EB8BFB9FCAB2D31FCCB265E9B16BF3F0BCA0FD43B7ACCB62D9C99F9CBBE8B90763CD75BAFE1711A82374C721FFE238DBF105CC38B2491CC2AFF877E5FFCEC6B6C9C532130000A83A71F8BD987DEE369837B6CD2CBDDD31CBFDC5355976763E2BDDDCD614F7C5AC781C2FFBBC3B37DD3FA3A9F59C1559D6F8BDFBB33BD37D873D92827ACC4AC797286399C9B643FEFDC72C752C33892F626E3F93DDF63D7B060080612F8E3A12B3DF9DB73B9699740DE17119CB4AA2E54B52162C79FFB630DF7268FE334DED27971E333B66AC6386BC586612F7C50CBB996C0000469C08D0319BDDED634DADD34B0F055804F0FC04361D4B4CF2E735B69D9A87F7A6B63945E08E801DF7C531BC4BC33800000C7BFD5966128A75DE45302F96996CBBBFF59CD216EBB21D5504000000000000000000000000000000000000000000000000000000000000000000000000000000000000000000000000000000000000000000000000000000000000000000000000000000000000000000000000000000000000000000000000000000000000000000000000000000000000000000000000000000000000000000000000000000000000000000000000000000000000000000000000000000000000000000000000000000000000000000000000000000000000000000000060F06459B6C7134F3CB170E5CA95BF6F6D6DCD162F5EAC55406B6969C9962E5DFA7C6A13BC4AD15F68FA0BD4A7FAA4CA44412E5BB62CDBB87163F6EAABAF6A15D4366DDA942D59B2E4C554A09FF74A457FA1E92F509FEA932A12EF7815644517E6ABE99DF0A35EA9E82F34FD05EA537D5245E223252FFECA6EA9285FF74A457FA1E92F509FEA932A12EB85BCF02BBE2833AF54F4179AFE02F5A93E198645F9DBDF3C933DB1EAF26C4DCB99798BEB719FA25194E82FF417FA0BD4A7A63ED985A2DCF2C2FAECE11FCECA7E7AC749DBB5B82F1E53388AB282BCCB26D05FE82FD4B4FA549FEA93AA28CA756B6EDFA1208BF6F49A450A4751568A31A9651D97E82FF4176A5A7DAA4FF5496517E5A3EDDFEEB128E33185A3282BC061A9BD90DA051D9747D824FA0BFD859A569FEA537D52D145F9F0E2D93D16653CA6701465850CC64794CC7E6D3228EB2FF4176A5A7DAA4FF5394866CF9EFDAE050B167CEBACB3CEBA6FD6AC599BA64C99F25A7D7D7D367EFCF8BC4D9E3CF98D6F7CE31B2F9C79E699AB2FBCF0C28BBFF9CD6FFE7745A9281565550DC6BDDD8FFE427FA1A6D5A7FA549FE53267CE9C4F9D7EFAE90F4E9830E10F295C67B7DE7A6BF6D0430FE567457AE38D37B2C2E6CD9BB3B56BD76677DF7D773677EEDC2C9E9F42F7BAF43393478F1EBDC7482DCAF8F6714F45198F291C453944C6F432E8168F5BCFA9BFD05FA869F5A93ED567394D9F3EFD2F4E3DF5D4D55FFAD297FEB070E1C23C44F7C76BAFBD962D5FBE3CFBE637BFF9872953A63C7BDC71C71D39128BF2B1E5F37B2CCA784CE128CA211C8C7B1B6CCD7EE92FF4176A5A7DAA4FF5594EB366CD9A7AECB1C7BE7EE59557662FBFFC72B6BB56AD5A95A590FDDAF1C71F7FEBD8B163DF31928A72F3FA87B287EF397DC78F96D27DF198C2519443F471F298017A3EFA0BFD859A569F9AFAECCE29A79C72F157BFFAD537EEBFFFFEAC9C5E7AE9A56CC18205AF3534346C4841FBCF474A51467BF2BEAB7628CAB84FD128CA211A8C8FD8859FDB6250D65FE82FD4B4FA549FEA733702F6D4A9537F1FEBAD07CAB5D75EFBFB091326BC9882F687464451BEF24AF6D88F2FDAF1A3A5745F3CA6701465850FC63E66D65FE82FD4B4FA549FEA7377C4129198C11EC8805DB8EDB6DB5E49417B7DB5CF68F756947106A85F2C6FEE710D573CE62C518A72108C29D3603AC6A0ACBFD05FA869F5A93ED5673FC4971C630DF6EAD5ABB3C172CD35D76CA8ABABBBBD9A8F3CD26351A677B4CF3CD696FDECEE7FEEB1208B16CF89E77A17AC280778302ED7C7C266BFF417FA0B35AD3ED5A7FAECAB534E39E567F125C7C1366DDAB40D35353553875351F6F66ED7BB604539041F271783F19B523BA6E3B23FBAFE9C2F4EE92FF4176A5A7DAA4FF5D99B380E761CA6AF1C4711E9AFF5EBD7BF515757F7EFB5B5B57B0D97A2ECCBBBDD9DBD0B56488A728066A76230FD5E6A59C7E59BFA311877F77382B6FE427FA1A6D5A7FA549F3B13279AB9F9E69BB3A172CE39E7AC4921FBECE15294BB5A904553488A72803EFE3DA66350CDFA3128970EC6459BD4CDC7D6968EE82FF4176A5A7DAA4FE379A938557A9C99B1BF279A29F36CF6C614B29FAFC6B5D97D3DE48FA62807514F83647783EBCE06E5EE9E7F6937CFB79E537FA1BF50D3EA53339E7775D145179D1DA74A1F6A5FF9CA577E9E82F6DF284A4DC81E352AD5C2E25DAC87DEBE10D5D741B9AF83F1281F33F77D7FE92F466E7FA1A6D5A73602C7F3B3CE3AEBBE458B160D79C89E376FDEF24A5A32A22815E5501A3F7E7C162D5E8735353507F5F3E3E4DE06C5DE06E5FE0EC6A57F7FD3489CD1EEEBFED25F8CDCFE424DAB4F6D048EE7B366CDDAF4D0430F0D79C85EB972E5EA5404ED8A5213B2FFE3F557D2EEEAE54D5F7F3FDEED69507EF32E0EC6BD7DAC3D2242766FFB4B7F2164AB69F5A98DA0F17CCA9429AF0DC6C9677AF3ECB3CF3E935EF8CF284A4DC8EEF6F5D7F9A6AF9BD7E1AEAE9FEC6E50FEF96E0CC6BBFBEF194E21BBDBFDA5BF10B2D5B4FAD446D0785E5F5F9FBDF1C61B59258817BDA2D484EC9E5F7FA56FFA3A3E61D9DD59A6EE06E5DD198CFBFB31F7B00ED95DF797FE42C856D3EA531B41E379BCC02A4535846C45597DAD0FFBB22ADBD1471F5D0C9C17ECE6CBFDCDDDCC76FDBCE3FEDD71C170DDF6BBDAF417FA0B35AD3E3533D94316B2477A51466778C9259774DE8E432BF6F4DC679F7D367FFE4F7EF2931D1E8B130B75BDEFA9A79ECA9F1F3F77DF7DF765B7DD765B76D34D3765FFF44FFF945F8FC76EB8E186CEE77FE2139FC83EF5A94F658F3DF6581CCB3C6F71BDEBBFB1A7FF47636363AFCF39F1C4133BAFC717708BEBDDFD9FCC64E76D557A737744C9E12E77F7F4CA3B9BF5EACFC92DCC64F7617F55CA201EFB77CA94297D7E7EF4131FFEF087B7BBEF91471EA98AFAAF82996C35AD3E77A986CF3FFFFCEDEE5BB87061F6918F7C24BFBE61C386ED1E8B31FFD0430FCDFEE11FFE21BBEBAEBBB2030E38207BE08107B2BABABAFCF6FBDFFF7E217B38AFC9DEB469D3860A5F933DA045B97CF9F2ACB5B5353BF7DC73F3E289177D04DE7DF7DD370FB445B86D6E6ECE9FBF75EBD6FCF22D6F794B5E2C8F3FFE781E883FFDE94F7706E64993266DF7372224BFF39DEFCCD6AE5DDB795F3CF73DEF794FB7FFA6BDF7DE3BFBFBBFFFFB6E8BFBEAABAFDEEEBE254B96E4BF2BFE665CBEF7BDEFCD0E3CF0C0FC7A11E63FF8C10FEEF07B2EBDF4D2CEEBD75E7BED0ED785EC1E07E2AE83DF96015ABFB92B83B235D93DECAF4A0AD99FF9CC677A7C3CFA9468453DEFB3CF3E792BEAF93BDFF94EFE3B9E7EFAE98AAFFF0A0ED96A5A7DEE560DC7412BE20DE9C1071F9CD758648608DA715F3CDEF5F92B56ACC82F9F7CF2C9CE3A2B26F2E276FCAC905D66A79D76DAF36BD6ACA994A38B2C1BA94519835514C6962D5BF2162FF808CE711983547A13B2DD0C4FCC22C5ED08E645E02E6D6F7FFBDBF3D05DDC7EE18517F2E717613D8A29DEB94E983021BFAFB87FF5EAD59D3F13417ACF3DF7CC66CE9C990F9EC5001ACF8BBF1F8F951670E9C0F8D6B7BE350FF5C5ED783370EAA9A7E6D7E3FF55FC9EB43DF38EA1F89DA59D47BCF316B2C7AFA8ADAD3DAA0F276AEAEF2C534F87F4EAEE4804FD199447FAD14576BABF2A29644768DED97322387FEC631FDB21642F58B020EF5FBAFEBE4AADFF0A0CD96A5A7DEE568BDA88FD78CB2DB7E46F5E2303C4EDA8CDA8A7AE9F3A157555E486A8AFE2E74B1F2FBD2D6497491C27FBCE3BEFAC88E364A702386F241765BCC81B1A1A3A0BA008DB45008E77A1C573E3A3A0226477F7BBBA86EC786E14E63DF7DC932F1789012FEE8BF01D8369774516C57BC82187ECF0BBA3A08BBF1FBF2BEE7BF1C517F38F9EE2FEE2B198A58AEB3173DEDD80DE75262B427BBC1B2F66F2E3326E8FD090BDB359AEDD9D6DEAED98B96FDAC54179FF5123F738D97DDA5F9530881703F29FFDD99FEDF479F146FCE31FFF785EC311B6A3C5F578F3DDF5A3E54AAEFF0A0AD96A5A7D962D2B4498BEE38E3BF24FBAE353E7A89518AFA345ED96CE6417F514B51897F14954648475EBD6E59F56176F7A2D171900E99DCFDC3973E60C79C89E3A75EAC3A910468FC4A28C8F6BE2A3D9582319413ADE8546B08E428881A718B44AD767C7F5B82F42736F213B668E623D76519C575D75D576334671190364D790FDF0C30FE7F745D1C63AAEF8F7C447C071198366BC21E85AF8F1BB8B370751E8713DD65A769DF92A9E1FFFD7E25D79F12622AEEFB7DF7E4EABBE6B7A9B75EAEB4929FA3B28171F6F1F358A8A1EC48B8F92A386BBFB14AC68B17E333EC58A1A8E7A8C16D7A3AFE8EECD7DA5D6FF30E82FD4F408AACFDE5ACC4617637384E3A2DEAEB8E28A1DF241713BD66E17936AC527E2D1BEFCE52FE72DEA3996A60AD903E0A4934EFAF3638E39E60FF145B9213C46F6C6DADADADFA6D0F6B6915A94B1FD8B201C2D069C62C629DEB11641BB784E7F4276B45883154B41A240E35D6FC70B355FA6D2D3C7473DBD83FED297BE94FF5CD781B608E4C5BBE22F7EF18B9D1F357FF6B39FED7CDEB265CBF22F5BC4738AED37AA643DD8A82E5FC014B2FBADA7D9AFFE9EF5ADAF8372F1F704EC2A18C4633F1E7EF8E1791DC6F59E8276CC9275B7263BD65B47388E59B06AA8FF61D25FA86921BB73696931331D6F6ACF3AEBACFCFAD7BEF6B5CEEF40144BB0E2F931B647BE1855B25C24B24184ECF8A42A427A7B7BFB769F4C0BD96576F2C927FFF2DE7BEF1DB2903D7FFEFCFB6A6A6ABE3B928BB27887192FFEA2808A77ABA5DFBA2F06A2FE86ECAE1F1597AEC12E2DBEF8C8298A2E8AAFF852E4D4A953B75B8F1D0374FC3B3EFAD18FEE30C8960E94F1FCE2A3AAD28FA6A3E08B7F7FE9979D4A7F363A869DCDB209D97D9AFDEAFA31EF31A3FA7FCCDCEE06E549FD9865A38206F1A2FE4B3FCD8A2F5B773D0A517C841C75DE5DC89E356B56367DFAF4CE2568955EFFC3A8BF50D34276DE4A3F2D2A6A268E0616B5162D26CB4675F3C5C7225344C08E4F8B62F948F165C808DA66B207C829A79C527BE28927FE7E280EE5973ADCD7EBEAEAFEBDBEBEFE7D23B9288BA28902E9BA9423668C8BE05D84EAFE86EC9809BFECB2CBF2359011E88B176B14691C7124DEC1767748AEF8DBF1778A59AB513B3934573C56BABEAB98C9DA6BAFBDF241B9B7359951F871949562C6BEE81484ECDDFE98794C37836B7F4E4AD1D3CF8DA8C3F40D87413CF6617C3CDC75495811BAFB32931DF51C87FDAC96FA1F66FD859A16B23B6BA6F8743AAE47BDF6B45CA46BC88E37D6C521FEE2766400C7C91E6053A64C79363EC61B6C679D75D643E3C78F6F1EE945195F1C8A177BAC832C06A9E2303B31EB1C83516911F5F4C5C7189C8A40DEF538B8C5D29033CE3823BF1DC1B918D0E2F78FEAE1F8B4455116B3EDB126BB2F1D403193D5B5C591528A4134427E31BB56740AA34AD68817C7D115B2CBF631F39B3A66ADFA7B08AFAE3F376694805D558378D4532CD3E8EE18D8F1587C7A55BC012F9DF98ECB98712E66CDE23B1ED127554BFD0FC3FE424D0BD99D35539C2FA3748955515FDD1DF2AF74063C6E9F7CF2C9F97D5D8FAB2D6497D9E4C9933F79DC71C7BD169DEC60491DE963B5B5B5BF1C3B76EC3B84EC173BBFFD5B7CC4BAB3F589C5B784BB2B8CE29D6DD763591733D3F1F1505C763DCC4FFCCDAEC7B22DFDF7CD9D3BB77300EC4B07502C73E9AEC563A34ABEEC543A20C763F145CBF8B8BA380EAF905DD64179203EB6A64207F1A8A138845E7114A19E0ED757BCB1EFBA8CAD78037EFAE9A7F72B00544AFD0FD3FE424D8FF0901DE3758CCB5D734211A4BB7EDA541AB26369487C4FA298882B66B84B0FBB29640F80E38F3FFE07F3E6CD7B7D30968DA470F8722C1319376EDC618A72F8B5A15A4F29640FF8A03CE24E34A3BFA8EEFA1FC6FD859A569FFD3AB882D3AA0FB1385CDD17BEF08527AFBAEAAAD70632606FDCB8F18D8686860DB5B5B5D315A5A62807CDEE7E1C6C8988FE427FA1A6D5A7A63E77550ABE7B4D9C3871F3CD37DFFCEA40CD607704ECB315A5A628876C50EEEFAC952F39EA2FF4176A5A7D6AEA7377C5913E264C98B0FEB2CB2E7BB6DC6BB06389C87098C156948AB28AF5F7E3611F27EB2FF4176A5A7D6AEAB39C33DA2910DF1E471D79EAA9A75ED9DDC3F4C55144E24B8ED5BE065B512ACA1116B4E3B4CACEE4A8BFD05FA869F5A9A9CF72ABA9A9999AC2F673DFFAD6B77EF6F8E38F3FDBDF33392E58B06055CC5E8F1F3FFEA26A3E8A88A25494C3D0988EC176CC4E1EDF6430D65FE82FD4B4FAD4D4E70089709C42F2ECD4D64D9E3CF9E7E79E7BEE8AF6F6F6077EFDEB5F3F551AAA376FDEFCDCCA952B57CF9B376FF9D4A9531F8E53A5C7991CABF544338A52518EE0196D1F27EB2FF4176A5A7D6AEA739067B60FEA08DC77A5F6646AAFA79675B467525B91DA79A98D6E6868789BA2D41465D50DCA0663FD85FE424DAB4F4D7DA228354559C641F90283B1FE427FA1A6D5A7A63E51949AA22C9F31F189D42887F4D25FE82FD4B4FAD4D4278A525394E5D33120A3BFD05F0C0363C78EFDA354D36FA83CF5A93E51949AA214B2F5179AFEA24C264F9EFC9654D3AFA93CF5A93E51949AA214B2F5179AFEA24CE2E003A9A6B7AA3CF5A93E51949AA214B2F5179AFEA24C264E9CF8F654D3BF5579EA537D52955A5B5BBDF02BBB6D4D45F9BA57AA90ADBFD0465A7F515F5FFFA7A9A65F5479EA537D5295962E5DFACCC68D1BBDF82BB4AD5FBFFEFA54948F7AA50AD9FA0B6DA4F5177575757BA69AFE7795A73ED52755A9ADADEDB3F7DE7BEF6F9E7BEEB9DF2982CA7AC71B05D9D2D2F2546A9FF74A15B2F517DA48EB2F6A6B6BF74A35BD49E5A94FF549D54A3BFD88F4EE6A557C8C11EB85AAB55D77DD75F9993BABF9FF50D2625F3CAA20856CFD853652FB8B14B2DF936AFA59553772EB73988CE9C6738645C05A1405397AF4E83D6C0D211BA86E13264CD827D5F4065B429F0E0CA19A9A9A835231BE1E05595B5BEBEC603A64A0CAD5D7D7BF2FD5F43A5B429F0E0C6DC8BE258AB1A3ADB24574C84075ABABABFB40AAE95FD912FA7460E88A70FF6216BB6829741F61CBE89081AA0ED97F996AFA715B429F0E0C5D112E2A0DD8C56CB6B5D93A64A0AA43F6FF4835FD0B5B429F0E0C4D01EE308B5DB4DADADAA36C211D32509D521FFE9154D38E2BAC4F0786A800EFEA2E6077B415B6900E19A84E63C78EDD3705ED35B6843E1D18FCE2EB7116DBDA6C1D3250DDEAEBEBFF2AF5E10FD912FA7460F08B6FD1CE02B6238DE89081EA555757B75F0AD90FDA12FA74404162FF03E50BD97F9D6AFA3E5B429F0E2848EC7FA07C21FBFFA69AFE375B429F0E2848EC7FA04C6A6B6B0F4E35FD635B429F0E2848EC7FA07C21FB6F524DFFC896D0A7030A12FB1F289371E3C67D2205ED25B6843E1D5090D8FF40F942F6DFA590DD664BE8D3010589FD0F942F641F9642F6625B429F0E2848EC7FA04CEAEAEA3E55535373B72DA14F071424F63F50BE90FD8F2964DF614BE8D3010589FD0F94496D6DED6752C8BEDD96D0A7030A12FB1F289314B03F9B6AFA565B429F0E2848EC7FA07C21FBE854D337D912FA74404162FF03E50BD9636B6B6B6FB425F4E98082C4FE07CA17B2C7A7907D9D2DA14F071424F63F50BE905D9F42F6D5B6843E1D5090D8FF40F942F6A414B2AFB425F4E98082C4FE07CA57CF0DA95D6E4BE8D3010589FD0F94AF9E8F4DED525B429F0E2848EC7FA07CF53C39B58B6D097D3AA020B1FF8132A9A9A9F94AAAE90B6D097D3AA020B1FF81F285ECA9A9A69B6D097D3AA020B1FF81F285EC69B5B5B5F36C097D3AA020B1FF81F285EC992964FF8B2DA14F071424F63F50BE7A3E31B5F36C097D3AA020B1FF81F2D5F3C9A99D634BE8D3010589FD0F94AF9EFF39B539B6843E1D5090D8FF40F9EA79566A67DA12FA74404162FF03E5ABE7D9A99D6E4BE8D3010589FD0F94AF9ECF4AED9BB6843E1D5090D8FF40F9EA794EACCBB625F4E98082C4FE07CA57CFE7C411466C097D3AA020B1FF81F2D5F37971AC6C5B429F0E2848EC7FA07CF57C7E6A336C097D3AA020B1FF81F2D573636A5FB325F4E98082C4FE07CA57CFF353FBAA2DA14F07142483BBAF17C5FEEEA5ADB2A5A06A6BFCA2D48EB7258CE980826470F7F5FEA9BDBEB3905D535373842D05555BE317A736D99630A6030A92C1DFDF77ED2464AF183D7AF41EB612546D7D5F9ADAB1B684311D50900CFEFEDEBFA7905D5B5B7B942D04555DDF97A7D6604B18D30105C9D0ECF3EED666AF328B0D555FDB57A536D19630A6030A92A1D9E73BACCDB6161B86456D5F935A9D2D614C071424432485EA5BCC62C3B0EBCFAF4FADC69630A6030A92A10BD90795ACC51E638B40F54BB57C63AAEDB1B684311D50900CEDBECFD7669BC5866153D337A5907DB42D614C07142443BBEFF7B7FF6158D5F4AD29647FD69630A6030AB2EA6459B6C7134F3CB170E5CA95BF6F6D6DCD162F5EAC55406B6969C9962E5DFA7C6A13BC4A19C1FDF9225F6236A6DB0AA020AB5204EC65CB96651B376ECC5E7DF555AD82DAA64D9BB2254B96BC9802F7E7BD5219A1FDF99D29641F6E4B18D30105597562065BC0AEE8A0FDEAE2C58B1FF54A6584F6E73F4C21FB93B684311D50905527968808B395DD52C87EDD2B9511DA9FB78C1B37EE305BC2980E28C8AA13EB7F05D98A0FD95ED38C48B5B5B56D2964FF9D2D614C0714E4B00DD9BFFDCD33D913AB2ECFD6B49C99B7B81EF709C142360C60C85E9242F6276C09633AA0208765C8DEF2C2FAECE11FCECA7E7AC749DBB5B82F1E1384856C18A0FEFC4729641F624B18D30105392C43F6BA35B7EF10B08BF6F49A4582B0900D03D59FAF88B3B9DA12C67440410ECB90FD68FBB77B0CD9F198202C64C300F5E73F4921FB005BC2980E28C86119B21F5E3CBBC7901D8F09C242360C507F7E7F0AD91FB7258CE9808214B235211BCA2405EC07EBEAEAF6B3258CE980821C96213B8E26D253C88EC70461211B0628643F545F5FFF57B684311D5090C332643FB67C7E8F213B1E1384856C1808B5B5B56BC68E1DBBAF2D614C0714E4B00CD99BD73F943D7CCFE93B2E1549F7C56382B0900D0314B2D7A690FD3F6D09633AA0208765C88EF6E47D57ED10B2E33E2158C88601ECCF1F4B21FB43B684311D5090C33364BFF24AF6D88F2FDA71A948BA2F1E1384856C18A0FEFC8914B23F684B18D3010539EC42769CD1F117CB9B7B5C931D8F39EBA3900D03D49FFFAAAEAEEE03B684311D5090C32764BFF24AF6CC636DD9CFEEFEE71E0376D1E239F15CB3DA423694B93F5F575F5FFF3E5BC2980E28C86111B27B9BBD36AB2D64C320F5E71B264C98B08F2D614C0714E4B008D97D99BDDED9ACB6602C644399FAF3E7264E9CF85F6C09633AA0208745C8DED5805D34C158C88632F5E7CF4F9A34E9DDB684311D5090C322646B423654829A9A9A171A1A1ADE654B18D3010529646B831EB2D36B7EFF14466EF16A66B8A9ADAD7DE9C8238F7CA72D614C0714A490AD0D5AC88E709DDAA2D45EF7BA6798F6E7BF9D3871E2DB6D09633AA020856C6DC04376D7705D34AF6686617FBEB5A1A1E16DB684311D509042B6366021BBA6A6E6A05816D2355C0BD90CE3FEFCB5C99327BFC59630A6030A52C8D6CADEAEBBEEBAACBB996B219B11D09FFF7EF6ECD96FB6258CE9808214B2B5B2B79D056B4D1BEE4D2F6D4CB71540410AD9FD689B376F8EFD94BDF0C20BD9D6AD5BB3071E7820BFAFB4B5B7B7EFF073F133E79E7B6EF6ECB3CF76DE9E33674EAF7FEF965B6EC9F6D9679F1E1F7FE49147B2D5AB5777FBF7AEBEFAEA8A582E326EDCB8C3D2EB7B85300218D301052964F7D8FEE88FFE283BF4D043F3901D613682765CCE9D3BB7338417CF7DE73BDF9907E1B86FC99225D9A2458BB2871F7E38BFFD939FFC24BBEBAEBBF2EB9B366DEAFC99C71E7BACF3FA6DB7DD967DE0031FE8BCBD6CD9B26E0375FCAE3BEEB8239B346952FE3371DF65975D96DD74D34DF9F522DC0FE5171F6B6B6BC7A4D7F932211B30A6030A52C8EEB6BDF8E28B9D01F7AAABAECA2F0F39E4902258763E2F42756363637EDF15575C915FD6D5D565D75E7B6DE7CFDF70C30D3B84E68F7FFCE379589E356B56B6E79E7B66A79D765A6778EE3A435D84F208FD1FFDE847B70BD9A3867046BBA743F875CC6C2F13B201633AA02085EC7CB679F9F2E579708D19E222101733D53143BD76EDDAED427611944BC378CC3AC78C74717BCB962D3B84EC2278779DC92E7D2CFE6E11A8E37AFC9EA2157FAFB87EDF7DF755DCC9683A66B657783503C67440418EE0905D1A7463AD7471BDB9B939FBDCE73E972FD5B8E79E7BB60BD94F3DF55476E9A597E6F71D70C0019D3F17B3CF71DFA73FFDE96E7FFFCE66B28B35DF31735D3C3FD665C7729108E0ADADAD9D2D66B3E372DDBA754EAB0E604C070549F584EC684500EE3A93BDD75E7BE56BB1E3BEA79F7E3A5FCF1DFB3AD662C7E353A64CC91F8B20DCDF99ECD2FB162E5CD879FDC0030FDC6E6D76F16F15B2018CE9A020A9E8901D4B439E7CF2C9CEF5D6C5171E8B2F35C6F3366CD8905F46808E99EB68B1CCE4139FF8447E3D967044E87EF9E597776926BBF4F90F3DF450F6F8E38FE7D70F3FFCF0ED4276775F9614B2018CE9A020A9B890FD96B7BC25FF2263314B1DB3CB7119CB434695CC6497FE4CE91AEAE2F2FCF3CFDFE1B9F13B7B3ABA48CC8677F7BBDFFAD6B77606FDD1A3470BD900C6744041565FC88ED9E4511D87DE2B8E535D7C81B1A7901DB3CD5D4373E98C7777ADBBE777F7BBE38825C5F5E24B995D979208D900C6745090546CC88E166BAF636948E97DB1FC6354C7171C4B0FE1174179EFBDF7CE2FE34B90718CEDA953A7E6B72FB9E492FC678A4302766D1198F7DD77DF9DFE5BE2C4385D67CCE38B8E679C71467E3B969108D900C6745090547CC8D6846C00633A2848215B13B2018CE9A02011B2856C00633AA020856C4DC80630A6838214B235211BC0980E0A12215BC80630A6030A52C816B2018CE9808214B235211BC0980E0A52C8D6846C00633AA020856C211BC0980E2848215B13B2018CE9A020856C4DC80630A6030A52C816B2018CE9808214B235211BC0980E0A7238696D6D15642BBB6D4D21FB75AF54C0980E28C82AB274E9D267366EDC28CC56685BBF7EFDF529643FEA950A18D301055945DADADA3E7BEFBDF7FEE6B9E79EFB9D505B5933D811B05B5A5A9E4AEDF35EA980311D5090552685B823162F5EBC2A9625C4FADF6A6EB1FFABFDFFD0D1625F3C2A6003C674404162FF03A04F070589FD0F803E1D5090D8FF00FA74404162FF03A04F070589FD0F803E1D5090D8FF00FA74404162FF03A04F070589FD0F803E1D1424F63F00FA74404162FF03A04F070589FD0F803E1D1424F63F00FA74404162FF03E8D3010589FD0F803E1D1424F63F00FA74404162FF03E8D3010589FD0F803E1D1424F63F00FA74404162FF03E8D3010589FD0F803E1D1424F63F00FA745090D8FF00E8D3010589FD0F803E1D1424F63F00FA7450900C9F7DBD28F6772F6D952D05604C0714247DDFD7FBA7F6FACE42764D4DCD11B61480311D5090F46F7FDFB59390BD62F4E8D17BD84A00C6744041D2BFFDBD7F4F21BBB6B6F6285B08A06AFA734B0041C8A60A3AE65566B101AAAA2FB70410846C2ABD63D6110354657F6E092008D9549214AA6F318B0D50F563B825802064536121FBA0928E788C2D0250B5E3B82580206453891DB38E18A0AAFB724B0041C8A6D23AE6A38F3EDAFE07A872960082904D6589652259C72500D51BB22D0104219B0A71586A2FA47641C7A58F1601AA7B3CB70410846C2A246017C13A663D3609DA0095AFB6B676AF9A9A9A347C8F3F2FB5F6D4D675F9D2E33371F8BEF49CEFA6E77E295DFF0B5B0D846C063F60F7763F001560DCB8718775ACBDDEDA87333D96B6F852E48AD41ACC728390CDC018D34B902E1EB79E0FA072C6E9387AC8AA7E06EB9EDAA331BB6DAB82904DF903766F01DA8C3640854881F8ECAE87E7ABAFAFCFCE3EFBEC6CE1C285D99A356BB2679E7926DBBA756B165E7BEDB56CE3C68DD92F7EF18BECE69B6FCE9F3771E2C4EEC2F65DE9F7BCCF1606219BDD73D8A8FECD50F7F7F90094D1D8B163DFD1B1DEBA331837343464575F7D751EA2FBE3E5975FCE6EBDF5D66CFAF4E959976369BF902E47DBDA2064B37B01FB885DF8B92D8236C09004EC65A58178D6AC59F98CF5EE78E38D37B23BEFBC339F092FF9DD5B52FBBCAD0E42368313B0CBF5F300F47F5CDE6E063B968544402E97F5EBD767279D745269D0DEEA0C912064D377BD7DC971B07F0F00BDE85883DD198057AE5C990D8458C31DEBB54B67B4D3DFFE883D0042367D0BC6E55AEA61461B60E0C7E3FD4BBFE41833D80329BE243967CE9CED8EAF1DC7E0B62740C866E781B808D86F4AED988ECBFEE8FA73BE0C0930806A6A6A1E2C5D835DCE25223D79E9A597B2E38E3BAEF4CB9017D8132064D373C03EA224287F2FB5ACE3B2AF41BBA79F13B40106409C68A6F42822BBFB25C7FEB8FFFEFBBB7E11F22FEC1110B2E9396087633A8272D68FA05D1AB08B36A9E4716BB401CA3F162F2A826E1CA66FB0CD9D3BB734689F678F8090CDCE836F7781796741BBBBE75FDACDF3ADD106289358075D9C2A3D0EAFD7DFE36097C3E38F3FBEDDF1B31B1A1ADE65CF80902D60EF7C09475F83765F0376D7A06DE90840CF017A716A7FB3B3E7A4503BBE08B871C48FA1527AB29AF46F3ECADE03217B24EB6BD0ED2D68F7376097FEFD4DA3CC6803F438C67684D6C5294C1FD4C373CE1BAC238AECCC0D37DCE00B90206433AAFF4B367A0ADA6FDEC5805DB0461BA097905DD2EEEA3AB35D7AF299B56BD70E59C88E637297BE29B0F740C816B0FBAEBBA0FDF3DD08D8BBFBEF01186921BB33C416613BDD5E57DC3F984715E9EAD7BFFEF576C7CCB6F7A03C1DC0EF3B0E80FF6A6ABF4BEDB7A9F85F8A2F3FA4EB9B53DB98DAB3A96DE8E80C9E4AEDC9D47E99DA2F527B343D7F4DBAFC596AAB537B20B5FB52FBB7D456A4F6A3D496A6766F6AADD1B9A4CB1FA676676AFF9AFECEEDA9DD92AEDF941EBB315D5E9FDAB5A97D3FDDBE325D5E9EDAA5A95D92DA45E9B90BD265737A6C5EBA3C3FDD9E9BDAB7E34C59A97D2BDD77666AB3539B95EE3F2DDD776A6ADF48B74F4CB767A6362DDD3E21B529E9BEE3539B9CDAB1E9FE2FA4FB8E496D42BA5D975ABAAB666CBAFDB9589F966E1F19A79E4DEDF0BABABA4FC52197D2FD7F9FEE1F9DDAA1E9F621E9F6C1E9B1FF1B271548CFFB786AFFBBBEBEFEAFC68E1DBB6F9C4D2BDDFE706AFF3DDDFE607ADE07D263EF4BCFFDAFE9B1F7A4FBF69E3469D2BBE30B27E9FE3F4DB7DF91DA7F3AFCF0C3DF3A7AF4E83D66CF9E1DB3CEBB3B73DC5DD0DE9D80DD35685BA30DD04BC82E9DD92EBD1D67621C2A71729AD27F8BBD076510E12D425C0A747F1CA16EE2C4896F3FF2C823DF19612FDDFECF11FE22044E9830619F0885E9F67F8BE36846584C41F17F44788C10996E7F3442657AECFFA4FBFF3AC266AC418BF01921343DEF6F239446384DF77F32C26ABAFFD3E9BECF44884DB78F8E501BE1B6769B09E9F6A474BB2142706AC745288E709CEE9F1A6139DD9E916E7F3D4274BA7D4A84EA08D7A99D1E61BB2374FFFF11C263DD5BBAFD2F11CED3EDA68EB07E516A1747884FF75F962EAF88709FDA3511F623F4A7E7FDA0E34DC06D1D8759BA33DDBEBBE3CD426BC7477D4B3BDE4CFCB8E3CDC5AAD4EE8F371DE9B90F75BC097934B59F77BC397922B55F75BC6959DFF12626DECC3CDFF1E6E6C58EE395C69B9E573ADE04FDBEA3E3DBDDB57211D6BBCE60FFBCE3FEDD71411F06144DD334AD8736D4846C6024DBDD53A6EF6C26BB3F27AC31930DB0EB33D9ABE293D198E032930D503922D06E1935306BB27725685B930DD0B790DD19AE4B9E634D36408505EDFECC1CF77498BEEE8E2ED29FA0EDE82200BD87EC15B12CB2345C973CC7D145002A3468F716707B3B0E767FCF0C59D87F94E36403EC2C64EF3073DDCD739A2BE138D9F1B74BDE1434DB7BC048D7DB4C725F4F34D3DFA05D2C5971563080DDD07144AB213FE3E349279D541AB23F6FCF00F43CA3DDDF3339F63568177F4FC006D84D1D8772DD1AE1365DCF5E7AE9A5A15E8FBD3505FFBDEC19806D6246BBEBD28D6346F5FF38D8DD05ED495DFE8E35D8006554BA2EFBE69B6F1EF4907DD145179586ECCBED11801D8376E997214B03737F4E34D3D3CF394C1FC000285D323265CA94413D94DFFAF5EBF319F4E2EFD7D5D5ED678F00ECA8EBD29108C89346F5FFB07C5D7F6E778FCF0D400F3A8E97FDB322E8DE7AEBAD8316B2CF3CF3CCCE801D275EB33700FA1EB47757774B510028A3D2D9EC9859FED5AF7E35E001FBCE3BEF2C5D26F27A9CB9D99E00189CA0ED443300832405DD4545E89D397366F6F2CB2F0F58C05EBE7CF976CB44523BDE1E00E89BDD5DE2618908C0201A3B76EC9FA7B0BBA908BE73E6CCC94F773E1001BBA1A1C1971D01CA10B4FB3B13ED4B8E0043A0A6A6E6A0D45E280270AC99DEBC79735997887499C1BE2B85FB77D8F200FDD7DF251F9688000CA138057B71ECEC6831EB1CA73DDFDDA3889C7EFAE9A5E15AC00618C4A01DA74A7726478021366EDCB8C35208DE521A8AE38C906BD7AEEDF78966E238D85D66AFF32522023640798CE908D06376F2F826011BA032D4D6D67E2485E1755DC27176C2092764D75D775DB66CD9B2FC2824C5BAEDB88C501DB3DE0B172ECC4E3EF9E4AEC13A3F8A882F3902945F4F33DA96880054A0986D4E61FBECAEB3DABBD2E238D80ED3073078415BC006A870F5F5F5EF4B41F9ACD22F45F6B1C5DAEECB9DC911607083F605023640F5686868785BC77AEDF3E28B8BDD2C2779A6B6B67671BA6C4E817C7CBABE97AD0630B8620D7636CA61FA0000A0ACDE6513000000000000000000000000000000000000000000000000F4CFFF032F54BDC3640464510000000049454E44AE426082, '1');
INSERT INTO `act_ge_bytearray` VALUES ('b7ce9be3f5264c64b3a6e5f8bbbea819', '1', 'source-extra', null, 0x89504E470D0A1A0A0000000D494844520000008C000000CE0806000000EC50EA59000000206348524D00007A26000080840000FA00000080E8000075300000EA6000003A98000017709CBA513C0000000467414D410000B18E7CFB5193000000017352474200AECE1CE900000006624B474400FF00FF00FFA0BDA793000000097048597300000EC400000EC401952B0E1B000004DD4944415478DAEDDB5D48A4551CC7F147671CDDB5196D2C104C4C19CDF7371291D516CA3294BA92D40C826019A38BBCB320F122A11BF12A76499250424734B5408451F28555847C1FB142975D57745C5B75C6171C58753A67DB6EDA1B0D7DE079E6FB01390A8E078E3FFEE79CE79C475100000000000000000000000000000000000000000000000000000000000000000000000000000000000000000000000000000000000000000000000000000000000000000000000000000000000000000000000000000000000000000000000000000000000010B8821882E7F9FDFE3097CBF5F1DCDCDC876EB73B7B7373F3FAFEFEBED1E7F32946A3D16F369B9F58ADD60D8BC532297EFDEBBABABA3F094C8006A5B7B7B7657979B96A6767C7989292A264656529B1B1B18A0888121616A6C8D01C1C1C28EBEBEBCAD2D292323B3BEB0F0E0E7E787474D4D8D2D2F23D8109105353539F0C0F0FDFF67ABDA19595954F83623018CEF5D9858505C5E1709CEEEDEDADECEEEEBED7DDDDBDAAD771325055FCC6DCDCDCE19E9E9ECF8B8A8A8C3535354A4C4C8C22AAC6B9FF467474B4525C5C1C1C1212F2D2EAEAEAADBCBCBC47333333B304468761191B1B9B1C1818B8515B5BAB1414145C2828FF65B3D994ECECEC90898989B745EB11D3D56F04464764659161A9AFAF7FBA4EB90C9191914A7E7E7EC8C8C8C81B494949EB629DB3486074B26691D390AC2C9715967F8587872B999999A6F1F1F1375353537F16A179AC97710B0EC4B0C8DD90D3E9BC535656A62426265E491F7171714A454545A898E27ED0D3D8056460FAFBFB5BC5D6D854525272A5FD9496965E8B888888AFAAAAFA88C068B8BA8829E203B97516BB9A2BEFCF6EB7BF28AACC670446A3E413DCEDED6DA37CCEA206B996090D0D8D17017D95C068907CDC7F91877297212323634B34E5044683E4D9507A7ABAAA7D8A6D76A4686E12180D9207897207A3A6848484EBA2C9D6C3F819032D30F2D4593E5C5393D829BD2C1A1F154683E469B33C7556D3B3FEC2088C06891D8B5F86464DC7C7C78FA8301A65B1589E783C1E55FB14FD7945F398C0689058BF3C5C5B5B53B54F97CB754F34F304469B15664CDE9453D3E4E4A45F3463044683BC5EEF37F3F3F367A7A7A7AAADB35756569245DB436034A8B1B1F19EC964BA2FAF55AAC1E974FE747676B6E970381E1018ED56992F3B3A3A4E54A8329EB6B6B6D4A0A0A0EFF43276011998D6D6D6EEC3C3C3DF070707AFB49FA6A626595D8EDC6EB783C068BFCABCDFD7D7772CD61757B533FA656666A64C54975BA3A3A3277A19B780BDA229764A9EB4B4B407D3D3D3EFCA3BB8F25AE565D9D8D898686868784D7CFB456767E7AF7A1AB780BE04BEB8B8E84A4E4EDEBA7BF7EE5BA2354545455D4A65916111EBA33B62A17B5B6F6316F0EF25897FF09CCD66BB2F42F38EC16038494C4C34FDCF574D3CCDCDCD8EAEAEAE9B7EBFFF2BD17EABC7F1E2CDC767E48D38119456B3D99C66B7DB2D393939D7CEF951DFD0D0507F7B7BBBEDE4E4C427D72C621AFA43AFE344609E0F4EB908CEA7269329434C537F151616BE101F1F6FB25AADD1F2D4591E24CAB3A1E5E5E51551950C62D12CA79F0DB9F9DADADAFA514F0B5C027301D5D5D5AF882D71B9985E6E881F5F175FD1CA3F5714E4A9B33C48946743F2717F8F5E1ECA010000000000000000000000000000000000000000000000000000000000000000000000000000009AF337E841B5449EA15F8C0000000049454E44AE426082, null);
INSERT INTO `act_ge_bytearray` VALUES ('d3f6707c0d40475f81c19a6a1863ce7d', '1', 'leave.bpmn20.xml', '121f10a0f9144f2c81dbbc79ca7b7758', 0x3C3F786D6C2076657273696F6E3D22312E302220656E636F64696E673D225554462D38223F3E0A3C646566696E6974696F6E7320786D6C6E733D22687474703A2F2F7777772E6F6D672E6F72672F737065632F42504D4E2F32303130303532342F4D4F44454C2220786D6C6E733A7873693D22687474703A2F2F7777772E77332E6F72672F323030312F584D4C536368656D612D696E7374616E63652220786D6C6E733A61637469766974693D22687474703A2F2F61637469766974692E6F72672F62706D6E2220786D6C6E733A62706D6E64693D22687474703A2F2F7777772E6F6D672E6F72672F737065632F42504D4E2F32303130303532342F44492220786D6C6E733A6F6D6764633D22687474703A2F2F7777772E6F6D672E6F72672F737065632F44442F32303130303532342F44432220786D6C6E733A6F6D6764693D22687474703A2F2F7777772E6F6D672E6F72672F737065632F44442F32303130303532342F44492220747970654C616E67756167653D22687474703A2F2F7777772E77332E6F72672F323030312F584D4C536368656D61222065787072657373696F6E4C616E67756167653D22687474703A2F2F7777772E77332E6F72672F313939392F585061746822207461726765744E616D6573706163653D22636F6D2E7468696E6B67656D2E6A6565736974652E6D6F64756C65732E6F612E6C65617665223E0A20203C70726F636573732069643D226C6561766522206E616D653D22E8AFB7E58187E6B581E7A88B2220697345786563757461626C653D2274727565223E0A202020203C646F63756D656E746174696F6E3EE8AFB7E58187E6B581E7A88BE6BC94E7A4BA3C2F646F63756D656E746174696F6E3E0A202020203C73746172744576656E742069643D2273746172746576656E743122206E616D653D225374617274222061637469766974693A696E69746961746F723D226170706C79557365724964223E3C2F73746172744576656E743E0A202020203C757365725461736B2069643D22646570744C6561646572417564697422206E616D653D22E983A8E997A8E9A286E5AFBCE5AEA1E689B9222061637469766974693A63616E64696461746547726F7570733D2264657074223E3C2F757365725461736B3E0A202020203C6578636C7573697665476174657761792069643D226578636C7573697665676174657761793522206E616D653D224578636C75736976652047617465776179223E3C2F6578636C7573697665476174657761793E0A202020203C757365725461736B2069643D226D6F646966794170706C7922206E616D653D22E8B083E695B4E794B3E8AFB7222061637469766974693A61737369676E65653D22247B6170706C795573657249647D223E0A2020202020203C657874656E73696F6E456C656D656E74733E0A20202020202020203C61637469766974693A7461736B4C697374656E6572206576656E743D22636F6D706C657465222064656C656761746545787072657373696F6E3D22247B6C656176654D6F6469667950726F636573736F727D223E3C2F61637469766974693A7461736B4C697374656E65723E0A2020202020203C2F657874656E73696F6E456C656D656E74733E0A202020203C2F757365725461736B3E0A202020203C757365725461736B2069643D226872417564697422206E616D653D22E4BABAE4BA8BE5AEA1E689B9222061637469766974693A63616E64696461746547726F7570733D226872223E3C2F757365725461736B3E0A202020203C6578636C7573697665476174657761792069643D226578636C7573697665676174657761793622206E616D653D224578636C75736976652047617465776179223E3C2F6578636C7573697665476174657761793E0A202020203C757365725461736B2069643D227265706F72744261636B22206E616D653D22E99480E58187222061637469766974693A61737369676E65653D22247B6170706C795573657249647D223E0A2020202020203C657874656E73696F6E456C656D656E74733E0A20202020202020203C61637469766974693A7461736B4C697374656E6572206576656E743D22636F6D706C657465222064656C656761746545787072657373696F6E3D22247B6C656176655265706F727450726F636573736F727D223E3C2F61637469766974693A7461736B4C697374656E65723E0A2020202020203C2F657874656E73696F6E456C656D656E74733E0A202020203C2F757365725461736B3E0A202020203C656E644576656E742069643D22656E646576656E743122206E616D653D22456E64223E3C2F656E644576656E743E0A202020203C6578636C7573697665476174657761792069643D226578636C7573697665676174657761793722206E616D653D224578636C75736976652047617465776179223E3C2F6578636C7573697665476174657761793E0A202020203C73657175656E6365466C6F772069643D22666C6F77322220736F757263655265663D2273746172746576656E743122207461726765745265663D22646570744C65616465724175646974223E3C2F73657175656E6365466C6F773E0A202020203C73657175656E6365466C6F772069643D22666C6F77332220736F757263655265663D22646570744C6561646572417564697422207461726765745265663D226578636C75736976656761746577617935223E3C2F73657175656E6365466C6F773E0A202020203C73657175656E6365466C6F772069643D22666C6F773422206E616D653D22E4B88DE5908CE6848F2220736F757263655265663D226578636C7573697665676174657761793522207461726765745265663D226D6F646966794170706C79223E0A2020202020203C636F6E646974696F6E45787072657373696F6E207873693A747970653D2274466F726D616C45787072657373696F6E223E3C215B43444154415B247B21646570744C6561646572506173737D5D5D3E3C2F636F6E646974696F6E45787072657373696F6E3E0A202020203C2F73657175656E6365466C6F773E0A202020203C73657175656E6365466C6F772069643D22666C6F773522206E616D653D22E5908CE6848F2220736F757263655265663D226578636C7573697665676174657761793522207461726765745265663D2268724175646974223E0A2020202020203C636F6E646974696F6E45787072657373696F6E207873693A747970653D2274466F726D616C45787072657373696F6E223E3C215B43444154415B247B646570744C6561646572506173737D5D5D3E3C2F636F6E646974696F6E45787072657373696F6E3E0A202020203C2F73657175656E6365466C6F773E0A202020203C73657175656E6365466C6F772069643D22666C6F77362220736F757263655265663D226872417564697422207461726765745265663D226578636C75736976656761746577617936223E3C2F73657175656E6365466C6F773E0A202020203C73657175656E6365466C6F772069643D22666C6F773722206E616D653D22E5908CE6848F2220736F757263655265663D226578636C7573697665676174657761793622207461726765745265663D227265706F72744261636B223E0A2020202020203C636F6E646974696F6E45787072657373696F6E207873693A747970653D2274466F726D616C45787072657373696F6E223E3C215B43444154415B247B6872506173737D5D5D3E3C2F636F6E646974696F6E45787072657373696F6E3E0A202020203C2F73657175656E6365466C6F773E0A202020203C73657175656E6365466C6F772069643D22666C6F77382220736F757263655265663D227265706F72744261636B22207461726765745265663D22656E646576656E7431223E3C2F73657175656E6365466C6F773E0A202020203C73657175656E6365466C6F772069643D22666C6F773922206E616D653D22E4B88DE5908CE6848F2220736F757263655265663D226578636C7573697665676174657761793622207461726765745265663D226D6F646966794170706C79223E0A2020202020203C636F6E646974696F6E45787072657373696F6E207873693A747970653D2274466F726D616C45787072657373696F6E223E3C215B43444154415B247B216872506173737D5D5D3E3C2F636F6E646974696F6E45787072657373696F6E3E0A202020203C2F73657175656E6365466C6F773E0A202020203C73657175656E6365466C6F772069643D22666C6F77313022206E616D653D22E9878DE696B0E794B3E8AFB72220736F757263655265663D226578636C7573697665676174657761793722207461726765745265663D22646570744C65616465724175646974223E0A2020202020203C636F6E646974696F6E45787072657373696F6E207873693A747970653D2274466F726D616C45787072657373696F6E223E3C215B43444154415B247B72654170706C797D5D5D3E3C2F636F6E646974696F6E45787072657373696F6E3E0A202020203C2F73657175656E6365466C6F773E0A202020203C73657175656E6365466C6F772069643D22666C6F7731312220736F757263655265663D226D6F646966794170706C7922207461726765745265663D226578636C75736976656761746577617937223E3C2F73657175656E6365466C6F773E0A202020203C73657175656E6365466C6F772069643D22666C6F77313222206E616D653D22E7BB93E69D9FE6B581E7A88B2220736F757263655265663D226578636C7573697665676174657761793722207461726765745265663D22656E646576656E7431223E0A2020202020203C636F6E646974696F6E45787072657373696F6E207873693A747970653D2274466F726D616C45787072657373696F6E223E3C215B43444154415B247B2172654170706C797D5D5D3E3C2F636F6E646974696F6E45787072657373696F6E3E0A202020203C2F73657175656E6365466C6F773E0A20203C2F70726F636573733E0A20203C62706D6E64693A42504D4E4469616772616D2069643D2242504D4E4469616772616D5F6C65617665223E0A202020203C62706D6E64693A42504D4E506C616E652062706D6E456C656D656E743D226C65617665222069643D2242504D4E506C616E655F6C65617665223E0A2020202020203C62706D6E64693A42504D4E53686170652062706D6E456C656D656E743D2273746172746576656E7431222069643D2242504D4E53686170655F73746172746576656E7431223E0A20202020202020203C6F6D6764633A426F756E6473206865696768743D2233352E30222077696474683D2233352E302220783D2231302E302220793D2239302E30223E3C2F6F6D6764633A426F756E64733E0A2020202020203C2F62706D6E64693A42504D4E53686170653E0A2020202020203C62706D6E64693A42504D4E53686170652062706D6E456C656D656E743D22646570744C65616465724175646974222069643D2242504D4E53686170655F646570744C65616465724175646974223E0A20202020202020203C6F6D6764633A426F756E6473206865696768743D2235352E30222077696474683D223130352E302220783D2239302E302220793D2238302E30223E3C2F6F6D6764633A426F756E64733E0A2020202020203C2F62706D6E64693A42504D4E53686170653E0A2020202020203C62706D6E64693A42504D4E53686170652062706D6E456C656D656E743D226578636C75736976656761746577617935222069643D2242504D4E53686170655F6578636C75736976656761746577617935223E0A20202020202020203C6F6D6764633A426F756E6473206865696768743D2234302E30222077696474683D2234302E302220783D223235302E302220793D2238372E30223E3C2F6F6D6764633A426F756E64733E0A2020202020203C2F62706D6E64693A42504D4E53686170653E0A2020202020203C62706D6E64693A42504D4E53686170652062706D6E456C656D656E743D226D6F646966794170706C79222069643D2242504D4E53686170655F6D6F646966794170706C79223E0A20202020202020203C6F6D6764633A426F756E6473206865696768743D2235352E30222077696474683D223130352E302220783D223231382E302220793D223139302E30223E3C2F6F6D6764633A426F756E64733E0A2020202020203C2F62706D6E64693A42504D4E53686170653E0A2020202020203C62706D6E64693A42504D4E53686170652062706D6E456C656D656E743D2268724175646974222069643D2242504D4E53686170655F68724175646974223E0A20202020202020203C6F6D6764633A426F756E6473206865696768743D2235352E30222077696474683D223130352E302220783D223335382E302220793D2238302E30223E3C2F6F6D6764633A426F756E64733E0A2020202020203C2F62706D6E64693A42504D4E53686170653E0A2020202020203C62706D6E64693A42504D4E53686170652062706D6E456C656D656E743D226578636C75736976656761746577617936222069643D2242504D4E53686170655F6578636C75736976656761746577617936223E0A20202020202020203C6F6D6764633A426F756E6473206865696768743D2234302E30222077696474683D2234302E302220783D223439352E302220793D2238372E30223E3C2F6F6D6764633A426F756E64733E0A2020202020203C2F62706D6E64693A42504D4E53686170653E0A2020202020203C62706D6E64693A42504D4E53686170652062706D6E456C656D656E743D227265706F72744261636B222069643D2242504D4E53686170655F7265706F72744261636B223E0A20202020202020203C6F6D6764633A426F756E6473206865696768743D2235352E30222077696474683D223130352E302220783D223539302E302220793D2238302E30223E3C2F6F6D6764633A426F756E64733E0A2020202020203C2F62706D6E64693A42504D4E53686170653E0A2020202020203C62706D6E64693A42504D4E53686170652062706D6E456C656D656E743D22656E646576656E7431222069643D2242504D4E53686170655F656E646576656E7431223E0A20202020202020203C6F6D6764633A426F756E6473206865696768743D2233352E30222077696474683D2233352E302220783D223632352E302220793D223238332E30223E3C2F6F6D6764633A426F756E64733E0A2020202020203C2F62706D6E64693A42504D4E53686170653E0A2020202020203C62706D6E64693A42504D4E53686170652062706D6E456C656D656E743D226578636C75736976656761746577617937222069643D2242504D4E53686170655F6578636C75736976656761746577617937223E0A20202020202020203C6F6D6764633A426F756E6473206865696768743D2234302E30222077696474683D2234302E302220783D223235302E302220793D223238302E30223E3C2F6F6D6764633A426F756E64733E0A2020202020203C2F62706D6E64693A42504D4E53686170653E0A2020202020203C62706D6E64693A42504D4E456467652062706D6E456C656D656E743D22666C6F7732222069643D2242504D4E456467655F666C6F7732223E0A20202020202020203C6F6D6764693A776179706F696E7420783D2234352E302220793D223130372E30223E3C2F6F6D6764693A776179706F696E743E0A20202020202020203C6F6D6764693A776179706F696E7420783D2239302E302220793D223130372E30223E3C2F6F6D6764693A776179706F696E743E0A2020202020203C2F62706D6E64693A42504D4E456467653E0A2020202020203C62706D6E64693A42504D4E456467652062706D6E456C656D656E743D22666C6F7733222069643D2242504D4E456467655F666C6F7733223E0A20202020202020203C6F6D6764693A776179706F696E7420783D223139352E302220793D223130372E30223E3C2F6F6D6764693A776179706F696E743E0A20202020202020203C6F6D6764693A776179706F696E7420783D223235302E302220793D223130372E30223E3C2F6F6D6764693A776179706F696E743E0A2020202020203C2F62706D6E64693A42504D4E456467653E0A2020202020203C62706D6E64693A42504D4E456467652062706D6E456C656D656E743D22666C6F7734222069643D2242504D4E456467655F666C6F7734223E0A20202020202020203C6F6D6764693A776179706F696E7420783D223237302E302220793D223132372E30223E3C2F6F6D6764693A776179706F696E743E0A20202020202020203C6F6D6764693A776179706F696E7420783D223237302E302220793D223139302E30223E3C2F6F6D6764693A776179706F696E743E0A20202020202020203C62706D6E64693A42504D4E4C6162656C3E0A202020202020202020203C6F6D6764633A426F756E6473206865696768743D2231342E30222077696474683D2233362E302220783D2231302E302220793D22302E30223E3C2F6F6D6764633A426F756E64733E0A20202020202020203C2F62706D6E64693A42504D4E4C6162656C3E0A2020202020203C2F62706D6E64693A42504D4E456467653E0A2020202020203C62706D6E64693A42504D4E456467652062706D6E456C656D656E743D22666C6F7735222069643D2242504D4E456467655F666C6F7735223E0A20202020202020203C6F6D6764693A776179706F696E7420783D223239302E302220793D223130372E30223E3C2F6F6D6764693A776179706F696E743E0A20202020202020203C6F6D6764693A776179706F696E7420783D223335382E302220793D223130372E30223E3C2F6F6D6764693A776179706F696E743E0A20202020202020203C62706D6E64693A42504D4E4C6162656C3E0A202020202020202020203C6F6D6764633A426F756E6473206865696768743D2231342E30222077696474683D2232342E302220783D222D32342E302220793D222D31372E30223E3C2F6F6D6764633A426F756E64733E0A20202020202020203C2F62706D6E64693A42504D4E4C6162656C3E0A2020202020203C2F62706D6E64693A42504D4E456467653E0A2020202020203C62706D6E64693A42504D4E456467652062706D6E456C656D656E743D22666C6F7736222069643D2242504D4E456467655F666C6F7736223E0A20202020202020203C6F6D6764693A776179706F696E7420783D223436332E302220793D223130372E30223E3C2F6F6D6764693A776179706F696E743E0A20202020202020203C6F6D6764693A776179706F696E7420783D223439352E302220793D223130372E30223E3C2F6F6D6764693A776179706F696E743E0A2020202020203C2F62706D6E64693A42504D4E456467653E0A2020202020203C62706D6E64693A42504D4E456467652062706D6E456C656D656E743D22666C6F7737222069643D2242504D4E456467655F666C6F7737223E0A20202020202020203C6F6D6764693A776179706F696E7420783D223533352E302220793D223130372E30223E3C2F6F6D6764693A776179706F696E743E0A20202020202020203C6F6D6764693A776179706F696E7420783D223539302E302220793D223130372E30223E3C2F6F6D6764693A776179706F696E743E0A20202020202020203C62706D6E64693A42504D4E4C6162656C3E0A202020202020202020203C6F6D6764633A426F756E6473206865696768743D2231342E30222077696474683D2232342E302220783D222D32322E302220793D222D31372E30223E3C2F6F6D6764633A426F756E64733E0A20202020202020203C2F62706D6E64693A42504D4E4C6162656C3E0A2020202020203C2F62706D6E64693A42504D4E456467653E0A2020202020203C62706D6E64693A42504D4E456467652062706D6E456C656D656E743D22666C6F7738222069643D2242504D4E456467655F666C6F7738223E0A20202020202020203C6F6D6764693A776179706F696E7420783D223634322E302220793D223133352E30223E3C2F6F6D6764693A776179706F696E743E0A20202020202020203C6F6D6764693A776179706F696E7420783D223634322E302220793D223238332E30223E3C2F6F6D6764693A776179706F696E743E0A2020202020203C2F62706D6E64693A42504D4E456467653E0A2020202020203C62706D6E64693A42504D4E456467652062706D6E456C656D656E743D22666C6F7739222069643D2242504D4E456467655F666C6F7739223E0A20202020202020203C6F6D6764693A776179706F696E7420783D223531352E302220793D223132372E30223E3C2F6F6D6764693A776179706F696E743E0A20202020202020203C6F6D6764693A776179706F696E7420783D223531342E302220793D223231372E30223E3C2F6F6D6764693A776179706F696E743E0A20202020202020203C6F6D6764693A776179706F696E7420783D223332332E302220793D223231372E30223E3C2F6F6D6764693A776179706F696E743E0A20202020202020203C62706D6E64693A42504D4E4C6162656C3E0A202020202020202020203C6F6D6764633A426F756E6473206865696768743D2231342E30222077696474683D2233362E302220783D2232342E302220793D22332E30223E3C2F6F6D6764633A426F756E64733E0A20202020202020203C2F62706D6E64693A42504D4E4C6162656C3E0A2020202020203C2F62706D6E64693A42504D4E456467653E0A2020202020203C62706D6E64693A42504D4E456467652062706D6E456C656D656E743D22666C6F773130222069643D2242504D4E456467655F666C6F773130223E0A20202020202020203C6F6D6764693A776179706F696E7420783D223235302E302220793D223330302E30223E3C2F6F6D6764693A776179706F696E743E0A20202020202020203C6F6D6764693A776179706F696E7420783D223134322E302220793D223239392E30223E3C2F6F6D6764693A776179706F696E743E0A20202020202020203C6F6D6764693A776179706F696E7420783D223134322E302220793D223133352E30223E3C2F6F6D6764693A776179706F696E743E0A20202020202020203C62706D6E64693A42504D4E4C6162656C3E0A202020202020202020203C6F6D6764633A426F756E6473206865696768743D2231342E30222077696474683D2234382E302220783D22382E302220793D222D312E30223E3C2F6F6D6764633A426F756E64733E0A20202020202020203C2F62706D6E64693A42504D4E4C6162656C3E0A2020202020203C2F62706D6E64693A42504D4E456467653E0A2020202020203C62706D6E64693A42504D4E456467652062706D6E456C656D656E743D22666C6F773131222069643D2242504D4E456467655F666C6F773131223E0A20202020202020203C6F6D6764693A776179706F696E7420783D223237302E302220793D223234352E30223E3C2F6F6D6764693A776179706F696E743E0A20202020202020203C6F6D6764693A776179706F696E7420783D223237302E302220793D223238302E30223E3C2F6F6D6764693A776179706F696E743E0A2020202020203C2F62706D6E64693A42504D4E456467653E0A2020202020203C62706D6E64693A42504D4E456467652062706D6E456C656D656E743D22666C6F773132222069643D2242504D4E456467655F666C6F773132223E0A20202020202020203C6F6D6764693A776179706F696E7420783D223239302E302220793D223330302E30223E3C2F6F6D6764693A776179706F696E743E0A20202020202020203C6F6D6764693A776179706F696E7420783D223632352E302220793D223330302E30223E3C2F6F6D6764693A776179706F696E743E0A20202020202020203C62706D6E64693A42504D4E4C6162656C3E0A202020202020202020203C6F6D6764633A426F756E6473206865696768743D2231342E30222077696474683D2234382E302220783D222D31352E302220793D222D32302E30223E3C2F6F6D6764633A426F756E64733E0A20202020202020203C2F62706D6E64693A42504D4E4C6162656C3E0A2020202020203C2F62706D6E64693A42504D4E456467653E0A202020203C2F62706D6E64693A42504D4E506C616E653E0A20203C2F62706D6E64693A42504D4E4469616772616D3E0A3C2F646566696E6974696F6E733E, '0');

-- ----------------------------
-- Table structure for `act_ge_property`
-- ----------------------------
DROP TABLE IF EXISTS `act_ge_property`;
CREATE TABLE `act_ge_property` (
  `NAME_` varchar(64) COLLATE utf8_bin NOT NULL DEFAULT '',
  `VALUE_` varchar(300) COLLATE utf8_bin DEFAULT NULL,
  `REV_` int(11) DEFAULT NULL,
  PRIMARY KEY (`NAME_`)
) ENGINE=InnoDB DEFAULT CHARSET=utf8 COLLATE=utf8_bin;

-- ----------------------------
-- Records of act_ge_property
-- ----------------------------
INSERT INTO `act_ge_property` VALUES ('next.dbid', '1', '1');
INSERT INTO `act_ge_property` VALUES ('schema.history', 'create(5.15.1) upgrade(5.15.1->5.21.0.0)', '2');
INSERT INTO `act_ge_property` VALUES ('schema.version', '5.21.0.0', '2');

-- ----------------------------
-- Table structure for `act_hi_actinst`
-- ----------------------------
DROP TABLE IF EXISTS `act_hi_actinst`;
CREATE TABLE `act_hi_actinst` (
  `ID_` varchar(64) COLLATE utf8_bin NOT NULL,
  `PROC_DEF_ID_` varchar(64) COLLATE utf8_bin NOT NULL,
  `PROC_INST_ID_` varchar(64) COLLATE utf8_bin NOT NULL,
  `EXECUTION_ID_` varchar(64) COLLATE utf8_bin NOT NULL,
  `ACT_ID_` varchar(255) COLLATE utf8_bin NOT NULL,
  `TASK_ID_` varchar(64) COLLATE utf8_bin DEFAULT NULL,
  `CALL_PROC_INST_ID_` varchar(64) COLLATE utf8_bin DEFAULT NULL,
  `ACT_NAME_` varchar(255) COLLATE utf8_bin DEFAULT NULL,
  `ACT_TYPE_` varchar(255) COLLATE utf8_bin NOT NULL,
  `ASSIGNEE_` varchar(255) COLLATE utf8_bin DEFAULT NULL,
  `START_TIME_` datetime NOT NULL,
  `END_TIME_` datetime DEFAULT NULL,
  `DURATION_` bigint(20) DEFAULT NULL,
  `TENANT_ID_` varchar(255) COLLATE utf8_bin DEFAULT '',
  PRIMARY KEY (`ID_`),
  KEY `ACT_IDX_HI_ACT_INST_START` (`START_TIME_`),
  KEY `ACT_IDX_HI_ACT_INST_END` (`END_TIME_`),
  KEY `ACT_IDX_HI_ACT_INST_PROCINST` (`PROC_INST_ID_`,`ACT_ID_`),
  KEY `ACT_IDX_HI_ACT_INST_EXEC` (`EXECUTION_ID_`,`ACT_ID_`)
) ENGINE=InnoDB DEFAULT CHARSET=utf8 COLLATE=utf8_bin;

-- ----------------------------
-- Records of act_hi_actinst
-- ----------------------------
INSERT INTO `act_hi_actinst` VALUES ('a3153cac26f04a9fa9ce73a2526d6b43', 'leave:1:9977b916f53c4becaed8db9074de42af', '0ce035902d3e4495baae12dcad1f23b6', '0ce035902d3e4495baae12dcad1f23b6', 'deptLeaderAudit', 'd4094f401832489c8a2e6dd131031748', null, '', 'userTask', 'admin', '2016-11-09 16:14:15', '2016-11-09 16:15:22', '67036', '');
INSERT INTO `act_hi_actinst` VALUES ('ae5c262a818a498f8aec81e3ee858387', 'test_audit:1:998e4cd2d8fa40d19d74bec4450d1e85', 'fb8620610b3a4096b84494a1e3a4addc', 'fb8620610b3a4096b84494a1e3a4addc', 'audit', 'e0ac8dd01e0d44f1b3f4156b231a2269', null, '', 'userTask', 'thinkgem', '2016-11-09 16:58:30', null, null, '');
INSERT INTO `act_hi_actinst` VALUES ('c495f6047d2840ae85dfa463a554cba6', 'test_audit:1:998e4cd2d8fa40d19d74bec4450d1e85', 'fb8620610b3a4096b84494a1e3a4addc', 'fb8620610b3a4096b84494a1e3a4addc', 'start', null, null, '', 'startEvent', null, '2016-11-09 16:58:30', '2016-11-09 16:58:30', '0', '');
INSERT INTO `act_hi_actinst` VALUES ('c97eff4bd0b14c3cbfaf5898c63f4a9e', 'leave:1:9977b916f53c4becaed8db9074de42af', '0ce035902d3e4495baae12dcad1f23b6', '0ce035902d3e4495baae12dcad1f23b6', 'startevent1', null, null, 'Start', 'startEvent', null, '2016-11-09 16:14:15', '2016-11-09 16:14:15', '9', '');
INSERT INTO `act_hi_actinst` VALUES ('d3c8ede38fcf4ce8aec7c3d296e41929', 'leave:1:9977b916f53c4becaed8db9074de42af', '0ce035902d3e4495baae12dcad1f23b6', '0ce035902d3e4495baae12dcad1f23b6', 'exclusivegateway5', null, null, 'Exclusive Gateway', 'exclusiveGateway', null, '2016-11-09 16:15:22', '2016-11-09 16:15:22', '2', '');
INSERT INTO `act_hi_actinst` VALUES ('fcf80550f4a941b8834c8c1719d25237', 'leave:1:9977b916f53c4becaed8db9074de42af', '0ce035902d3e4495baae12dcad1f23b6', '0ce035902d3e4495baae12dcad1f23b6', 'hrAudit', '18b93c74144d42a1b441a597ffa8e379', null, '', 'userTask', 'admin', '2016-11-09 16:15:22', null, null, '');

-- ----------------------------
-- Table structure for `act_hi_attachment`
-- ----------------------------
DROP TABLE IF EXISTS `act_hi_attachment`;
CREATE TABLE `act_hi_attachment` (
  `ID_` varchar(64) COLLATE utf8_bin NOT NULL,
  `REV_` int(11) DEFAULT NULL,
  `USER_ID_` varchar(255) COLLATE utf8_bin DEFAULT NULL,
  `NAME_` varchar(255) COLLATE utf8_bin DEFAULT NULL,
  `DESCRIPTION_` varchar(4000) COLLATE utf8_bin DEFAULT NULL,
  `TYPE_` varchar(255) COLLATE utf8_bin DEFAULT NULL,
  `TASK_ID_` varchar(64) COLLATE utf8_bin DEFAULT NULL,
  `PROC_INST_ID_` varchar(64) COLLATE utf8_bin DEFAULT NULL,
  `URL_` varchar(4000) COLLATE utf8_bin DEFAULT NULL,
  `CONTENT_ID_` varchar(64) COLLATE utf8_bin DEFAULT NULL,
  `TIME_` datetime DEFAULT NULL,
  PRIMARY KEY (`ID_`)
) ENGINE=InnoDB DEFAULT CHARSET=utf8 COLLATE=utf8_bin;

-- ----------------------------
-- Records of act_hi_attachment
-- ----------------------------

-- ----------------------------
-- Table structure for `act_hi_comment`
-- ----------------------------
DROP TABLE IF EXISTS `act_hi_comment`;
CREATE TABLE `act_hi_comment` (
  `ID_` varchar(64) COLLATE utf8_bin NOT NULL,
  `TYPE_` varchar(255) COLLATE utf8_bin DEFAULT NULL,
  `TIME_` datetime NOT NULL,
  `USER_ID_` varchar(255) COLLATE utf8_bin DEFAULT NULL,
  `TASK_ID_` varchar(64) COLLATE utf8_bin DEFAULT NULL,
  `PROC_INST_ID_` varchar(64) COLLATE utf8_bin DEFAULT NULL,
  `ACTION_` varchar(255) COLLATE utf8_bin DEFAULT NULL,
  `MESSAGE_` varchar(4000) COLLATE utf8_bin DEFAULT NULL,
  `FULL_MSG_` longblob,
  PRIMARY KEY (`ID_`)
) ENGINE=InnoDB DEFAULT CHARSET=utf8 COLLATE=utf8_bin;

-- ----------------------------
-- Records of act_hi_comment
-- ----------------------------

-- ----------------------------
-- Table structure for `act_hi_detail`
-- ----------------------------
DROP TABLE IF EXISTS `act_hi_detail`;
CREATE TABLE `act_hi_detail` (
  `ID_` varchar(64) COLLATE utf8_bin NOT NULL,
  `TYPE_` varchar(255) COLLATE utf8_bin NOT NULL,
  `PROC_INST_ID_` varchar(64) COLLATE utf8_bin DEFAULT NULL,
  `EXECUTION_ID_` varchar(64) COLLATE utf8_bin DEFAULT NULL,
  `TASK_ID_` varchar(64) COLLATE utf8_bin DEFAULT NULL,
  `ACT_INST_ID_` varchar(64) COLLATE utf8_bin DEFAULT NULL,
  `NAME_` varchar(255) COLLATE utf8_bin NOT NULL,
  `VAR_TYPE_` varchar(255) COLLATE utf8_bin DEFAULT NULL,
  `REV_` int(11) DEFAULT NULL,
  `TIME_` datetime NOT NULL,
  `BYTEARRAY_ID_` varchar(64) COLLATE utf8_bin DEFAULT NULL,
  `DOUBLE_` double DEFAULT NULL,
  `LONG_` bigint(20) DEFAULT NULL,
  `TEXT_` varchar(4000) COLLATE utf8_bin DEFAULT NULL,
  `TEXT2_` varchar(4000) COLLATE utf8_bin DEFAULT NULL,
  PRIMARY KEY (`ID_`),
  KEY `ACT_IDX_HI_DETAIL_PROC_INST` (`PROC_INST_ID_`),
  KEY `ACT_IDX_HI_DETAIL_ACT_INST` (`ACT_INST_ID_`),
  KEY `ACT_IDX_HI_DETAIL_TIME` (`TIME_`),
  KEY `ACT_IDX_HI_DETAIL_NAME` (`NAME_`),
  KEY `ACT_IDX_HI_DETAIL_TASK_ID` (`TASK_ID_`)
) ENGINE=InnoDB DEFAULT CHARSET=utf8 COLLATE=utf8_bin;

-- ----------------------------
-- Records of act_hi_detail
-- ----------------------------
INSERT INTO `act_hi_detail` VALUES ('25e57595d2fa46fe9396ad61a0e3c146', 'VariableUpdate', '0ce035902d3e4495baae12dcad1f23b6', '0ce035902d3e4495baae12dcad1f23b6', null, null, 'applyUserId', 'string', '0', '2016-11-09 16:14:15', null, null, null, 'admin', null);
INSERT INTO `act_hi_detail` VALUES ('31dbb554f26042a782ba7e82eef07fda', 'VariableUpdate', 'fb8620610b3a4096b84494a1e3a4addc', 'fb8620610b3a4096b84494a1e3a4addc', null, null, 'apply', 'string', '0', '2016-11-09 16:58:30', null, null, null, 'admin', null);
INSERT INTO `act_hi_detail` VALUES ('803f8320d1ed40e3abe2a7f6e98d043d', 'VariableUpdate', 'fb8620610b3a4096b84494a1e3a4addc', 'fb8620610b3a4096b84494a1e3a4addc', null, 'c495f6047d2840ae85dfa463a554cba6', 'title', 'string', '0', '2016-11-09 16:58:30', null, null, null, '', null);
INSERT INTO `act_hi_detail` VALUES ('c8244c35d2e94a3983327fccdaa24b70', 'VariableUpdate', '0ce035902d3e4495baae12dcad1f23b6', '0ce035902d3e4495baae12dcad1f23b6', null, 'c97eff4bd0b14c3cbfaf5898c63f4a9e', 'type', 'string', '0', '2016-11-09 16:14:15', null, null, null, 'leave', null);
INSERT INTO `act_hi_detail` VALUES ('d0e29947b4fc4bdd9ff8814295c362c1', 'VariableUpdate', '0ce035902d3e4495baae12dcad1f23b6', '0ce035902d3e4495baae12dcad1f23b6', null, 'a3153cac26f04a9fa9ce73a2526d6b43', 'deptLeaderPass', 'boolean', '0', '2016-11-09 16:15:22', null, null, '1', null, null);
INSERT INTO `act_hi_detail` VALUES ('dcaaaadc43bc4032b29e8580cea57672', 'VariableUpdate', '0ce035902d3e4495baae12dcad1f23b6', '0ce035902d3e4495baae12dcad1f23b6', null, 'c97eff4bd0b14c3cbfaf5898c63f4a9e', 'busId', 'string', '0', '2016-11-09 16:14:15', null, null, null, 'f678e9ca55514fb497e687f731f9bcfe', null);

-- ----------------------------
-- Table structure for `act_hi_identitylink`
-- ----------------------------
DROP TABLE IF EXISTS `act_hi_identitylink`;
CREATE TABLE `act_hi_identitylink` (
  `ID_` varchar(64) COLLATE utf8_bin NOT NULL DEFAULT '',
  `GROUP_ID_` varchar(255) COLLATE utf8_bin DEFAULT NULL,
  `TYPE_` varchar(255) COLLATE utf8_bin DEFAULT NULL,
  `USER_ID_` varchar(255) COLLATE utf8_bin DEFAULT NULL,
  `TASK_ID_` varchar(64) COLLATE utf8_bin DEFAULT NULL,
  `PROC_INST_ID_` varchar(64) COLLATE utf8_bin DEFAULT NULL,
  PRIMARY KEY (`ID_`),
  KEY `ACT_IDX_HI_IDENT_LNK_USER` (`USER_ID_`),
  KEY `ACT_IDX_HI_IDENT_LNK_TASK` (`TASK_ID_`),
  KEY `ACT_IDX_HI_IDENT_LNK_PROCINST` (`PROC_INST_ID_`)
) ENGINE=InnoDB DEFAULT CHARSET=utf8 COLLATE=utf8_bin;

-- ----------------------------
-- Records of act_hi_identitylink
-- ----------------------------
INSERT INTO `act_hi_identitylink` VALUES ('4b30006f1bbf4c3a9c4138c4f42ea070', null, 'participant', 'thinkgem', null, 'fb8620610b3a4096b84494a1e3a4addc');
INSERT INTO `act_hi_identitylink` VALUES ('bca9779659094e73bb39647323de2b35', null, 'starter', 'admin', null, 'fb8620610b3a4096b84494a1e3a4addc');
INSERT INTO `act_hi_identitylink` VALUES ('cafa810ee6a540dea7d6c4f1501f8e84', 'hr', 'candidate', null, '18b93c74144d42a1b441a597ffa8e379', null);
INSERT INTO `act_hi_identitylink` VALUES ('df503538fa7a4d38ba0ee502511b6cd6', null, 'starter', 'admin', null, '0ce035902d3e4495baae12dcad1f23b6');
INSERT INTO `act_hi_identitylink` VALUES ('e7ab70ff3f1c40be8b9e12bbfbbdc0b8', 'dept', 'candidate', null, 'd4094f401832489c8a2e6dd131031748', null);

-- ----------------------------
-- Table structure for `act_hi_procinst`
-- ----------------------------
DROP TABLE IF EXISTS `act_hi_procinst`;
CREATE TABLE `act_hi_procinst` (
  `ID_` varchar(64) COLLATE utf8_bin NOT NULL,
  `PROC_INST_ID_` varchar(64) COLLATE utf8_bin NOT NULL,
  `BUSINESS_KEY_` varchar(255) COLLATE utf8_bin DEFAULT NULL,
  `PROC_DEF_ID_` varchar(64) COLLATE utf8_bin NOT NULL,
  `START_TIME_` datetime NOT NULL,
  `END_TIME_` datetime DEFAULT NULL,
  `DURATION_` bigint(20) DEFAULT NULL,
  `START_USER_ID_` varchar(255) COLLATE utf8_bin DEFAULT NULL,
  `START_ACT_ID_` varchar(255) COLLATE utf8_bin DEFAULT NULL,
  `END_ACT_ID_` varchar(255) COLLATE utf8_bin DEFAULT NULL,
  `SUPER_PROCESS_INSTANCE_ID_` varchar(64) COLLATE utf8_bin DEFAULT NULL,
  `DELETE_REASON_` varchar(4000) COLLATE utf8_bin DEFAULT NULL,
  `TENANT_ID_` varchar(255) COLLATE utf8_bin DEFAULT '',
  `NAME_` varchar(255) COLLATE utf8_bin DEFAULT NULL,
  PRIMARY KEY (`ID_`),
  UNIQUE KEY `PROC_INST_ID_` (`PROC_INST_ID_`),
  KEY `ACT_IDX_HI_PRO_INST_END` (`END_TIME_`),
  KEY `ACT_IDX_HI_PRO_I_BUSKEY` (`BUSINESS_KEY_`)
) ENGINE=InnoDB DEFAULT CHARSET=utf8 COLLATE=utf8_bin;

-- ----------------------------
-- Records of act_hi_procinst
-- ----------------------------
INSERT INTO `act_hi_procinst` VALUES ('0ce035902d3e4495baae12dcad1f23b6', '0ce035902d3e4495baae12dcad1f23b6', 'f678e9ca55514fb497e687f731f9bcfe', 'leave:1:9977b916f53c4becaed8db9074de42af', '2016-11-09 16:14:15', null, null, 'admin', 'startevent1', null, null, null, '', null);
INSERT INTO `act_hi_procinst` VALUES ('fb8620610b3a4096b84494a1e3a4addc', 'fb8620610b3a4096b84494a1e3a4addc', 'oa_test_audit:c5006d5850804b8eb3b02f95a04f59fd', 'test_audit:1:998e4cd2d8fa40d19d74bec4450d1e85', '2016-11-09 16:58:30', null, null, 'admin', 'start', null, null, null, '', null);

-- ----------------------------
-- Table structure for `act_hi_taskinst`
-- ----------------------------
DROP TABLE IF EXISTS `act_hi_taskinst`;
CREATE TABLE `act_hi_taskinst` (
  `ID_` varchar(64) COLLATE utf8_bin NOT NULL,
  `PROC_DEF_ID_` varchar(64) COLLATE utf8_bin DEFAULT NULL,
  `TASK_DEF_KEY_` varchar(255) COLLATE utf8_bin DEFAULT NULL,
  `PROC_INST_ID_` varchar(64) COLLATE utf8_bin DEFAULT NULL,
  `EXECUTION_ID_` varchar(64) COLLATE utf8_bin DEFAULT NULL,
  `NAME_` varchar(255) COLLATE utf8_bin DEFAULT NULL,
  `PARENT_TASK_ID_` varchar(64) COLLATE utf8_bin DEFAULT NULL,
  `DESCRIPTION_` varchar(4000) COLLATE utf8_bin DEFAULT NULL,
  `OWNER_` varchar(255) COLLATE utf8_bin DEFAULT NULL,
  `ASSIGNEE_` varchar(255) COLLATE utf8_bin DEFAULT NULL,
  `START_TIME_` datetime NOT NULL,
  `CLAIM_TIME_` datetime DEFAULT NULL,
  `END_TIME_` datetime DEFAULT NULL,
  `DURATION_` bigint(20) DEFAULT NULL,
  `DELETE_REASON_` varchar(4000) COLLATE utf8_bin DEFAULT NULL,
  `PRIORITY_` int(11) DEFAULT NULL,
  `DUE_DATE_` datetime DEFAULT NULL,
  `FORM_KEY_` varchar(255) COLLATE utf8_bin DEFAULT NULL,
  `CATEGORY_` varchar(255) COLLATE utf8_bin DEFAULT NULL,
  `TENANT_ID_` varchar(255) COLLATE utf8_bin DEFAULT '',
  PRIMARY KEY (`ID_`),
  KEY `ACT_IDX_HI_TASK_INST_PROCINST` (`PROC_INST_ID_`)
) ENGINE=InnoDB DEFAULT CHARSET=utf8 COLLATE=utf8_bin;

-- ----------------------------
-- Records of act_hi_taskinst
-- ----------------------------
INSERT INTO `act_hi_taskinst` VALUES ('18b93c74144d42a1b441a597ffa8e379', 'leave:1:9977b916f53c4becaed8db9074de42af', 'hrAudit', '0ce035902d3e4495baae12dcad1f23b6', '0ce035902d3e4495baae12dcad1f23b6', '', null, null, null, 'admin', '2016-11-09 16:15:22', '2016-11-09 16:58:41', null, null, null, '50', null, null, null, '');
INSERT INTO `act_hi_taskinst` VALUES ('d4094f401832489c8a2e6dd131031748', 'leave:1:9977b916f53c4becaed8db9074de42af', 'deptLeaderAudit', '0ce035902d3e4495baae12dcad1f23b6', '0ce035902d3e4495baae12dcad1f23b6', '', null, null, null, 'admin', '2016-11-09 16:14:15', '2016-11-09 16:14:32', '2016-11-09 16:15:22', '67035', 'completed', '50', null, null, null, '');
INSERT INTO `act_hi_taskinst` VALUES ('e0ac8dd01e0d44f1b3f4156b231a2269', 'test_audit:1:998e4cd2d8fa40d19d74bec4450d1e85', 'audit', 'fb8620610b3a4096b84494a1e3a4addc', 'fb8620610b3a4096b84494a1e3a4addc', '', null, null, null, 'thinkgem', '2016-11-09 16:58:30', null, null, null, null, '50', null, null, null, '');

-- ----------------------------
-- Table structure for `act_hi_varinst`
-- ----------------------------
DROP TABLE IF EXISTS `act_hi_varinst`;
CREATE TABLE `act_hi_varinst` (
  `ID_` varchar(64) COLLATE utf8_bin NOT NULL,
  `PROC_INST_ID_` varchar(64) COLLATE utf8_bin DEFAULT NULL,
  `EXECUTION_ID_` varchar(64) COLLATE utf8_bin DEFAULT NULL,
  `TASK_ID_` varchar(64) COLLATE utf8_bin DEFAULT NULL,
  `NAME_` varchar(255) COLLATE utf8_bin NOT NULL,
  `VAR_TYPE_` varchar(100) COLLATE utf8_bin DEFAULT NULL,
  `REV_` int(11) DEFAULT NULL,
  `BYTEARRAY_ID_` varchar(64) COLLATE utf8_bin DEFAULT NULL,
  `DOUBLE_` double DEFAULT NULL,
  `LONG_` bigint(20) DEFAULT NULL,
  `TEXT_` varchar(4000) COLLATE utf8_bin DEFAULT NULL,
  `TEXT2_` varchar(4000) COLLATE utf8_bin DEFAULT NULL,
  `CREATE_TIME_` datetime DEFAULT NULL,
  `LAST_UPDATED_TIME_` datetime DEFAULT NULL,
  PRIMARY KEY (`ID_`),
  KEY `ACT_IDX_HI_PROCVAR_PROC_INST` (`PROC_INST_ID_`),
  KEY `ACT_IDX_HI_PROCVAR_NAME_TYPE` (`NAME_`,`VAR_TYPE_`),
  KEY `ACT_IDX_HI_PROCVAR_TASK_ID` (`TASK_ID_`)
) ENGINE=InnoDB DEFAULT CHARSET=utf8 COLLATE=utf8_bin;

-- ----------------------------
-- Records of act_hi_varinst
-- ----------------------------
INSERT INTO `act_hi_varinst` VALUES ('2ad6335500dd4271b3bfbb29003d1197', 'fb8620610b3a4096b84494a1e3a4addc', 'fb8620610b3a4096b84494a1e3a4addc', null, 'apply', 'string', '0', null, null, null, 'admin', null, '2016-11-09 16:58:30', '2016-11-09 16:58:30');
INSERT INTO `act_hi_varinst` VALUES ('9361686c48c945b886616ccc565d710b', '0ce035902d3e4495baae12dcad1f23b6', '0ce035902d3e4495baae12dcad1f23b6', null, 'type', 'string', '0', null, null, null, 'leave', null, '2016-11-09 16:14:15', '2016-11-09 16:14:15');
INSERT INTO `act_hi_varinst` VALUES ('da0e113c8e234f86bc47a641a8f7b781', '0ce035902d3e4495baae12dcad1f23b6', '0ce035902d3e4495baae12dcad1f23b6', null, 'deptLeaderPass', 'boolean', '0', null, null, '1', null, null, '2016-11-09 16:15:22', '2016-11-09 16:15:22');
INSERT INTO `act_hi_varinst` VALUES ('ece00ba8bc904601bcad25b147d08163', 'fb8620610b3a4096b84494a1e3a4addc', 'fb8620610b3a4096b84494a1e3a4addc', null, 'title', 'string', '0', null, null, null, '', null, '2016-11-09 16:58:30', '2016-11-09 16:58:30');
INSERT INTO `act_hi_varinst` VALUES ('f32c33b8ae154a38b0db75ff0c68cd09', '0ce035902d3e4495baae12dcad1f23b6', '0ce035902d3e4495baae12dcad1f23b6', null, 'applyUserId', 'string', '0', null, null, null, 'admin', null, '2016-11-09 16:14:15', '2016-11-09 16:14:15');
INSERT INTO `act_hi_varinst` VALUES ('f794ad38d586423e9f0a1b14bd32c0f4', '0ce035902d3e4495baae12dcad1f23b6', '0ce035902d3e4495baae12dcad1f23b6', null, 'busId', 'string', '0', null, null, null, 'f678e9ca55514fb497e687f731f9bcfe', null, '2016-11-09 16:14:15', '2016-11-09 16:14:15');

-- ----------------------------
-- Table structure for `act_id_group`
-- ----------------------------
DROP TABLE IF EXISTS `act_id_group`;
CREATE TABLE `act_id_group` (
  `ID_` varchar(64) COLLATE utf8_bin NOT NULL DEFAULT '',
  `REV_` int(11) DEFAULT NULL,
  `NAME_` varchar(255) COLLATE utf8_bin DEFAULT NULL,
  `TYPE_` varchar(255) COLLATE utf8_bin DEFAULT NULL,
  PRIMARY KEY (`ID_`)
) ENGINE=InnoDB DEFAULT CHARSET=utf8 COLLATE=utf8_bin;

-- ----------------------------
-- Records of act_id_group
-- ----------------------------

-- ----------------------------
-- Table structure for `act_id_info`
-- ----------------------------
DROP TABLE IF EXISTS `act_id_info`;
CREATE TABLE `act_id_info` (
  `ID_` varchar(64) COLLATE utf8_bin NOT NULL DEFAULT '',
  `REV_` int(11) DEFAULT NULL,
  `USER_ID_` varchar(64) COLLATE utf8_bin DEFAULT NULL,
  `TYPE_` varchar(64) COLLATE utf8_bin DEFAULT NULL,
  `KEY_` varchar(255) COLLATE utf8_bin DEFAULT NULL,
  `VALUE_` varchar(255) COLLATE utf8_bin DEFAULT NULL,
  `PASSWORD_` longblob,
  `PARENT_ID_` varchar(255) COLLATE utf8_bin DEFAULT NULL,
  PRIMARY KEY (`ID_`)
) ENGINE=InnoDB DEFAULT CHARSET=utf8 COLLATE=utf8_bin;

-- ----------------------------
-- Records of act_id_info
-- ----------------------------

-- ----------------------------
-- Table structure for `act_id_membership`
-- ----------------------------
DROP TABLE IF EXISTS `act_id_membership`;
CREATE TABLE `act_id_membership` (
  `USER_ID_` varchar(64) COLLATE utf8_bin NOT NULL DEFAULT '',
  `GROUP_ID_` varchar(64) COLLATE utf8_bin NOT NULL DEFAULT '',
  PRIMARY KEY (`USER_ID_`,`GROUP_ID_`),
  KEY `ACT_FK_MEMB_GROUP` (`GROUP_ID_`),
  CONSTRAINT `ACT_FK_MEMB_GROUP` FOREIGN KEY (`GROUP_ID_`) REFERENCES `act_id_group` (`ID_`),
  CONSTRAINT `ACT_FK_MEMB_USER` FOREIGN KEY (`USER_ID_`) REFERENCES `act_id_user` (`ID_`)
) ENGINE=InnoDB DEFAULT CHARSET=utf8 COLLATE=utf8_bin;

-- ----------------------------
-- Records of act_id_membership
-- ----------------------------

-- ----------------------------
-- Table structure for `act_id_user`
-- ----------------------------
DROP TABLE IF EXISTS `act_id_user`;
CREATE TABLE `act_id_user` (
  `ID_` varchar(64) COLLATE utf8_bin NOT NULL DEFAULT '',
  `REV_` int(11) DEFAULT NULL,
  `FIRST_` varchar(255) COLLATE utf8_bin DEFAULT NULL,
  `LAST_` varchar(255) COLLATE utf8_bin DEFAULT NULL,
  `EMAIL_` varchar(255) COLLATE utf8_bin DEFAULT NULL,
  `PWD_` varchar(255) COLLATE utf8_bin DEFAULT NULL,
  `PICTURE_ID_` varchar(64) COLLATE utf8_bin DEFAULT NULL,
  PRIMARY KEY (`ID_`)
) ENGINE=InnoDB DEFAULT CHARSET=utf8 COLLATE=utf8_bin;

-- ----------------------------
-- Records of act_id_user
-- ----------------------------

-- ----------------------------
-- Table structure for `act_procdef_info`
-- ----------------------------
DROP TABLE IF EXISTS `act_procdef_info`;
CREATE TABLE `act_procdef_info` (
  `ID_` varchar(64) COLLATE utf8_bin NOT NULL,
  `PROC_DEF_ID_` varchar(64) COLLATE utf8_bin NOT NULL,
  `REV_` int(11) DEFAULT NULL,
  `INFO_JSON_ID_` varchar(64) COLLATE utf8_bin DEFAULT NULL,
  PRIMARY KEY (`ID_`),
  UNIQUE KEY `ACT_UNIQ_INFO_PROCDEF` (`PROC_DEF_ID_`),
  KEY `ACT_IDX_INFO_PROCDEF` (`PROC_DEF_ID_`),
  KEY `ACT_FK_INFO_JSON_BA` (`INFO_JSON_ID_`),
  CONSTRAINT `ACT_FK_INFO_JSON_BA` FOREIGN KEY (`INFO_JSON_ID_`) REFERENCES `act_ge_bytearray` (`ID_`),
  CONSTRAINT `ACT_FK_INFO_PROCDEF` FOREIGN KEY (`PROC_DEF_ID_`) REFERENCES `act_re_procdef` (`ID_`)
) ENGINE=InnoDB DEFAULT CHARSET=utf8 COLLATE=utf8_bin;

-- ----------------------------
-- Records of act_procdef_info
-- ----------------------------

-- ----------------------------
-- Table structure for `act_re_deployment`
-- ----------------------------
DROP TABLE IF EXISTS `act_re_deployment`;
CREATE TABLE `act_re_deployment` (
  `ID_` varchar(64) COLLATE utf8_bin NOT NULL DEFAULT '',
  `NAME_` varchar(255) COLLATE utf8_bin DEFAULT NULL,
  `CATEGORY_` varchar(255) COLLATE utf8_bin DEFAULT NULL,
  `TENANT_ID_` varchar(255) COLLATE utf8_bin DEFAULT '',
  `DEPLOY_TIME_` timestamp NULL DEFAULT NULL,
  PRIMARY KEY (`ID_`)
) ENGINE=InnoDB DEFAULT CHARSET=utf8 COLLATE=utf8_bin;

-- ----------------------------
-- Records of act_re_deployment
-- ----------------------------
INSERT INTO `act_re_deployment` VALUES ('121f10a0f9144f2c81dbbc79ca7b7758', null, null, '', '2016-11-09 10:56:51');
INSERT INTO `act_re_deployment` VALUES ('9fdad325ac8449daaef497b7faffe9d9', 'SpringAutoDeployment', null, '', '2016-11-08 10:52:22');

-- ----------------------------
-- Table structure for `act_re_model`
-- ----------------------------
DROP TABLE IF EXISTS `act_re_model`;
CREATE TABLE `act_re_model` (
  `ID_` varchar(64) COLLATE utf8_bin NOT NULL,
  `REV_` int(11) DEFAULT NULL,
  `NAME_` varchar(255) COLLATE utf8_bin DEFAULT NULL,
  `KEY_` varchar(255) COLLATE utf8_bin DEFAULT NULL,
  `CATEGORY_` varchar(255) COLLATE utf8_bin DEFAULT NULL,
  `CREATE_TIME_` timestamp NULL DEFAULT NULL,
  `LAST_UPDATE_TIME_` timestamp NULL DEFAULT NULL,
  `VERSION_` int(11) DEFAULT NULL,
  `META_INFO_` varchar(4000) COLLATE utf8_bin DEFAULT NULL,
  `DEPLOYMENT_ID_` varchar(64) COLLATE utf8_bin DEFAULT NULL,
  `EDITOR_SOURCE_VALUE_ID_` varchar(64) COLLATE utf8_bin DEFAULT NULL,
  `EDITOR_SOURCE_EXTRA_VALUE_ID_` varchar(64) COLLATE utf8_bin DEFAULT NULL,
  `TENANT_ID_` varchar(255) COLLATE utf8_bin DEFAULT '',
  PRIMARY KEY (`ID_`),
  KEY `ACT_FK_MODEL_SOURCE` (`EDITOR_SOURCE_VALUE_ID_`),
  KEY `ACT_FK_MODEL_SOURCE_EXTRA` (`EDITOR_SOURCE_EXTRA_VALUE_ID_`),
  KEY `ACT_FK_MODEL_DEPLOYMENT` (`DEPLOYMENT_ID_`),
  CONSTRAINT `ACT_FK_MODEL_DEPLOYMENT` FOREIGN KEY (`DEPLOYMENT_ID_`) REFERENCES `act_re_deployment` (`ID_`),
  CONSTRAINT `ACT_FK_MODEL_SOURCE` FOREIGN KEY (`EDITOR_SOURCE_VALUE_ID_`) REFERENCES `act_ge_bytearray` (`ID_`),
  CONSTRAINT `ACT_FK_MODEL_SOURCE_EXTRA` FOREIGN KEY (`EDITOR_SOURCE_EXTRA_VALUE_ID_`) REFERENCES `act_ge_bytearray` (`ID_`)
) ENGINE=InnoDB DEFAULT CHARSET=utf8 COLLATE=utf8_bin;

-- ----------------------------
-- Records of act_re_model
-- ----------------------------
INSERT INTO `act_re_model` VALUES ('2440dee9929941138e77fa3baf546018', '2', 'leave.bpmn20.xml', 'leave', '1', '2016-11-09 10:56:59', '2016-11-09 10:56:59', '1', '{\"name\":\"\",\"revision\":1,\"description\":\"\"}', '121f10a0f9144f2c81dbbc79ca7b7758', '2c4fd22baeb2424fb000302503108724', null, '');
INSERT INTO `act_re_model` VALUES ('43d36e777bc54075afebcab1d3d1680b', '4', '', 'TestDemo', '1', '2016-11-08 15:34:38', '2016-11-08 16:32:05', '1', '{\"name\":\"\",\"revision\":1,\"description\":\"\"}', null, '6aeac03539ea415ebc3ce13e518e6080', 'b7ce9be3f5264c64b3a6e5f8bbbea819', '');

-- ----------------------------
-- Table structure for `act_re_procdef`
-- ----------------------------
DROP TABLE IF EXISTS `act_re_procdef`;
CREATE TABLE `act_re_procdef` (
  `ID_` varchar(64) COLLATE utf8_bin NOT NULL,
  `REV_` int(11) DEFAULT NULL,
  `CATEGORY_` varchar(255) COLLATE utf8_bin DEFAULT NULL,
  `NAME_` varchar(255) COLLATE utf8_bin DEFAULT NULL,
  `KEY_` varchar(255) COLLATE utf8_bin NOT NULL,
  `VERSION_` int(11) NOT NULL,
  `DEPLOYMENT_ID_` varchar(64) COLLATE utf8_bin DEFAULT NULL,
  `RESOURCE_NAME_` varchar(4000) COLLATE utf8_bin DEFAULT NULL,
  `DGRM_RESOURCE_NAME_` varchar(4000) COLLATE utf8_bin DEFAULT NULL,
  `DESCRIPTION_` varchar(4000) COLLATE utf8_bin DEFAULT NULL,
  `HAS_START_FORM_KEY_` tinyint(4) DEFAULT NULL,
  `SUSPENSION_STATE_` int(11) DEFAULT NULL,
  `TENANT_ID_` varchar(255) COLLATE utf8_bin DEFAULT '',
  `HAS_GRAPHICAL_NOTATION_` tinyint(4) DEFAULT NULL,
  PRIMARY KEY (`ID_`),
  UNIQUE KEY `ACT_UNIQ_PROCDEF` (`KEY_`,`VERSION_`,`TENANT_ID_`)
) ENGINE=InnoDB DEFAULT CHARSET=utf8 COLLATE=utf8_bin;

-- ----------------------------
-- Records of act_re_procdef
-- ----------------------------
INSERT INTO `act_re_procdef` VALUES ('leave:1:9977b916f53c4becaed8db9074de42af', '2', '1', '', 'leave', '1', '121f10a0f9144f2c81dbbc79ca7b7758', 'leave.bpmn20.xml', 'leave.leave.png', '', '0', '1', '', '1');
INSERT INTO `act_re_procdef` VALUES ('test_audit:1:998e4cd2d8fa40d19d74bec4450d1e85', '2', '1', '', 'test_audit', '1', '9fdad325ac8449daaef497b7faffe9d9', 'test_audit.bpmn20.xml', 'test_audit.png', null, '1', '1', '', '1');

-- ----------------------------
-- Table structure for `act_ru_event_subscr`
-- ----------------------------
DROP TABLE IF EXISTS `act_ru_event_subscr`;
CREATE TABLE `act_ru_event_subscr` (
  `ID_` varchar(64) COLLATE utf8_bin NOT NULL,
  `REV_` int(11) DEFAULT NULL,
  `EVENT_TYPE_` varchar(255) COLLATE utf8_bin NOT NULL,
  `EVENT_NAME_` varchar(255) COLLATE utf8_bin DEFAULT NULL,
  `EXECUTION_ID_` varchar(64) COLLATE utf8_bin DEFAULT NULL,
  `PROC_INST_ID_` varchar(64) COLLATE utf8_bin DEFAULT NULL,
  `ACTIVITY_ID_` varchar(64) COLLATE utf8_bin DEFAULT NULL,
  `CONFIGURATION_` varchar(255) COLLATE utf8_bin DEFAULT NULL,
  `CREATED_` timestamp NOT NULL DEFAULT CURRENT_TIMESTAMP,
  `PROC_DEF_ID_` varchar(64) COLLATE utf8_bin DEFAULT NULL,
  `TENANT_ID_` varchar(255) COLLATE utf8_bin DEFAULT '',
  PRIMARY KEY (`ID_`),
  KEY `ACT_IDX_EVENT_SUBSCR_CONFIG_` (`CONFIGURATION_`),
  KEY `ACT_FK_EVENT_EXEC` (`EXECUTION_ID_`),
  CONSTRAINT `ACT_FK_EVENT_EXEC` FOREIGN KEY (`EXECUTION_ID_`) REFERENCES `act_ru_execution` (`ID_`)
) ENGINE=InnoDB DEFAULT CHARSET=utf8 COLLATE=utf8_bin;

-- ----------------------------
-- Records of act_ru_event_subscr
-- ----------------------------

-- ----------------------------
-- Table structure for `act_ru_execution`
-- ----------------------------
DROP TABLE IF EXISTS `act_ru_execution`;
CREATE TABLE `act_ru_execution` (
  `ID_` varchar(64) COLLATE utf8_bin NOT NULL DEFAULT '',
  `REV_` int(11) DEFAULT NULL,
  `PROC_INST_ID_` varchar(64) COLLATE utf8_bin DEFAULT NULL,
  `BUSINESS_KEY_` varchar(255) COLLATE utf8_bin DEFAULT NULL,
  `PARENT_ID_` varchar(64) COLLATE utf8_bin DEFAULT NULL,
  `PROC_DEF_ID_` varchar(64) COLLATE utf8_bin DEFAULT NULL,
  `SUPER_EXEC_` varchar(64) COLLATE utf8_bin DEFAULT NULL,
  `ACT_ID_` varchar(255) COLLATE utf8_bin DEFAULT NULL,
  `IS_ACTIVE_` tinyint(4) DEFAULT NULL,
  `IS_CONCURRENT_` tinyint(4) DEFAULT NULL,
  `IS_SCOPE_` tinyint(4) DEFAULT NULL,
  `IS_EVENT_SCOPE_` tinyint(4) DEFAULT NULL,
  `SUSPENSION_STATE_` int(11) DEFAULT NULL,
  `CACHED_ENT_STATE_` int(11) DEFAULT NULL,
  `TENANT_ID_` varchar(255) COLLATE utf8_bin DEFAULT '',
  `NAME_` varchar(255) COLLATE utf8_bin DEFAULT NULL,
  `LOCK_TIME_` timestamp NULL DEFAULT NULL,
  PRIMARY KEY (`ID_`),
  KEY `ACT_IDX_EXEC_BUSKEY` (`BUSINESS_KEY_`),
  KEY `ACT_FK_EXE_PROCINST` (`PROC_INST_ID_`),
  KEY `ACT_FK_EXE_PARENT` (`PARENT_ID_`),
  KEY `ACT_FK_EXE_SUPER` (`SUPER_EXEC_`),
  KEY `ACT_FK_EXE_PROCDEF` (`PROC_DEF_ID_`),
  CONSTRAINT `ACT_FK_EXE_PARENT` FOREIGN KEY (`PARENT_ID_`) REFERENCES `act_ru_execution` (`ID_`),
  CONSTRAINT `ACT_FK_EXE_PROCDEF` FOREIGN KEY (`PROC_DEF_ID_`) REFERENCES `act_re_procdef` (`ID_`),
  CONSTRAINT `ACT_FK_EXE_PROCINST` FOREIGN KEY (`PROC_INST_ID_`) REFERENCES `act_ru_execution` (`ID_`) ON DELETE CASCADE ON UPDATE CASCADE,
  CONSTRAINT `ACT_FK_EXE_SUPER` FOREIGN KEY (`SUPER_EXEC_`) REFERENCES `act_ru_execution` (`ID_`)
) ENGINE=InnoDB DEFAULT CHARSET=utf8 COLLATE=utf8_bin;

-- ----------------------------
-- Records of act_ru_execution
-- ----------------------------
INSERT INTO `act_ru_execution` VALUES ('0ce035902d3e4495baae12dcad1f23b6', '2', '0ce035902d3e4495baae12dcad1f23b6', 'f678e9ca55514fb497e687f731f9bcfe', null, 'leave:1:9977b916f53c4becaed8db9074de42af', null, 'hrAudit', '1', '0', '1', '0', '1', '2', '', null, null);
INSERT INTO `act_ru_execution` VALUES ('fb8620610b3a4096b84494a1e3a4addc', '1', 'fb8620610b3a4096b84494a1e3a4addc', 'oa_test_audit:c5006d5850804b8eb3b02f95a04f59fd', null, 'test_audit:1:998e4cd2d8fa40d19d74bec4450d1e85', null, 'audit', '1', '0', '1', '0', '1', '2', '', null, null);

-- ----------------------------
-- Table structure for `act_ru_identitylink`
-- ----------------------------
DROP TABLE IF EXISTS `act_ru_identitylink`;
CREATE TABLE `act_ru_identitylink` (
  `ID_` varchar(64) COLLATE utf8_bin NOT NULL DEFAULT '',
  `REV_` int(11) DEFAULT NULL,
  `GROUP_ID_` varchar(255) COLLATE utf8_bin DEFAULT NULL,
  `TYPE_` varchar(255) COLLATE utf8_bin DEFAULT NULL,
  `USER_ID_` varchar(255) COLLATE utf8_bin DEFAULT NULL,
  `TASK_ID_` varchar(64) COLLATE utf8_bin DEFAULT NULL,
  `PROC_INST_ID_` varchar(64) COLLATE utf8_bin DEFAULT NULL,
  `PROC_DEF_ID_` varchar(64) COLLATE utf8_bin DEFAULT NULL,
  PRIMARY KEY (`ID_`),
  KEY `ACT_IDX_IDENT_LNK_USER` (`USER_ID_`),
  KEY `ACT_IDX_IDENT_LNK_GROUP` (`GROUP_ID_`),
  KEY `ACT_IDX_ATHRZ_PROCEDEF` (`PROC_DEF_ID_`),
  KEY `ACT_FK_TSKASS_TASK` (`TASK_ID_`),
  KEY `ACT_FK_IDL_PROCINST` (`PROC_INST_ID_`),
  CONSTRAINT `ACT_FK_ATHRZ_PROCEDEF` FOREIGN KEY (`PROC_DEF_ID_`) REFERENCES `act_re_procdef` (`ID_`),
  CONSTRAINT `ACT_FK_IDL_PROCINST` FOREIGN KEY (`PROC_INST_ID_`) REFERENCES `act_ru_execution` (`ID_`),
  CONSTRAINT `ACT_FK_TSKASS_TASK` FOREIGN KEY (`TASK_ID_`) REFERENCES `act_ru_task` (`ID_`)
) ENGINE=InnoDB DEFAULT CHARSET=utf8 COLLATE=utf8_bin;

-- ----------------------------
-- Records of act_ru_identitylink
-- ----------------------------
INSERT INTO `act_ru_identitylink` VALUES ('4b30006f1bbf4c3a9c4138c4f42ea070', '1', null, 'participant', 'thinkgem', null, 'fb8620610b3a4096b84494a1e3a4addc', null);
INSERT INTO `act_ru_identitylink` VALUES ('bca9779659094e73bb39647323de2b35', '1', null, 'starter', 'admin', null, 'fb8620610b3a4096b84494a1e3a4addc', null);
INSERT INTO `act_ru_identitylink` VALUES ('cafa810ee6a540dea7d6c4f1501f8e84', '1', 'hr', 'candidate', null, '18b93c74144d42a1b441a597ffa8e379', null, null);
INSERT INTO `act_ru_identitylink` VALUES ('df503538fa7a4d38ba0ee502511b6cd6', '1', null, 'starter', 'admin', null, '0ce035902d3e4495baae12dcad1f23b6', null);

-- ----------------------------
-- Table structure for `act_ru_job`
-- ----------------------------
DROP TABLE IF EXISTS `act_ru_job`;
CREATE TABLE `act_ru_job` (
  `ID_` varchar(64) COLLATE utf8_bin NOT NULL,
  `REV_` int(11) DEFAULT NULL,
  `TYPE_` varchar(255) COLLATE utf8_bin NOT NULL,
  `LOCK_EXP_TIME_` timestamp NULL DEFAULT NULL,
  `LOCK_OWNER_` varchar(255) COLLATE utf8_bin DEFAULT NULL,
  `EXCLUSIVE_` tinyint(1) DEFAULT NULL,
  `EXECUTION_ID_` varchar(64) COLLATE utf8_bin DEFAULT NULL,
  `PROCESS_INSTANCE_ID_` varchar(64) COLLATE utf8_bin DEFAULT NULL,
  `PROC_DEF_ID_` varchar(64) COLLATE utf8_bin DEFAULT NULL,
  `RETRIES_` int(11) DEFAULT NULL,
  `EXCEPTION_STACK_ID_` varchar(64) COLLATE utf8_bin DEFAULT NULL,
  `EXCEPTION_MSG_` varchar(4000) COLLATE utf8_bin DEFAULT NULL,
  `DUEDATE_` timestamp NULL DEFAULT NULL,
  `REPEAT_` varchar(255) COLLATE utf8_bin DEFAULT NULL,
  `HANDLER_TYPE_` varchar(255) COLLATE utf8_bin DEFAULT NULL,
  `HANDLER_CFG_` varchar(4000) COLLATE utf8_bin DEFAULT NULL,
  `TENANT_ID_` varchar(255) COLLATE utf8_bin DEFAULT '',
  PRIMARY KEY (`ID_`),
  KEY `ACT_FK_JOB_EXCEPTION` (`EXCEPTION_STACK_ID_`),
  CONSTRAINT `ACT_FK_JOB_EXCEPTION` FOREIGN KEY (`EXCEPTION_STACK_ID_`) REFERENCES `act_ge_bytearray` (`ID_`)
) ENGINE=InnoDB DEFAULT CHARSET=utf8 COLLATE=utf8_bin;

-- ----------------------------
-- Records of act_ru_job
-- ----------------------------

-- ----------------------------
-- Table structure for `act_ru_task`
-- ----------------------------
DROP TABLE IF EXISTS `act_ru_task`;
CREATE TABLE `act_ru_task` (
  `ID_` varchar(64) COLLATE utf8_bin NOT NULL DEFAULT '',
  `REV_` int(11) DEFAULT NULL,
  `EXECUTION_ID_` varchar(64) COLLATE utf8_bin DEFAULT NULL,
  `PROC_INST_ID_` varchar(64) COLLATE utf8_bin DEFAULT NULL,
  `PROC_DEF_ID_` varchar(64) COLLATE utf8_bin DEFAULT NULL,
  `NAME_` varchar(255) COLLATE utf8_bin DEFAULT NULL,
  `PARENT_TASK_ID_` varchar(64) COLLATE utf8_bin DEFAULT NULL,
  `DESCRIPTION_` varchar(4000) COLLATE utf8_bin DEFAULT NULL,
  `TASK_DEF_KEY_` varchar(255) COLLATE utf8_bin DEFAULT NULL,
  `OWNER_` varchar(255) COLLATE utf8_bin DEFAULT NULL,
  `ASSIGNEE_` varchar(255) COLLATE utf8_bin DEFAULT NULL,
  `DELEGATION_` varchar(64) COLLATE utf8_bin DEFAULT NULL,
  `PRIORITY_` int(11) DEFAULT NULL,
  `CREATE_TIME_` timestamp NULL DEFAULT NULL,
  `DUE_DATE_` datetime DEFAULT NULL,
  `CATEGORY_` varchar(255) COLLATE utf8_bin DEFAULT NULL,
  `SUSPENSION_STATE_` int(11) DEFAULT NULL,
  `TENANT_ID_` varchar(255) COLLATE utf8_bin DEFAULT '',
  `FORM_KEY_` varchar(255) COLLATE utf8_bin DEFAULT NULL,
  PRIMARY KEY (`ID_`),
  KEY `ACT_IDX_TASK_CREATE` (`CREATE_TIME_`),
  KEY `ACT_FK_TASK_EXE` (`EXECUTION_ID_`),
  KEY `ACT_FK_TASK_PROCINST` (`PROC_INST_ID_`),
  KEY `ACT_FK_TASK_PROCDEF` (`PROC_DEF_ID_`),
  CONSTRAINT `ACT_FK_TASK_EXE` FOREIGN KEY (`EXECUTION_ID_`) REFERENCES `act_ru_execution` (`ID_`),
  CONSTRAINT `ACT_FK_TASK_PROCDEF` FOREIGN KEY (`PROC_DEF_ID_`) REFERENCES `act_re_procdef` (`ID_`),
  CONSTRAINT `ACT_FK_TASK_PROCINST` FOREIGN KEY (`PROC_INST_ID_`) REFERENCES `act_ru_execution` (`ID_`)
) ENGINE=InnoDB DEFAULT CHARSET=utf8 COLLATE=utf8_bin;

-- ----------------------------
-- Records of act_ru_task
-- ----------------------------
INSERT INTO `act_ru_task` VALUES ('18b93c74144d42a1b441a597ffa8e379', '2', '0ce035902d3e4495baae12dcad1f23b6', '0ce035902d3e4495baae12dcad1f23b6', 'leave:1:9977b916f53c4becaed8db9074de42af', '', null, null, 'hrAudit', null, 'admin', null, '50', '2016-11-09 16:15:22', null, null, '1', '', null);
INSERT INTO `act_ru_task` VALUES ('e0ac8dd01e0d44f1b3f4156b231a2269', '1', 'fb8620610b3a4096b84494a1e3a4addc', 'fb8620610b3a4096b84494a1e3a4addc', 'test_audit:1:998e4cd2d8fa40d19d74bec4450d1e85', '', null, null, 'audit', null, 'thinkgem', null, '50', '2016-11-09 16:58:30', null, null, '1', '', null);

-- ----------------------------
-- Table structure for `act_ru_variable`
-- ----------------------------
DROP TABLE IF EXISTS `act_ru_variable`;
CREATE TABLE `act_ru_variable` (
  `ID_` varchar(64) COLLATE utf8_bin NOT NULL,
  `REV_` int(11) DEFAULT NULL,
  `TYPE_` varchar(255) COLLATE utf8_bin NOT NULL,
  `NAME_` varchar(255) COLLATE utf8_bin NOT NULL,
  `EXECUTION_ID_` varchar(64) COLLATE utf8_bin DEFAULT NULL,
  `PROC_INST_ID_` varchar(64) COLLATE utf8_bin DEFAULT NULL,
  `TASK_ID_` varchar(64) COLLATE utf8_bin DEFAULT NULL,
  `BYTEARRAY_ID_` varchar(64) COLLATE utf8_bin DEFAULT NULL,
  `DOUBLE_` double DEFAULT NULL,
  `LONG_` bigint(20) DEFAULT NULL,
  `TEXT_` varchar(4000) COLLATE utf8_bin DEFAULT NULL,
  `TEXT2_` varchar(4000) COLLATE utf8_bin DEFAULT NULL,
  PRIMARY KEY (`ID_`),
  KEY `ACT_IDX_VARIABLE_TASK_ID` (`TASK_ID_`),
  KEY `ACT_FK_VAR_EXE` (`EXECUTION_ID_`),
  KEY `ACT_FK_VAR_PROCINST` (`PROC_INST_ID_`),
  KEY `ACT_FK_VAR_BYTEARRAY` (`BYTEARRAY_ID_`),
  CONSTRAINT `ACT_FK_VAR_BYTEARRAY` FOREIGN KEY (`BYTEARRAY_ID_`) REFERENCES `act_ge_bytearray` (`ID_`),
  CONSTRAINT `ACT_FK_VAR_EXE` FOREIGN KEY (`EXECUTION_ID_`) REFERENCES `act_ru_execution` (`ID_`),
  CONSTRAINT `ACT_FK_VAR_PROCINST` FOREIGN KEY (`PROC_INST_ID_`) REFERENCES `act_ru_execution` (`ID_`)
) ENGINE=InnoDB DEFAULT CHARSET=utf8 COLLATE=utf8_bin;

-- ----------------------------
-- Records of act_ru_variable
-- ----------------------------
INSERT INTO `act_ru_variable` VALUES ('2ad6335500dd4271b3bfbb29003d1197', '1', 'string', 'apply', 'fb8620610b3a4096b84494a1e3a4addc', 'fb8620610b3a4096b84494a1e3a4addc', null, null, null, null, 'admin', null);
INSERT INTO `act_ru_variable` VALUES ('9361686c48c945b886616ccc565d710b', '1', 'string', 'type', '0ce035902d3e4495baae12dcad1f23b6', '0ce035902d3e4495baae12dcad1f23b6', null, null, null, null, 'leave', null);
INSERT INTO `act_ru_variable` VALUES ('da0e113c8e234f86bc47a641a8f7b781', '1', 'boolean', 'deptLeaderPass', '0ce035902d3e4495baae12dcad1f23b6', '0ce035902d3e4495baae12dcad1f23b6', null, null, null, '1', null, null);
INSERT INTO `act_ru_variable` VALUES ('ece00ba8bc904601bcad25b147d08163', '1', 'string', 'title', 'fb8620610b3a4096b84494a1e3a4addc', 'fb8620610b3a4096b84494a1e3a4addc', null, null, null, null, '', null);
INSERT INTO `act_ru_variable` VALUES ('f32c33b8ae154a38b0db75ff0c68cd09', '1', 'string', 'applyUserId', '0ce035902d3e4495baae12dcad1f23b6', '0ce035902d3e4495baae12dcad1f23b6', null, null, null, null, 'admin', null);
INSERT INTO `act_ru_variable` VALUES ('f794ad38d586423e9f0a1b14bd32c0f4', '1', 'string', 'busId', '0ce035902d3e4495baae12dcad1f23b6', '0ce035902d3e4495baae12dcad1f23b6', null, null, null, null, 'f678e9ca55514fb497e687f731f9bcfe', null);

-- ----------------------------
-- Table structure for `cms_article`
-- ----------------------------
DROP TABLE IF EXISTS `cms_article`;
CREATE TABLE `cms_article` (
  `id` varchar(64) COLLATE utf8_bin NOT NULL COMMENT '',
  `category_id` varchar(64) COLLATE utf8_bin NOT NULL COMMENT '',
  `title` varchar(255) COLLATE utf8_bin NOT NULL COMMENT '',
  `link` varchar(255) COLLATE utf8_bin DEFAULT NULL COMMENT '',
  `color` varchar(50) COLLATE utf8_bin DEFAULT NULL COMMENT '',
  `image` varchar(255) COLLATE utf8_bin DEFAULT NULL COMMENT '',
  `keywords` varchar(255) COLLATE utf8_bin DEFAULT NULL COMMENT '',
  `description` varchar(255) COLLATE utf8_bin DEFAULT NULL COMMENT '',
  `weight` int(11) DEFAULT '0' COMMENT '',
  `weight_date` datetime DEFAULT NULL COMMENT '',
  `hits` int(11) DEFAULT '0' COMMENT '',
  `posid` varchar(10) COLLATE utf8_bin DEFAULT NULL COMMENT '',
  `custom_content_view` varchar(255) COLLATE utf8_bin DEFAULT NULL COMMENT '',
  `view_config` text COLLATE utf8_bin COMMENT '',
  `create_by` varchar(64) COLLATE utf8_bin DEFAULT NULL COMMENT '',
  `create_date` datetime DEFAULT NULL COMMENT '',
  `update_by` varchar(64) COLLATE utf8_bin DEFAULT NULL COMMENT '',
  `update_date` datetime DEFAULT NULL COMMENT '',
  `remarks` varchar(255) COLLATE utf8_bin DEFAULT NULL COMMENT '',
  `del_flag` char(1) COLLATE utf8_bin NOT NULL DEFAULT '0' COMMENT '',
  PRIMARY KEY (`id`),
  KEY `cms_article_create_by` (`create_by`),
  KEY `cms_article_title` (`title`),
  KEY `cms_article_keywords` (`keywords`),
  KEY `cms_article_del_flag` (`del_flag`),
  KEY `cms_article_weight` (`weight`),
  KEY `cms_article_update_date` (`update_date`),
  KEY `cms_article_category_id` (`category_id`)
) ENGINE=InnoDB DEFAULT CHARSET=utf8 COLLATE=utf8_bin COMMENT='';

-- ----------------------------
-- Records of cms_article
-- ----------------------------
INSERT INTO `cms_article` VALUES ('1', '3', '', null, 'green', null, '1,2', null, '0', null, '0', null, null, null, '1', '2013-05-27 08:00:00', '1', '2013-05-27 08:00:00', null, '0');
INSERT INTO `cms_article` VALUES ('10', '4', '', null, null, null, '1,2', null, '0', null, '0', null, null, null, '1', '2013-05-27 08:00:00', '1', '2013-05-27 08:00:00', null, '0');
INSERT INTO `cms_article` VALUES ('11', '5', '', null, null, null, '1,2', null, '0', null, '0', null, null, null, '1', '2013-05-27 08:00:00', '1', '2013-05-27 08:00:00', null, '0');
INSERT INTO `cms_article` VALUES ('12', '5', '', null, null, null, '1,2', null, '0', null, '0', null, null, null, '1', '2013-05-27 08:00:00', '1', '2013-05-27 08:00:00', null, '0');
INSERT INTO `cms_article` VALUES ('13', '5', '', null, null, null, '1,2', null, '0', null, '0', null, null, null, '1', '2013-05-27 08:00:00', '1', '2013-05-27 08:00:00', null, '0');
INSERT INTO `cms_article` VALUES ('14', '7', '', null, null, null, '1,2', null, '0', null, '0', null, null, null, '1', '2013-05-27 08:00:00', '1', '2013-05-27 08:00:00', null, '0');
INSERT INTO `cms_article` VALUES ('15', '7', '', null, null, null, '1,2', null, '0', null, '0', null, null, null, '1', '2013-05-27 08:00:00', '1', '2013-05-27 08:00:00', null, '0');
INSERT INTO `cms_article` VALUES ('16', '7', '', null, null, null, '1,2', null, '0', null, '0', null, null, null, '1', '2013-05-27 08:00:00', '1', '2013-05-27 08:00:00', null, '0');
INSERT INTO `cms_article` VALUES ('17', '7', '', null, null, null, '1,2', null, '0', null, '0', null, null, null, '1', '2013-05-27 08:00:00', '1', '2013-05-27 08:00:00', null, '0');
INSERT INTO `cms_article` VALUES ('18', '8', '', null, null, null, '1,2', null, '0', null, '0', null, null, null, '1', '2013-05-27 08:00:00', '1', '2013-05-27 08:00:00', null, '0');
INSERT INTO `cms_article` VALUES ('19', '8', '', null, null, null, '1,2', null, '0', null, '0', null, null, null, '1', '2013-05-27 08:00:00', '1', '2013-05-27 08:00:00', null, '0');
INSERT INTO `cms_article` VALUES ('2', '3', '', null, 'red', null, '1,2', null, '0', null, '0', null, null, null, '1', '2013-05-27 08:00:00', '1', '2013-05-27 08:00:00', null, '0');
INSERT INTO `cms_article` VALUES ('20', '8', '', null, null, null, '1,2', null, '0', null, '0', null, null, null, '1', '2013-05-27 08:00:00', '1', '2013-05-27 08:00:00', null, '0');
INSERT INTO `cms_article` VALUES ('21', '8', '', null, null, null, '1,2', null, '0', null, '0', null, null, null, '1', '2013-05-27 08:00:00', '1', '2013-05-27 08:00:00', null, '0');
INSERT INTO `cms_article` VALUES ('22', '9', '', null, null, null, '1,2', null, '0', null, '0', null, null, null, '1', '2013-05-27 08:00:00', '1', '2013-05-27 08:00:00', null, '0');
INSERT INTO `cms_article` VALUES ('23', '9', '', null, null, null, '1,2', null, '0', null, '0', null, null, null, '1', '2013-05-27 08:00:00', '1', '2013-05-27 08:00:00', null, '0');
INSERT INTO `cms_article` VALUES ('24', '9', '', null, null, null, '1,2', null, '0', null, '0', null, null, null, '1', '2013-05-27 08:00:00', '1', '2013-05-27 08:00:00', null, '0');
INSERT INTO `cms_article` VALUES ('25', '9', '', null, null, null, '1,2', null, '0', null, '0', null, null, null, '1', '2013-05-27 08:00:00', '1', '2013-05-27 08:00:00', null, '0');
INSERT INTO `cms_article` VALUES ('26', '9', '', null, null, null, '1,2', null, '0', null, '0', null, null, null, '1', '2013-05-27 08:00:00', '1', '2013-05-27 08:00:00', null, '0');
INSERT INTO `cms_article` VALUES ('27', '11', '', null, null, null, '1,2', null, '0', null, '0', null, null, null, '1', '2013-05-27 08:00:00', '1', '2013-05-27 08:00:00', null, '0');
INSERT INTO `cms_article` VALUES ('28', '11', '', null, null, null, '1,2', null, '0', null, '0', null, null, null, '1', '2013-05-27 08:00:00', '1', '2013-05-27 08:00:00', null, '0');
INSERT INTO `cms_article` VALUES ('29', '11', '', null, null, null, '1,2', null, '0', null, '0', null, null, null, '1', '2013-05-27 08:00:00', '1', '2013-05-27 08:00:00', null, '0');
INSERT INTO `cms_article` VALUES ('3', '3', '', null, null, null, '1,2', null, '0', null, '0', null, null, null, '1', '2013-05-27 08:00:00', '1', '2013-05-27 08:00:00', null, '0');
INSERT INTO `cms_article` VALUES ('30', '11', '', null, null, null, '1,2', null, '0', null, '0', null, null, null, '1', '2013-05-27 08:00:00', '1', '2013-05-27 08:00:00', null, '0');
INSERT INTO `cms_article` VALUES ('31', '11', '', null, null, null, '1,2', null, '0', null, '0', null, null, null, '1', '2013-05-27 08:00:00', '1', '2013-05-27 08:00:00', null, '0');
INSERT INTO `cms_article` VALUES ('32', '12', '', null, null, null, '1,2', null, '0', null, '0', null, null, null, '1', '2013-05-27 08:00:00', '1', '2013-05-27 08:00:00', null, '0');
INSERT INTO `cms_article` VALUES ('33', '12', '', null, null, null, '1,2', null, '0', null, '0', null, null, null, '1', '2013-05-27 08:00:00', '1', '2013-05-27 08:00:00', null, '0');
INSERT INTO `cms_article` VALUES ('34', '12', '', null, null, null, '1,2', null, '0', null, '0', null, null, null, '1', '2013-05-27 08:00:00', '1', '2013-05-27 08:00:00', null, '0');
INSERT INTO `cms_article` VALUES ('35', '12', '', null, null, null, '1,2', null, '0', null, '0', null, null, null, '1', '2013-05-27 08:00:00', '1', '2013-05-27 08:00:00', null, '0');
INSERT INTO `cms_article` VALUES ('36', '12', '', null, null, null, '1,2', null, '0', null, '0', null, null, null, '1', '2013-05-27 08:00:00', '1', '2013-05-27 08:00:00', null, '0');
INSERT INTO `cms_article` VALUES ('37', '13', '', null, null, null, '1,2', null, '0', null, '0', null, null, null, '1', '2013-05-27 08:00:00', '1', '2013-05-27 08:00:00', null, '0');
INSERT INTO `cms_article` VALUES ('38', '13', '', null, null, null, '1,2', null, '0', null, '0', null, null, null, '1', '2013-05-27 08:00:00', '1', '2013-05-27 08:00:00', null, '0');
INSERT INTO `cms_article` VALUES ('39', '13', '', null, null, null, '1,2', null, '0', null, '0', null, null, null, '1', '2013-05-27 08:00:00', '1', '2013-05-27 08:00:00', null, '0');
INSERT INTO `cms_article` VALUES ('4', '3', '', null, 'green', null, '1,2', null, '0', null, '0', null, null, null, '1', '2013-05-27 08:00:00', '1', '2013-05-27 08:00:00', null, '0');
INSERT INTO `cms_article` VALUES ('40', '13', '', null, null, null, '1,2', null, '0', null, '0', null, null, null, '1', '2013-05-27 08:00:00', '1', '2013-05-27 08:00:00', null, '0');
INSERT INTO `cms_article` VALUES ('41', '14', '', null, null, null, '1,2', null, '0', null, '0', null, null, null, '1', '2013-05-27 08:00:00', '1', '2013-05-27 08:00:00', null, '0');
INSERT INTO `cms_article` VALUES ('42', '14', '', null, null, null, '1,2', null, '0', null, '0', null, null, null, '1', '2013-05-27 08:00:00', '1', '2013-05-27 08:00:00', null, '0');
INSERT INTO `cms_article` VALUES ('43', '14', '', null, null, null, '1,2', null, '0', null, '0', null, null, null, '1', '2013-05-27 08:00:00', '1', '2013-05-27 08:00:00', null, '0');
INSERT INTO `cms_article` VALUES ('44', '14', '', null, null, null, '1,2', null, '0', null, '0', null, null, null, '1', '2013-05-27 08:00:00', '1', '2013-05-27 08:00:00', null, '0');
INSERT INTO `cms_article` VALUES ('45', '14', '', null, null, null, '1,2', null, '0', null, '0', null, null, null, '1', '2013-05-27 08:00:00', '1', '2013-05-27 08:00:00', null, '0');
INSERT INTO `cms_article` VALUES ('46', '15', '', null, null, null, '1,2', null, '0', null, '0', null, null, null, '1', '2013-05-27 08:00:00', '1', '2013-05-27 08:00:00', null, '0');
INSERT INTO `cms_article` VALUES ('47', '15', '', null, null, null, '1,2', null, '0', null, '0', null, null, null, '1', '2013-05-27 08:00:00', '1', '2013-05-27 08:00:00', null, '0');
INSERT INTO `cms_article` VALUES ('48', '15', '', null, null, null, '1,2', null, '0', null, '0', null, null, null, '1', '2013-05-27 08:00:00', '1', '2013-05-27 08:00:00', null, '0');
INSERT INTO `cms_article` VALUES ('49', '16', '', null, null, null, '1,2', null, '0', null, '0', null, null, null, '1', '2013-05-27 08:00:00', '1', '2013-05-27 08:00:00', null, '0');
INSERT INTO `cms_article` VALUES ('5', '3', '', null, null, null, '1,2', null, '0', null, '0', null, null, null, '1', '2013-05-27 08:00:00', '1', '2013-05-27 08:00:00', null, '0');
INSERT INTO `cms_article` VALUES ('50', '17', '', null, null, null, '1,2', null, '0', null, '0', null, null, null, '1', '2013-05-27 08:00:00', '1', '2013-05-27 08:00:00', null, '0');
INSERT INTO `cms_article` VALUES ('51', '17', '', null, null, null, '1,2', null, '0', null, '0', null, null, null, '1', '2013-05-27 08:00:00', '1', '2013-05-27 08:00:00', null, '0');
INSERT INTO `cms_article` VALUES ('52', '26', '', null, null, null, '1,2', null, '0', null, '0', null, null, null, '1', '2013-05-27 08:00:00', '1', '2013-05-27 08:00:00', null, '0');
INSERT INTO `cms_article` VALUES ('53', '26', '', null, null, null, '1,2', null, '0', null, '0', null, null, null, '1', '2013-05-27 08:00:00', '1', '2013-05-27 08:00:00', null, '0');
INSERT INTO `cms_article` VALUES ('6', '3', '', null, null, null, '1,2', null, '0', null, '0', null, null, null, '1', '2013-05-27 08:00:00', '1', '2013-05-27 08:00:00', null, '0');
INSERT INTO `cms_article` VALUES ('7', '4', '', null, null, null, '1,2', null, '0', null, '0', null, null, null, '1', '2013-05-27 08:00:00', '1', '2013-05-27 08:00:00', null, '0');
INSERT INTO `cms_article` VALUES ('8', '4', '', null, 'blue', null, '1,2', null, '0', null, '0', null, null, null, '1', '2013-05-27 08:00:00', '1', '2013-05-27 08:00:00', null, '0');
INSERT INTO `cms_article` VALUES ('9', '4', '', null, null, null, '1,2', null, '0', null, '0', null, null, null, '1', '2013-05-27 08:00:00', '1', '2013-05-27 08:00:00', null, '0');

-- ----------------------------
-- Table structure for `cms_article_data`
-- ----------------------------
DROP TABLE IF EXISTS `cms_article_data`;
CREATE TABLE `cms_article_data` (
  `id` varchar(64) COLLATE utf8_bin NOT NULL COMMENT '',
  `content` text COLLATE utf8_bin COMMENT '',
  `copyfrom` varchar(255) COLLATE utf8_bin DEFAULT NULL COMMENT '',
  `relation` varchar(255) COLLATE utf8_bin DEFAULT NULL COMMENT '',
  `allow_comment` char(1) COLLATE utf8_bin DEFAULT NULL COMMENT '',
  PRIMARY KEY (`id`)
) ENGINE=InnoDB DEFAULT CHARSET=utf8 COLLATE=utf8_bin COMMENT='';

-- ----------------------------
-- Records of cms_article_data
-- ----------------------------
INSERT INTO `cms_article_data` VALUES ('1', 0xE69687E7ABA0E58685E5AEB9E58685E5AEB9E58685E5AEB9E58685E5AEB9, '', '1,2,3', '1');
INSERT INTO `cms_article_data` VALUES ('10', 0xE69687E7ABA0E58685E5AEB9E58685E5AEB9E58685E5AEB9E58685E5AEB9, '', '1,2,3', '1');
INSERT INTO `cms_article_data` VALUES ('11', 0xE69687E7ABA0E58685E5AEB9E58685E5AEB9E58685E5AEB9E58685E5AEB9, '', '1,2,3', '1');
INSERT INTO `cms_article_data` VALUES ('12', 0xE69687E7ABA0E58685E5AEB9E58685E5AEB9E58685E5AEB9E58685E5AEB9, '', '1,2,3', '1');
INSERT INTO `cms_article_data` VALUES ('13', 0xE69687E7ABA0E58685E5AEB9E58685E5AEB9E58685E5AEB9E58685E5AEB9, '', '1,2,3', '1');
INSERT INTO `cms_article_data` VALUES ('14', 0xE69687E7ABA0E58685E5AEB9E58685E5AEB9E58685E5AEB9E58685E5AEB9, '', '1,2,3', '1');
INSERT INTO `cms_article_data` VALUES ('15', 0xE69687E7ABA0E58685E5AEB9E58685E5AEB9E58685E5AEB9E58685E5AEB9, '', '1,2,3', '1');
INSERT INTO `cms_article_data` VALUES ('16', 0xE69687E7ABA0E58685E5AEB9E58685E5AEB9E58685E5AEB9E58685E5AEB9, '', '1,2,3', '1');
INSERT INTO `cms_article_data` VALUES ('17', 0xE69687E7ABA0E58685E5AEB9E58685E5AEB9E58685E5AEB9E58685E5AEB9, '', '1,2,3', '1');
INSERT INTO `cms_article_data` VALUES ('18', 0xE69687E7ABA0E58685E5AEB9E58685E5AEB9E58685E5AEB9E58685E5AEB9, '', '1,2,3', '1');
INSERT INTO `cms_article_data` VALUES ('19', 0xE69687E7ABA0E58685E5AEB9E58685E5AEB9E58685E5AEB9E58685E5AEB9, '', '1,2,3', '1');
INSERT INTO `cms_article_data` VALUES ('2', 0xE69687E7ABA0E58685E5AEB9E58685E5AEB9E58685E5AEB9E58685E5AEB9, '', '1,2,3', '1');
INSERT INTO `cms_article_data` VALUES ('20', 0xE69687E7ABA0E58685E5AEB9E58685E5AEB9E58685E5AEB9E58685E5AEB9, '', '1,2,3', '1');
INSERT INTO `cms_article_data` VALUES ('21', 0xE69687E7ABA0E58685E5AEB9E58685E5AEB9E58685E5AEB9E58685E5AEB9, '', '1,2,3', '1');
INSERT INTO `cms_article_data` VALUES ('22', 0xE69687E7ABA0E58685E5AEB9E58685E5AEB9E58685E5AEB9E58685E5AEB9, '', '1,2,3', '1');
INSERT INTO `cms_article_data` VALUES ('23', 0xE69687E7ABA0E58685E5AEB9E58685E5AEB9E58685E5AEB9E58685E5AEB9, '', '1,2,3', '1');
INSERT INTO `cms_article_data` VALUES ('24', 0xE69687E7ABA0E58685E5AEB9E58685E5AEB9E58685E5AEB9E58685E5AEB9, '', '1,2,3', '1');
INSERT INTO `cms_article_data` VALUES ('25', 0xE69687E7ABA0E58685E5AEB9E58685E5AEB9E58685E5AEB9E58685E5AEB9, '', '1,2,3', '1');
INSERT INTO `cms_article_data` VALUES ('26', 0xE69687E7ABA0E58685E5AEB9E58685E5AEB9E58685E5AEB9E58685E5AEB9, '', '1,2,3', '1');
INSERT INTO `cms_article_data` VALUES ('27', 0xE69687E7ABA0E58685E5AEB9E58685E5AEB9E58685E5AEB9E58685E5AEB9, '', '1,2,3', '1');
INSERT INTO `cms_article_data` VALUES ('28', 0xE69687E7ABA0E58685E5AEB9E58685E5AEB9E58685E5AEB9E58685E5AEB9, '', '1,2,3', '1');
INSERT INTO `cms_article_data` VALUES ('29', 0xE69687E7ABA0E58685E5AEB9E58685E5AEB9E58685E5AEB9E58685E5AEB9, '', '1,2,3', '1');
INSERT INTO `cms_article_data` VALUES ('3', 0xE69687E7ABA0E58685E5AEB9E58685E5AEB9E58685E5AEB9E58685E5AEB9, '', '1,2,3', '1');
INSERT INTO `cms_article_data` VALUES ('30', 0xE69687E7ABA0E58685E5AEB9E58685E5AEB9E58685E5AEB9E58685E5AEB9, '', '1,2,3', '1');
INSERT INTO `cms_article_data` VALUES ('31', 0xE69687E7ABA0E58685E5AEB9E58685E5AEB9E58685E5AEB9E58685E5AEB9, '', '1,2,3', '1');
INSERT INTO `cms_article_data` VALUES ('32', 0xE69687E7ABA0E58685E5AEB9E58685E5AEB9E58685E5AEB9E58685E5AEB9, '', '1,2,3', '1');
INSERT INTO `cms_article_data` VALUES ('33', 0xE69687E7ABA0E58685E5AEB9E58685E5AEB9E58685E5AEB9E58685E5AEB9, '', '1,2,3', '1');
INSERT INTO `cms_article_data` VALUES ('34', 0xE69687E7ABA0E58685E5AEB9E58685E5AEB9E58685E5AEB9E58685E5AEB9, '', '1,2,3', '1');
INSERT INTO `cms_article_data` VALUES ('35', 0xE69687E7ABA0E58685E5AEB9E58685E5AEB9E58685E5AEB9E58685E5AEB9, '', '1,2,3', '1');
INSERT INTO `cms_article_data` VALUES ('36', 0xE69687E7ABA0E58685E5AEB9E58685E5AEB9E58685E5AEB9E58685E5AEB9, '', '1,2,3', '1');
INSERT INTO `cms_article_data` VALUES ('37', 0xE69687E7ABA0E58685E5AEB9E58685E5AEB9E58685E5AEB9E58685E5AEB9, '', '1,2,3', '1');
INSERT INTO `cms_article_data` VALUES ('38', 0xE69687E7ABA0E58685E5AEB9E58685E5AEB9E58685E5AEB9E58685E5AEB9, '', '1,2,3', '1');
INSERT INTO `cms_article_data` VALUES ('39', 0xE69687E7ABA0E58685E5AEB9E58685E5AEB9E58685E5AEB9E58685E5AEB9, '', '1,2,3', '1');
INSERT INTO `cms_article_data` VALUES ('4', 0xE69687E7ABA0E58685E5AEB9E58685E5AEB9E58685E5AEB9E58685E5AEB9, '', '1,2,3', '1');
INSERT INTO `cms_article_data` VALUES ('40', 0xE69687E7ABA0E58685E5AEB9E58685E5AEB9E58685E5AEB9E58685E5AEB9, '', '1,2,3', '1');
INSERT INTO `cms_article_data` VALUES ('41', 0xE69687E7ABA0E58685E5AEB9E58685E5AEB9E58685E5AEB9E58685E5AEB9, '', '1,2,3', '1');
INSERT INTO `cms_article_data` VALUES ('42', 0xE69687E7ABA0E58685E5AEB9E58685E5AEB9E58685E5AEB9E58685E5AEB9, '', '1,2,3', '1');
INSERT INTO `cms_article_data` VALUES ('43', 0xE69687E7ABA0E58685E5AEB9E58685E5AEB9E58685E5AEB9E58685E5AEB9, '', '1,2,3', '1');
INSERT INTO `cms_article_data` VALUES ('44', 0xE69687E7ABA0E58685E5AEB9E58685E5AEB9E58685E5AEB9E58685E5AEB9, '', '1,2,3', '1');
INSERT INTO `cms_article_data` VALUES ('45', 0xE69687E7ABA0E58685E5AEB9E58685E5AEB9E58685E5AEB9E58685E5AEB9, '', '1,2,3', '1');
INSERT INTO `cms_article_data` VALUES ('46', 0xE69687E7ABA0E58685E5AEB9E58685E5AEB9E58685E5AEB9E58685E5AEB9, '', '1,2,3', '1');
INSERT INTO `cms_article_data` VALUES ('47', 0xE69687E7ABA0E58685E5AEB9E58685E5AEB9E58685E5AEB9E58685E5AEB9, '', '1,2,3', '1');
INSERT INTO `cms_article_data` VALUES ('48', 0xE69687E7ABA0E58685E5AEB9E58685E5AEB9E58685E5AEB9E58685E5AEB9, '', '1,2,3', '1');
INSERT INTO `cms_article_data` VALUES ('49', 0xE69687E7ABA0E58685E5AEB9E58685E5AEB9E58685E5AEB9E58685E5AEB9, '', '1,2,3', '1');
INSERT INTO `cms_article_data` VALUES ('5', 0xE69687E7ABA0E58685E5AEB9E58685E5AEB9E58685E5AEB9E58685E5AEB9, '', '1,2,3', '1');
INSERT INTO `cms_article_data` VALUES ('50', 0xE69687E7ABA0E58685E5AEB9E58685E5AEB9E58685E5AEB9E58685E5AEB9, '', '1,2,3', '1');
INSERT INTO `cms_article_data` VALUES ('51', 0xE69687E7ABA0E58685E5AEB9E58685E5AEB9E58685E5AEB9E58685E5AEB9, '', '1,2,3', '1');
INSERT INTO `cms_article_data` VALUES ('52', 0xE69687E7ABA0E58685E5AEB9E58685E5AEB9E58685E5AEB9E58685E5AEB9, '', '1,2,3', '1');
INSERT INTO `cms_article_data` VALUES ('53', 0xE69687E7ABA0E58685E5AEB9E58685E5AEB9E58685E5AEB9E58685E5AEB9, '', '1,2,3', '1');
INSERT INTO `cms_article_data` VALUES ('6', 0xE69687E7ABA0E58685E5AEB9E58685E5AEB9E58685E5AEB9E58685E5AEB9, '', '1,2,3', '1');
INSERT INTO `cms_article_data` VALUES ('7', 0xE69687E7ABA0E58685E5AEB9E58685E5AEB9E58685E5AEB9E58685E5AEB9, '', '1,2,3', '1');
INSERT INTO `cms_article_data` VALUES ('8', 0xE69687E7ABA0E58685E5AEB9E58685E5AEB9E58685E5AEB9E58685E5AEB9, '', '1,2,3', '1');
INSERT INTO `cms_article_data` VALUES ('9', 0xE69687E7ABA0E58685E5AEB9E58685E5AEB9E58685E5AEB9E58685E5AEB9, '', '1,2,3', '1');

-- ----------------------------
-- Table structure for `cms_category`
-- ----------------------------
DROP TABLE IF EXISTS `cms_category`;
CREATE TABLE `cms_category` (
  `id` varchar(64) COLLATE utf8_bin NOT NULL COMMENT '',
  `parent_id` varchar(64) COLLATE utf8_bin NOT NULL COMMENT '',
  `parent_ids` varchar(2000) COLLATE utf8_bin NOT NULL COMMENT '',
  `site_id` varchar(64) COLLATE utf8_bin DEFAULT '1' COMMENT '',
  `office_id` varchar(64) COLLATE utf8_bin DEFAULT NULL COMMENT '',
  `module` varchar(20) COLLATE utf8_bin DEFAULT NULL COMMENT '',
  `name` varchar(100) COLLATE utf8_bin NOT NULL COMMENT '',
  `image` varchar(255) COLLATE utf8_bin DEFAULT NULL COMMENT '',
  `href` varchar(255) COLLATE utf8_bin DEFAULT NULL COMMENT '',
  `target` varchar(20) COLLATE utf8_bin DEFAULT NULL COMMENT '',
  `description` varchar(255) COLLATE utf8_bin DEFAULT NULL COMMENT '',
  `keywords` varchar(255) COLLATE utf8_bin DEFAULT NULL COMMENT '',
  `sort` int(11) DEFAULT '30' COMMENT '',
  `in_menu` char(1) COLLATE utf8_bin DEFAULT '1' COMMENT '',
  `in_list` char(1) COLLATE utf8_bin DEFAULT '1' COMMENT '',
  `show_modes` char(1) COLLATE utf8_bin DEFAULT '0' COMMENT '',
  `allow_comment` char(1) COLLATE utf8_bin DEFAULT NULL COMMENT '',
  `is_audit` char(1) COLLATE utf8_bin DEFAULT NULL COMMENT '',
  `custom_list_view` varchar(255) COLLATE utf8_bin DEFAULT NULL COMMENT '',
  `custom_content_view` varchar(255) COLLATE utf8_bin DEFAULT NULL COMMENT '',
  `view_config` text COLLATE utf8_bin COMMENT '',
  `create_by` varchar(64) COLLATE utf8_bin DEFAULT NULL COMMENT '',
  `create_date` datetime DEFAULT NULL COMMENT '',
  `update_by` varchar(64) COLLATE utf8_bin DEFAULT NULL COMMENT '',
  `update_date` datetime DEFAULT NULL COMMENT '',
  `remarks` varchar(255) COLLATE utf8_bin DEFAULT NULL COMMENT '',
  `del_flag` char(1) COLLATE utf8_bin NOT NULL DEFAULT '0' COMMENT '',
  PRIMARY KEY (`id`),
  KEY `cms_category_parent_id` (`parent_id`),
  KEY `cms_category_module` (`module`),
  KEY `cms_category_name` (`name`),
  KEY `cms_category_sort` (`sort`),
  KEY `cms_category_del_flag` (`del_flag`),
  KEY `cms_category_office_id` (`office_id`),
  KEY `cms_category_site_id` (`site_id`)
) ENGINE=InnoDB DEFAULT CHARSET=utf8 COLLATE=utf8_bin COMMENT='';

-- ----------------------------
-- Records of cms_category
-- ----------------------------
INSERT INTO `cms_category` VALUES ('1', '0', '0,', '0', '1', null, '', null, null, null, null, null, '0', '1', '1', '0', '0', '1', null, null, null, '1', '2013-05-27 08:00:00', '1', '2013-05-27 08:00:00', null, '0');
INSERT INTO `cms_category` VALUES ('10', '1', '0,1,', '1', '4', 'article', '', null, null, null, null, null, '20', '1', '1', '0', '1', '0', null, null, null, '1', '2013-05-27 08:00:00', '1', '2013-05-27 08:00:00', null, '0');
INSERT INTO `cms_category` VALUES ('11', '10', '0,1,10,', '1', '4', 'article', '', null, null, null, null, null, '30', '1', '1', '0', '1', '0', null, null, null, '1', '2013-05-27 08:00:00', '1', '2013-05-27 08:00:00', null, '0');
INSERT INTO `cms_category` VALUES ('12', '10', '0,1,10,', '1', '4', 'article', '', null, null, null, null, null, '40', '1', '1', '0', '1', '0', null, null, null, '1', '2013-05-27 08:00:00', '1', '2013-05-27 08:00:00', null, '0');
INSERT INTO `cms_category` VALUES ('13', '10', '0,1,10,', '1', '4', 'article', '', null, null, null, null, null, '50', '1', '1', '0', '1', '0', null, null, null, '1', '2013-05-27 08:00:00', '1', '2013-05-27 08:00:00', null, '0');
INSERT INTO `cms_category` VALUES ('14', '10', '0,1,10,', '1', '4', 'article', '', null, null, null, null, null, '50', '1', '1', '0', '1', '0', null, null, null, '1', '2013-05-27 08:00:00', '1', '2013-05-27 08:00:00', null, '0');
INSERT INTO `cms_category` VALUES ('15', '10', '0,1,10,', '1', '4', 'article', '', null, null, null, null, null, '50', '1', '1', '0', '1', '0', null, null, null, '1', '2013-05-27 08:00:00', '1', '2013-05-27 08:00:00', null, '0');
INSERT INTO `cms_category` VALUES ('16', '10', '0,1,10,', '1', '4', 'article', '', null, null, null, null, null, '50', '1', '1', '0', '1', '0', null, null, null, '1', '2013-05-27 08:00:00', '1', '2013-05-27 08:00:00', null, '0');
INSERT INTO `cms_category` VALUES ('17', '10', '0,1,10,', '1', '4', 'article', '', null, null, null, null, null, '50', '1', '1', '2', '1', '0', null, null, null, '1', '2013-05-27 08:00:00', '1', '2013-05-27 08:00:00', null, '0');
INSERT INTO `cms_category` VALUES ('18', '1', '0,1,', '1', '5', 'link', '', null, null, null, null, null, '90', '1', '1', '0', '1', '0', null, null, null, '1', '2013-05-27 08:00:00', '1', '2013-05-27 08:00:00', null, '0');
INSERT INTO `cms_category` VALUES ('19', '18', '0,1,18,', '1', '5', 'link', '', null, null, null, null, null, '50', '1', '1', '0', '1', '0', null, null, null, '1', '2013-05-27 08:00:00', '1', '2013-05-27 08:00:00', null, '0');
INSERT INTO `cms_category` VALUES ('2', '1', '0,1,', '1', '3', 'article', '', null, null, null, null, null, '10', '1', '1', '0', '0', '1', null, null, null, '1', '2013-05-27 08:00:00', '1', '2013-05-27 08:00:00', null, '0');
INSERT INTO `cms_category` VALUES ('20', '18', '0,1,18,', '1', '5', 'link', '', null, null, null, null, null, '50', '1', '1', '0', '1', '0', null, null, null, '1', '2013-05-27 08:00:00', '1', '2013-05-27 08:00:00', null, '0');
INSERT INTO `cms_category` VALUES ('21', '18', '0,1,18,', '1', '5', 'link', '', null, null, null, null, null, '50', '1', '1', '0', '1', '0', null, null, null, '1', '2013-05-27 08:00:00', '1', '2013-05-27 08:00:00', null, '0');
INSERT INTO `cms_category` VALUES ('22', '18', '0,1,18,', '1', '5', 'link', '', null, null, null, null, null, '50', '1', '1', '0', '1', '0', null, null, null, '1', '2013-05-27 08:00:00', '1', '2013-05-27 08:00:00', null, '0');
INSERT INTO `cms_category` VALUES ('23', '18', '0,1,18,', '1', '5', 'link', '', null, null, null, null, null, '50', '1', '1', '0', '1', '0', null, null, null, '1', '2013-05-27 08:00:00', '1', '2013-05-27 08:00:00', null, '0');
INSERT INTO `cms_category` VALUES ('24', '1', '0,1,', '1', '6', null, '', null, 'http://www.baidu.com', '_blank', null, null, '90', '1', '1', '0', '1', '0', null, null, null, '1', '2013-05-27 08:00:00', '1', '2013-05-27 08:00:00', null, '0');
INSERT INTO `cms_category` VALUES ('25', '1', '0,1,', '1', '6', null, '', null, '/search', null, null, null, '90', '0', '1', '0', '1', '0', null, null, null, '1', '2013-05-27 08:00:00', '1', '2013-05-27 08:00:00', null, '0');
INSERT INTO `cms_category` VALUES ('26', '1', '0,1,', '2', '6', 'article', '', null, null, null, null, null, '90', '1', '1', '0', '1', '0', null, null, null, '1', '2013-05-27 08:00:00', '1', '2013-05-27 08:00:00', null, '0');
INSERT INTO `cms_category` VALUES ('27', '1', '0,1,', '1', '6', null, '', null, '/guestbook', null, null, null, '90', '1', '1', '0', '1', '0', null, null, null, '1', '2013-05-27 08:00:00', '1', '2013-05-27 08:00:00', null, '0');
INSERT INTO `cms_category` VALUES ('3', '2', '0,1,2,', '1', '3', 'article', '', null, null, null, null, null, '30', '1', '1', '0', '0', '1', null, null, null, '1', '2013-05-27 08:00:00', '1', '2013-05-27 08:00:00', null, '0');
INSERT INTO `cms_category` VALUES ('4', '2', '0,1,2,', '1', '3', 'article', '', null, null, null, null, null, '40', '1', '1', '0', '0', '1', null, null, null, '1', '2013-05-27 08:00:00', '1', '2013-05-27 08:00:00', null, '0');
INSERT INTO `cms_category` VALUES ('5', '2', '0,1,2,', '1', '3', 'article', '', null, null, null, null, null, '50', '1', '1', '0', '0', '1', null, null, null, '1', '2013-05-27 08:00:00', '1', '2013-05-27 08:00:00', null, '0');
INSERT INTO `cms_category` VALUES ('6', '1', '0,1,', '1', '3', 'article', '', null, null, null, null, null, '20', '1', '1', '1', '1', '0', null, null, null, '1', '2013-05-27 08:00:00', '1', '2013-05-27 08:00:00', null, '0');
INSERT INTO `cms_category` VALUES ('7', '6', '0,1,6,', '1', '3', 'article', '', null, null, null, null, null, '30', '1', '1', '0', '1', '0', null, null, null, '1', '2013-05-27 08:00:00', '1', '2013-05-27 08:00:00', null, '0');
INSERT INTO `cms_category` VALUES ('8', '6', '0,1,6,', '1', '3', 'article', '', null, null, null, null, null, '40', '1', '1', '0', '1', '0', null, null, null, '1', '2013-05-27 08:00:00', '1', '2013-05-27 08:00:00', null, '0');
INSERT INTO `cms_category` VALUES ('9', '6', '0,1,6,', '1', '3', 'article', '', null, null, null, null, null, '50', '1', '1', '0', '1', '0', null, null, null, '1', '2013-05-27 08:00:00', '1', '2013-05-27 08:00:00', null, '0');

-- ----------------------------
-- Table structure for `cms_comment`
-- ----------------------------
DROP TABLE IF EXISTS `cms_comment`;
CREATE TABLE `cms_comment` (
  `id` varchar(64) COLLATE utf8_bin NOT NULL COMMENT '',
  `category_id` varchar(64) COLLATE utf8_bin NOT NULL COMMENT '',
  `content_id` varchar(64) COLLATE utf8_bin NOT NULL COMMENT '',
  `title` varchar(255) COLLATE utf8_bin DEFAULT NULL COMMENT '',
  `content` varchar(255) COLLATE utf8_bin DEFAULT NULL COMMENT '',
  `name` varchar(100) COLLATE utf8_bin DEFAULT NULL COMMENT '',
  `ip` varchar(100) COLLATE utf8_bin DEFAULT NULL COMMENT 'IP',
  `create_date` datetime NOT NULL COMMENT '',
  `audit_user_id` varchar(64) COLLATE utf8_bin DEFAULT NULL COMMENT '',
  `audit_date` datetime DEFAULT NULL COMMENT '',
  `del_flag` char(1) COLLATE utf8_bin NOT NULL DEFAULT '0' COMMENT '',
  PRIMARY KEY (`id`),
  KEY `cms_comment_category_id` (`category_id`),
  KEY `cms_comment_content_id` (`content_id`),
  KEY `cms_comment_status` (`del_flag`)
) ENGINE=InnoDB DEFAULT CHARSET=utf8 COLLATE=utf8_bin COMMENT='';

-- ----------------------------
-- Records of cms_comment
-- ----------------------------

-- ----------------------------
-- Table structure for `cms_guestbook`
-- ----------------------------
DROP TABLE IF EXISTS `cms_guestbook`;
CREATE TABLE `cms_guestbook` (
  `id` varchar(64) COLLATE utf8_bin NOT NULL COMMENT '',
  `type` char(1) COLLATE utf8_bin NOT NULL COMMENT '',
  `content` varchar(255) COLLATE utf8_bin NOT NULL COMMENT '',
  `name` varchar(100) COLLATE utf8_bin NOT NULL COMMENT '',
  `email` varchar(100) COLLATE utf8_bin NOT NULL COMMENT '',
  `phone` varchar(100) COLLATE utf8_bin NOT NULL COMMENT '',
  `workunit` varchar(100) COLLATE utf8_bin NOT NULL COMMENT '',
  `ip` varchar(100) COLLATE utf8_bin NOT NULL COMMENT 'IP',
  `create_date` datetime NOT NULL COMMENT '',
  `re_user_id` varchar(64) COLLATE utf8_bin DEFAULT NULL COMMENT '',
  `re_date` datetime DEFAULT NULL COMMENT '',
  `re_content` varchar(100) COLLATE utf8_bin DEFAULT NULL COMMENT '',
  `del_flag` char(1) COLLATE utf8_bin NOT NULL DEFAULT '0' COMMENT '',
  PRIMARY KEY (`id`),
  KEY `cms_guestbook_del_flag` (`del_flag`)
) ENGINE=InnoDB DEFAULT CHARSET=utf8 COLLATE=utf8_bin COMMENT='';

-- ----------------------------
-- Records of cms_guestbook
-- ----------------------------

-- ----------------------------
-- Table structure for `cms_link`
-- ----------------------------
DROP TABLE IF EXISTS `cms_link`;
CREATE TABLE `cms_link` (
  `id` varchar(64) COLLATE utf8_bin NOT NULL COMMENT '',
  `category_id` varchar(64) COLLATE utf8_bin NOT NULL COMMENT '',
  `title` varchar(255) COLLATE utf8_bin NOT NULL COMMENT '',
  `color` varchar(50) COLLATE utf8_bin DEFAULT NULL COMMENT '',
  `image` varchar(255) COLLATE utf8_bin DEFAULT NULL COMMENT '',
  `href` varchar(255) COLLATE utf8_bin DEFAULT NULL COMMENT '',
  `weight` int(11) DEFAULT '0' COMMENT '',
  `weight_date` datetime DEFAULT NULL COMMENT '',
  `create_by` varchar(64) COLLATE utf8_bin DEFAULT NULL COMMENT '',
  `create_date` datetime DEFAULT NULL COMMENT '',
  `update_by` varchar(64) COLLATE utf8_bin DEFAULT NULL COMMENT '',
  `update_date` datetime DEFAULT NULL COMMENT '',
  `remarks` varchar(255) COLLATE utf8_bin DEFAULT NULL COMMENT '',
  `del_flag` char(1) COLLATE utf8_bin NOT NULL DEFAULT '0' COMMENT '',
  PRIMARY KEY (`id`),
  KEY `cms_link_category_id` (`category_id`),
  KEY `cms_link_title` (`title`),
  KEY `cms_link_del_flag` (`del_flag`),
  KEY `cms_link_weight` (`weight`),
  KEY `cms_link_create_by` (`create_by`),
  KEY `cms_link_update_date` (`update_date`)
) ENGINE=InnoDB DEFAULT CHARSET=utf8 COLLATE=utf8_bin COMMENT='';

-- ----------------------------
-- Records of cms_link
-- ----------------------------
INSERT INTO `cms_link` VALUES ('1', '19', 'JeeSite', null, null, 'http://thinkgem.github.com/jeesite', '0', null, '1', '2013-05-27 08:00:00', '1', '2013-05-27 08:00:00', null, '0');
INSERT INTO `cms_link` VALUES ('10', '22', '58', null, null, 'http://www.58.com/', '0', null, '1', '2013-05-27 08:00:00', '1', '2013-05-27 08:00:00', null, '0');
INSERT INTO `cms_link` VALUES ('11', '23', '', null, null, 'http://v.360.cn/', '0', null, '1', '2013-05-27 08:00:00', '1', '2013-05-27 08:00:00', null, '0');
INSERT INTO `cms_link` VALUES ('12', '23', '', null, null, 'http://www.ifeng.com/', '0', null, '1', '2013-05-27 08:00:00', '1', '2013-05-27 08:00:00', null, '0');
INSERT INTO `cms_link` VALUES ('2', '19', 'ThinkGem', null, null, 'http://thinkgem.iteye.com/', '0', null, '1', '2013-05-27 08:00:00', '1', '2013-05-27 08:00:00', null, '0');
INSERT INTO `cms_link` VALUES ('3', '19', '', null, null, 'http://www.baidu.com', '0', null, '1', '2013-05-27 08:00:00', '1', '2013-05-27 08:00:00', null, '0');
INSERT INTO `cms_link` VALUES ('4', '19', '', null, null, 'http://www.google.com', '0', null, '1', '2013-05-27 08:00:00', '1', '2013-05-27 08:00:00', null, '0');
INSERT INTO `cms_link` VALUES ('5', '20', '', null, null, 'http://www.sina.com.cn', '0', null, '1', '2013-05-27 08:00:00', '1', '2013-05-27 08:00:00', null, '0');
INSERT INTO `cms_link` VALUES ('6', '20', '', null, null, 'http://www.qq.com/', '0', null, '1', '2013-05-27 08:00:00', '1', '2013-05-27 08:00:00', null, '0');
INSERT INTO `cms_link` VALUES ('7', '21', '', null, null, 'http://www.taobao.com/', '0', null, '1', '2013-05-27 08:00:00', '1', '2013-05-27 08:00:00', null, '0');
INSERT INTO `cms_link` VALUES ('8', '21', '', null, null, 'http://www.xinhuanet.com/', '0', null, '1', '2013-05-27 08:00:00', '1', '2013-05-27 08:00:00', null, '0');
INSERT INTO `cms_link` VALUES ('9', '22', '', null, null, 'http://www.ganji.com/', '0', null, '1', '2013-05-27 08:00:00', '1', '2013-05-27 08:00:00', null, '0');

-- ----------------------------
-- Table structure for `cms_site`
-- ----------------------------
DROP TABLE IF EXISTS `cms_site`;
CREATE TABLE `cms_site` (
  `id` varchar(64) COLLATE utf8_bin NOT NULL COMMENT '',
  `name` varchar(100) COLLATE utf8_bin NOT NULL COMMENT '',
  `title` varchar(100) COLLATE utf8_bin NOT NULL COMMENT '',
  `logo` varchar(255) COLLATE utf8_bin DEFAULT NULL COMMENT 'Logo',
  `domain` varchar(255) COLLATE utf8_bin DEFAULT NULL COMMENT '',
  `description` varchar(255) COLLATE utf8_bin DEFAULT NULL COMMENT '',
  `keywords` varchar(255) COLLATE utf8_bin DEFAULT NULL COMMENT '',
  `theme` varchar(255) COLLATE utf8_bin DEFAULT 'default' COMMENT '',
  `copyright` text COLLATE utf8_bin COMMENT '',
  `custom_index_view` varchar(255) COLLATE utf8_bin DEFAULT NULL COMMENT '',
  `create_by` varchar(64) COLLATE utf8_bin DEFAULT NULL COMMENT '',
  `create_date` datetime DEFAULT NULL COMMENT '',
  `update_by` varchar(64) COLLATE utf8_bin DEFAULT NULL COMMENT '',
  `update_date` datetime DEFAULT NULL COMMENT '',
  `remarks` varchar(255) COLLATE utf8_bin DEFAULT NULL COMMENT '',
  `del_flag` char(1) COLLATE utf8_bin NOT NULL DEFAULT '0' COMMENT '',
  PRIMARY KEY (`id`),
  KEY `cms_site_del_flag` (`del_flag`)
) ENGINE=InnoDB DEFAULT CHARSET=utf8 COLLATE=utf8_bin COMMENT='';

-- ----------------------------
-- Records of cms_site
-- ----------------------------
INSERT INTO `cms_site` VALUES ('1', '', 'JeeSite Web', null, null, 'JeeSite', 'JeeSite', 'basic', 0x436F707972696768742026636F70793B20323031322D32303133203C6120687265663D27687474703A2F2F7468696E6B67656D2E69746579652E636F6D27207461726765743D275F626C616E6B273E5468696E6B47656D3C2F613E202D20506F7765726564204279203C6120687265663D2768747470733A2F2F6769746875622E636F6D2F7468696E6B67656D2F6A65657369746527207461726765743D275F626C616E6B273E4A6565536974653C2F613E2056312E30, null, '1', '2013-05-27 08:00:00', '1', '2013-05-27 08:00:00', null, '0');
INSERT INTO `cms_site` VALUES ('2', '', 'JeeSite Subsite', null, null, 'JeeSite subsite', 'JeeSite subsite', 'basic', 0x436F707972696768742026636F70793B20323031322D32303133203C6120687265663D27687474703A2F2F7468696E6B67656D2E69746579652E636F6D27207461726765743D275F626C616E6B273E5468696E6B47656D3C2F613E202D20506F7765726564204279203C6120687265663D2768747470733A2F2F6769746875622E636F6D2F7468696E6B67656D2F6A65657369746527207461726765743D275F626C616E6B273E4A6565536974653C2F613E2056312E30, null, '1', '2013-05-27 08:00:00', '1', '2013-05-27 08:00:00', null, '0');

-- ----------------------------
-- Table structure for `gen_scheme`
-- ----------------------------
DROP TABLE IF EXISTS `gen_scheme`;
CREATE TABLE `gen_scheme` (
  `id` varchar(64) COLLATE utf8_bin NOT NULL COMMENT '',
  `name` varchar(200) COLLATE utf8_bin DEFAULT NULL COMMENT '',
  `category` varchar(2000) COLLATE utf8_bin DEFAULT NULL COMMENT '',
  `package_name` varchar(500) COLLATE utf8_bin DEFAULT NULL COMMENT '',
  `module_name` varchar(30) COLLATE utf8_bin DEFAULT NULL COMMENT '',
  `sub_module_name` varchar(30) COLLATE utf8_bin DEFAULT NULL COMMENT '',
  `function_name` varchar(500) COLLATE utf8_bin DEFAULT NULL COMMENT '',
  `function_name_simple` varchar(100) COLLATE utf8_bin DEFAULT NULL COMMENT '',
  `function_author` varchar(100) COLLATE utf8_bin DEFAULT NULL COMMENT '',
  `gen_table_id` varchar(200) COLLATE utf8_bin DEFAULT NULL COMMENT '',
  `create_by` varchar(64) COLLATE utf8_bin DEFAULT NULL COMMENT '',
  `create_date` datetime DEFAULT NULL COMMENT '',
  `update_by` varchar(64) COLLATE utf8_bin DEFAULT NULL COMMENT '',
  `update_date` datetime DEFAULT NULL COMMENT '',
  `remarks` varchar(255) COLLATE utf8_bin DEFAULT NULL COMMENT '',
  `del_flag` char(1) COLLATE utf8_bin NOT NULL DEFAULT '0' COMMENT '01',
  PRIMARY KEY (`id`),
  KEY `gen_scheme_del_flag` (`del_flag`)
) ENGINE=InnoDB DEFAULT CHARSET=utf8 COLLATE=utf8_bin COMMENT='';

-- ----------------------------
-- Records of gen_scheme
-- ----------------------------
INSERT INTO `gen_scheme` VALUES ('35a13dc260284a728a270db3f382664b', '', 'treeTable', 'com.thinkgem.jeesite.modules', 'test', null, '', '', 'ThinkGem', 'f6e4dafaa72f4c509636484715f33a96', '1', '2013-08-12 13:10:05', '1', '2013-08-12 13:10:05', null, '0');
INSERT INTO `gen_scheme` VALUES ('9c9de9db6da743bb899036c6546061ac', '', 'curd', 'com.thinkgem.jeesite.modules', 'test', null, '', '', 'ThinkGem', 'aef6f1fc948f4c9ab1c1b780bc471cc2', '1', '2013-08-12 13:10:05', '1', '2013-08-12 13:10:05', null, '0');
INSERT INTO `gen_scheme` VALUES ('e6d905fd236b46d1af581dd32bdfb3b0', '', 'curd_many', 'com.thinkgem.jeesite.modules', 'test', null, '', '', 'ThinkGem', '43d6d5acffa14c258340ce6765e46c6f', '1', '2013-08-12 13:10:05', '1', '2013-08-12 13:10:05', null, '0');

-- ----------------------------
-- Table structure for `gen_table`
-- ----------------------------
DROP TABLE IF EXISTS `gen_table`;
CREATE TABLE `gen_table` (
  `id` varchar(64) COLLATE utf8_bin NOT NULL COMMENT '',
  `name` varchar(200) COLLATE utf8_bin DEFAULT NULL COMMENT '',
  `comments` varchar(500) COLLATE utf8_bin DEFAULT NULL COMMENT '',
  `class_name` varchar(100) COLLATE utf8_bin DEFAULT NULL COMMENT '',
  `parent_table` varchar(200) COLLATE utf8_bin DEFAULT NULL COMMENT '',
  `parent_table_fk` varchar(100) COLLATE utf8_bin DEFAULT NULL COMMENT '',
  `create_by` varchar(64) COLLATE utf8_bin DEFAULT NULL COMMENT '',
  `create_date` datetime DEFAULT NULL COMMENT '',
  `update_by` varchar(64) COLLATE utf8_bin DEFAULT NULL COMMENT '',
  `update_date` datetime DEFAULT NULL COMMENT '',
  `remarks` varchar(255) COLLATE utf8_bin DEFAULT NULL COMMENT '',
  `del_flag` char(1) COLLATE utf8_bin NOT NULL DEFAULT '0' COMMENT '01',
  PRIMARY KEY (`id`),
  KEY `gen_table_name` (`name`),
  KEY `gen_table_del_flag` (`del_flag`)
) ENGINE=InnoDB DEFAULT CHARSET=utf8 COLLATE=utf8_bin COMMENT='';

-- ----------------------------
-- Records of gen_table
-- ----------------------------
INSERT INTO `gen_table` VALUES ('43d6d5acffa14c258340ce6765e46c6f', 'test_data_main', '', 'TestDataMain', null, null, '1', '2013-08-12 13:10:05', '1', '2013-08-12 13:10:05', null, '0');
INSERT INTO `gen_table` VALUES ('6e05c389f3c6415ea34e55e9dfb28934', 'test_data_child', '', 'TestDataChild', 'test_data_main', 'test_data_main_id', '1', '2013-08-12 13:10:05', '1', '2013-08-12 13:10:05', null, '0');
INSERT INTO `gen_table` VALUES ('aef6f1fc948f4c9ab1c1b780bc471cc2', 'test_data', '', 'TestData', null, null, '1', '2013-08-12 13:10:05', '1', '2013-08-12 13:10:05', null, '0');
INSERT INTO `gen_table` VALUES ('f6e4dafaa72f4c509636484715f33a96', 'test_tree', '', 'TestTree', null, null, '1', '2013-08-12 13:10:05', '1', '2013-08-12 13:10:05', null, '0');

-- ----------------------------
-- Table structure for `gen_table_column`
-- ----------------------------
DROP TABLE IF EXISTS `gen_table_column`;
CREATE TABLE `gen_table_column` (
  `id` varchar(64) COLLATE utf8_bin NOT NULL COMMENT '',
  `gen_table_id` varchar(64) COLLATE utf8_bin DEFAULT NULL COMMENT '',
  `name` varchar(200) COLLATE utf8_bin DEFAULT NULL COMMENT '',
  `comments` varchar(500) COLLATE utf8_bin DEFAULT NULL COMMENT '',
  `jdbc_type` varchar(100) COLLATE utf8_bin DEFAULT NULL COMMENT '',
  `java_type` varchar(500) COLLATE utf8_bin DEFAULT NULL COMMENT 'JAVA',
  `java_field` varchar(200) COLLATE utf8_bin DEFAULT NULL COMMENT 'JAVA',
  `is_pk` char(1) COLLATE utf8_bin DEFAULT NULL COMMENT '',
  `is_null` char(1) COLLATE utf8_bin DEFAULT NULL COMMENT '',
  `is_insert` char(1) COLLATE utf8_bin DEFAULT NULL COMMENT '',
  `is_edit` char(1) COLLATE utf8_bin DEFAULT NULL COMMENT '',
  `is_list` char(1) COLLATE utf8_bin DEFAULT NULL COMMENT '',
  `is_query` char(1) COLLATE utf8_bin DEFAULT NULL COMMENT '',
  `query_type` varchar(200) COLLATE utf8_bin DEFAULT NULL COMMENT 'LIKELIKELIKE',
  `show_type` varchar(200) COLLATE utf8_bin DEFAULT NULL COMMENT '',
  `dict_type` varchar(200) COLLATE utf8_bin DEFAULT NULL COMMENT '',
  `settings` varchar(2000) COLLATE utf8_bin DEFAULT NULL COMMENT 'JSON',
  `sort` decimal(10,0) DEFAULT NULL COMMENT '',
  `create_by` varchar(64) COLLATE utf8_bin DEFAULT NULL COMMENT '',
  `create_date` datetime DEFAULT NULL COMMENT '',
  `update_by` varchar(64) COLLATE utf8_bin DEFAULT NULL COMMENT '',
  `update_date` datetime DEFAULT NULL COMMENT '',
  `remarks` varchar(255) COLLATE utf8_bin DEFAULT NULL COMMENT '',
  `del_flag` char(1) COLLATE utf8_bin NOT NULL DEFAULT '0' COMMENT '01',
  PRIMARY KEY (`id`),
  KEY `gen_table_column_table_id` (`gen_table_id`),
  KEY `gen_table_column_name` (`name`),
  KEY `gen_table_column_sort` (`sort`),
  KEY `gen_table_column_del_flag` (`del_flag`)
) ENGINE=InnoDB DEFAULT CHARSET=utf8 COLLATE=utf8_bin COMMENT='';

-- ----------------------------
-- Records of gen_table_column
-- ----------------------------
INSERT INTO `gen_table_column` VALUES ('0902a0cb3e8f434280c20e9d771d0658', 'aef6f1fc948f4c9ab1c1b780bc471cc2', 'sex', '', 'char(1)', 'String', 'sex', '0', '1', '1', '1', '1', '1', '=', 'radiobox', 'sex', null, '6', '1', '2013-08-12 13:10:05', '1', '2013-08-12 13:10:05', null, '0');
INSERT INTO `gen_table_column` VALUES ('103fc05c88ff40639875c2111881996a', 'aef6f1fc948f4c9ab1c1b780bc471cc2', 'create_date', '', 'timestamp(6)', 'java.util.Date', 'createDate', '0', '0', '1', '0', '0', '0', '=', 'dateselect', null, null, '9', '1', '2013-08-12 13:10:05', '1', '2013-08-12 13:10:05', null, '0');
INSERT INTO `gen_table_column` VALUES ('12fa38dd986e41908f7fefa5839d1220', '6e05c389f3c6415ea34e55e9dfb28934', 'create_by', '', 'varchar2(64)', 'com.thinkgem.jeesite.modules.modules.sys.entity.User', 'createBy.id', '0', '0', '1', '0', '0', '0', '=', 'input', null, null, '4', '1', '2013-08-12 13:10:05', '1', '2013-08-12 13:10:05', null, '0');
INSERT INTO `gen_table_column` VALUES ('195ee9241f954d008fe01625f4adbfef', 'f6e4dafaa72f4c509636484715f33a96', 'create_by', '', 'varchar2(64)', 'com.thinkgem.jeesite.modules.modules.sys.entity.User', 'createBy.id', '0', '0', '1', '0', '0', '0', '=', 'input', null, null, '6', '1', '2013-08-12 13:10:05', '1', '2013-08-12 13:10:05', null, '0');
INSERT INTO `gen_table_column` VALUES ('19c6478b8ff54c60910c2e4fc3d27503', '43d6d5acffa14c258340ce6765e46c6f', 'id', '', 'varchar2(64)', 'String', 'id', '1', '0', '1', '0', '0', '0', '=', 'input', null, null, '1', '1', '2013-08-12 13:10:05', '1', '2013-08-12 13:10:05', null, '0');
INSERT INTO `gen_table_column` VALUES ('1ac6562f753d4e599693840651ab2bf7', '43d6d5acffa14c258340ce6765e46c6f', 'in_date', '', 'date(7)', 'java.util.Date', 'inDate', '0', '1', '1', '1', '0', '0', '=', 'dateselect', null, null, '7', '1', '2013-08-12 13:10:05', '1', '2013-08-12 13:10:05', null, '0');
INSERT INTO `gen_table_column` VALUES ('1b8eb55f65284fa6b0a5879b6d8ad3ec', 'aef6f1fc948f4c9ab1c1b780bc471cc2', 'in_date', '', 'date(7)', 'java.util.Date', 'inDate', '0', '1', '1', '1', '0', '1', 'between', 'dateselect', null, null, '7', '1', '2013-08-12 13:10:05', '1', '2013-08-12 13:10:05', null, '0');
INSERT INTO `gen_table_column` VALUES ('1d5ca4d114be41e99f8dc42a682ba609', 'aef6f1fc948f4c9ab1c1b780bc471cc2', 'user_id', '', 'varchar2(64)', 'com.thinkgem.jeesite.modules.modules.sys.entity.User', 'user.id|name', '0', '1', '1', '1', '1', '1', '=', 'userselect', null, null, '2', '1', '2013-08-12 13:10:05', '1', '2013-08-12 13:10:05', null, '0');
INSERT INTO `gen_table_column` VALUES ('21756504ffdc487eb167a823f89c0c06', '43d6d5acffa14c258340ce6765e46c6f', 'update_by', '', 'varchar2(64)', 'com.thinkgem.jeesite.modules.modules.sys.entity.User', 'updateBy.id', '0', '0', '1', '1', '0', '0', '=', 'input', null, null, '10', '1', '2013-08-12 13:10:05', '1', '2013-08-12 13:10:05', null, '0');
INSERT INTO `gen_table_column` VALUES ('24bbdc0a555e4412a106ab1c5f03008e', 'f6e4dafaa72f4c509636484715f33a96', 'parent_ids', '', 'varchar2(2000)', 'String', 'parentIds', '0', '0', '1', '1', '0', '0', 'like', 'input', null, null, '3', '1', '2013-08-12 13:10:05', '1', '2013-08-12 13:10:05', null, '0');
INSERT INTO `gen_table_column` VALUES ('33152ce420904594b3eac796a27f0560', '6e05c389f3c6415ea34e55e9dfb28934', 'id', '', 'varchar2(64)', 'String', 'id', '1', '0', '1', '0', '0', '0', '=', 'input', null, null, '1', '1', '2013-08-12 13:10:05', '1', '2013-08-12 13:10:05', null, '0');
INSERT INTO `gen_table_column` VALUES ('35af241859624a01917ab64c3f4f0813', 'aef6f1fc948f4c9ab1c1b780bc471cc2', 'del_flag', '01', 'char(1)', 'String', 'delFlag', '0', '0', '1', '0', '0', '0', '=', 'radiobox', 'del_flag', null, '13', '1', '2013-08-12 13:10:05', '1', '2013-08-12 13:10:05', null, '0');
INSERT INTO `gen_table_column` VALUES ('398b4a03f06940bfb979ca574e1911e3', 'aef6f1fc948f4c9ab1c1b780bc471cc2', 'create_by', '', 'varchar2(64)', 'com.thinkgem.jeesite.modules.modules.sys.entity.User', 'createBy.id', '0', '0', '1', '0', '0', '0', '=', 'input', null, null, '8', '1', '2013-08-12 13:10:05', '1', '2013-08-12 13:10:05', null, '0');
INSERT INTO `gen_table_column` VALUES ('3a7cf23ae48a4c849ceb03feffc7a524', '43d6d5acffa14c258340ce6765e46c6f', 'area_id', '', 'nvarchar2(64)', 'com.thinkgem.jeesite.modules.modules.sys.entity.Area', 'area.id|name', '0', '1', '1', '1', '0', '0', '=', 'areaselect', null, null, '4', '1', '2013-08-12 13:10:05', '1', '2013-08-12 13:10:05', null, '0');
INSERT INTO `gen_table_column` VALUES ('3d9c32865bb44e85af73381df0ffbf3d', '43d6d5acffa14c258340ce6765e46c6f', 'update_date', '', 'timestamp(6)', 'java.util.Date', 'updateDate', '0', '0', '1', '1', '1', '0', '=', 'dateselect', null, null, '11', '1', '2013-08-12 13:10:05', '1', '2013-08-12 13:10:05', null, '0');
INSERT INTO `gen_table_column` VALUES ('416c76d2019b4f76a96d8dc3a8faf84c', 'f6e4dafaa72f4c509636484715f33a96', 'update_date', '', 'timestamp(6)', 'java.util.Date', 'updateDate', '0', '0', '1', '1', '1', '0', '=', 'dateselect', null, null, '9', '1', '2013-08-12 13:10:05', '1', '2013-08-12 13:10:05', null, '0');
INSERT INTO `gen_table_column` VALUES ('46e6d8283270493687085d29efdecb05', 'f6e4dafaa72f4c509636484715f33a96', 'del_flag', '01', 'char(1)', 'String', 'delFlag', '0', '0', '1', '0', '0', '0', '=', 'radiobox', 'del_flag', null, '11', '1', '2013-08-12 13:10:05', '1', '2013-08-12 13:10:05', null, '0');
INSERT INTO `gen_table_column` VALUES ('4a0a1fff86ca46519477d66b82e01991', 'aef6f1fc948f4c9ab1c1b780bc471cc2', 'name', '', 'nvarchar2(100)', 'String', 'name', '0', '1', '1', '1', '1', '1', 'like', 'input', null, null, '5', '1', '2013-08-12 13:10:05', '1', '2013-08-12 13:10:05', null, '0');
INSERT INTO `gen_table_column` VALUES ('4c8ef12cb6924b9ba44048ba9913150b', '43d6d5acffa14c258340ce6765e46c6f', 'create_date', '', 'timestamp(6)', 'java.util.Date', 'createDate', '0', '0', '1', '0', '0', '0', '=', 'dateselect', null, null, '9', '1', '2013-08-12 13:10:05', '1', '2013-08-12 13:10:05', null, '0');
INSERT INTO `gen_table_column` VALUES ('53d65a3d306d4fac9e561db9d3c66912', '6e05c389f3c6415ea34e55e9dfb28934', 'del_flag', '01', 'char(1)', 'String', 'delFlag', '0', '0', '1', '0', '0', '0', '=', 'radiobox', 'del_flag', null, '9', '1', '2013-08-12 13:10:05', '1', '2013-08-12 13:10:05', null, '0');
INSERT INTO `gen_table_column` VALUES ('56fa71c0bd7e4132931874e548dc9ba5', '6e05c389f3c6415ea34e55e9dfb28934', 'update_by', '', 'varchar2(64)', 'com.thinkgem.jeesite.modules.modules.sys.entity.User', 'updateBy.id', '0', '0', '1', '1', '0', '0', '=', 'input', null, null, '6', '1', '2013-08-12 13:10:05', '1', '2013-08-12 13:10:05', null, '0');
INSERT INTO `gen_table_column` VALUES ('5a4a1933c9c844fdba99de043dc8205e', 'aef6f1fc948f4c9ab1c1b780bc471cc2', 'update_by', '', 'varchar2(64)', 'com.thinkgem.jeesite.modules.modules.sys.entity.User', 'updateBy.id', '0', '0', '1', '1', '0', '0', '=', 'input', null, null, '10', '1', '2013-08-12 13:10:05', '1', '2013-08-12 13:10:05', null, '0');
INSERT INTO `gen_table_column` VALUES ('5e5c69bd3eaa4dcc9743f361f3771c08', 'aef6f1fc948f4c9ab1c1b780bc471cc2', 'id', '', 'varchar2(64)', 'String', 'id', '1', '0', '1', '0', '0', '0', '=', 'input', null, null, '1', '1', '2013-08-12 13:10:05', '1', '2013-08-12 13:10:05', null, '0');
INSERT INTO `gen_table_column` VALUES ('633f5a49ec974c099158e7b3e6bfa930', 'f6e4dafaa72f4c509636484715f33a96', 'name', '', 'nvarchar2(100)', 'String', 'name', '0', '0', '1', '1', '1', '1', 'like', 'input', null, null, '4', '1', '2013-08-12 13:10:05', '1', '2013-08-12 13:10:05', null, '0');
INSERT INTO `gen_table_column` VALUES ('652491500f2641ffa7caf95a93e64d34', '6e05c389f3c6415ea34e55e9dfb28934', 'update_date', '', 'timestamp(6)', 'java.util.Date', 'updateDate', '0', '0', '1', '1', '1', '0', '=', 'dateselect', null, null, '7', '1', '2013-08-12 13:10:05', '1', '2013-08-12 13:10:05', null, '0');
INSERT INTO `gen_table_column` VALUES ('6763ff6dc7cd4c668e76cf9b697d3ff6', 'f6e4dafaa72f4c509636484715f33a96', 'sort', '', 'number(10)', 'Integer', 'sort', '0', '0', '1', '1', '1', '0', '=', 'input', null, null, '5', '1', '2013-08-12 13:10:05', '1', '2013-08-12 13:10:05', null, '0');
INSERT INTO `gen_table_column` VALUES ('67d0331f809a48ee825602659f0778e8', '43d6d5acffa14c258340ce6765e46c6f', 'name', '', 'nvarchar2(100)', 'String', 'name', '0', '1', '1', '1', '1', '1', 'like', 'input', null, null, '5', '1', '2013-08-12 13:10:05', '1', '2013-08-12 13:10:05', null, '0');
INSERT INTO `gen_table_column` VALUES ('68345713bef3445c906f70e68f55de38', '6e05c389f3c6415ea34e55e9dfb28934', 'test_data_main_id', '', 'varchar2(64)', 'String', 'testDataMain.id', '0', '1', '1', '1', '0', '0', '=', 'input', null, null, '2', '1', '2013-08-12 13:10:05', '1', '2013-08-12 13:10:05', null, '0');
INSERT INTO `gen_table_column` VALUES ('71ea4bc10d274911b405f3165fc1bb1a', 'aef6f1fc948f4c9ab1c1b780bc471cc2', 'area_id', '', 'nvarchar2(64)', 'com.thinkgem.jeesite.modules.modules.sys.entity.Area', 'area.id|name', '0', '1', '1', '1', '1', '1', '=', 'areaselect', null, null, '4', '1', '2013-08-12 13:10:05', '1', '2013-08-12 13:10:05', null, '0');
INSERT INTO `gen_table_column` VALUES ('7f871058d94c4d9a89084be7c9ce806d', '6e05c389f3c6415ea34e55e9dfb28934', 'remarks', '', 'nvarchar2(255)', 'String', 'remarks', '0', '1', '1', '1', '1', '0', '=', 'input', null, null, '8', '1', '2013-08-12 13:10:05', '1', '2013-08-12 13:10:05', null, '0');
INSERT INTO `gen_table_column` VALUES ('8b48774cfe184913b8b5eb17639cf12d', '43d6d5acffa14c258340ce6765e46c6f', 'create_by', '', 'varchar2(64)', 'com.thinkgem.jeesite.modules.modules.sys.entity.User', 'createBy.id', '0', '0', '1', '0', '0', '0', '=', 'input', null, null, '8', '1', '2013-08-12 13:10:05', '1', '2013-08-12 13:10:05', null, '0');
INSERT INTO `gen_table_column` VALUES ('8b7cf0525519474ebe1de9e587eb7067', '6e05c389f3c6415ea34e55e9dfb28934', 'create_date', '', 'timestamp(6)', 'java.util.Date', 'createDate', '0', '0', '1', '0', '0', '0', '=', 'dateselect', null, null, '5', '1', '2013-08-12 13:10:05', '1', '2013-08-12 13:10:05', null, '0');
INSERT INTO `gen_table_column` VALUES ('8b9de88df53e485d8ef461c4b1824bc1', '43d6d5acffa14c258340ce6765e46c6f', 'user_id', '', 'varchar2(64)', 'com.thinkgem.jeesite.modules.modules.sys.entity.User', 'user.id|name', '0', '1', '1', '1', '1', '1', '=', 'userselect', null, null, '2', '1', '2013-08-12 13:10:05', '1', '2013-08-12 13:10:05', null, '0');
INSERT INTO `gen_table_column` VALUES ('8da38dbe5fe54e9bb1f9682c27fbf403', 'aef6f1fc948f4c9ab1c1b780bc471cc2', 'remarks', '', 'nvarchar2(255)', 'String', 'remarks', '0', '1', '1', '1', '1', '0', '=', 'textarea', null, null, '12', '1', '2013-08-12 13:10:05', '1', '2013-08-12 13:10:05', null, '0');
INSERT INTO `gen_table_column` VALUES ('92481c16a0b94b0e8bba16c3c54eb1e4', 'f6e4dafaa72f4c509636484715f33a96', 'create_date', '', 'timestamp(6)', 'java.util.Date', 'createDate', '0', '0', '1', '0', '0', '0', '=', 'dateselect', null, null, '7', '1', '2013-08-12 13:10:05', '1', '2013-08-12 13:10:05', null, '0');
INSERT INTO `gen_table_column` VALUES ('9a012c1d2f934dbf996679adb7cc827a', 'f6e4dafaa72f4c509636484715f33a96', 'parent_id', '', 'varchar2(64)', 'This', 'parent.id|name', '0', '0', '1', '1', '0', '0', '=', 'treeselect', null, null, '2', '1', '2013-08-12 13:10:05', '1', '2013-08-12 13:10:05', null, '0');
INSERT INTO `gen_table_column` VALUES ('ad3bf0d4b44b4528a5211a66af88f322', 'aef6f1fc948f4c9ab1c1b780bc471cc2', 'office_id', '', 'varchar2(64)', 'com.thinkgem.jeesite.modules.modules.sys.entity.Office', 'office.id|name', '0', '1', '1', '1', '1', '1', '=', 'officeselect', null, null, '3', '1', '2013-08-12 13:10:05', '1', '2013-08-12 13:10:05', null, '0');
INSERT INTO `gen_table_column` VALUES ('bb1256a8d1b741f6936d8fed06f45eed', 'f6e4dafaa72f4c509636484715f33a96', 'update_by', '', 'varchar2(64)', 'com.thinkgem.jeesite.modules.modules.sys.entity.User', 'updateBy.id', '0', '0', '1', '1', '0', '0', '=', 'input', null, null, '8', '1', '2013-08-12 13:10:05', '1', '2013-08-12 13:10:05', null, '0');
INSERT INTO `gen_table_column` VALUES ('ca68a2d403f0449cbaa1d54198c6f350', '43d6d5acffa14c258340ce6765e46c6f', 'office_id', '', 'varchar2(64)', 'com.thinkgem.jeesite.modules.modules.sys.entity.Office', 'office.id|name', '0', '1', '1', '1', '0', '0', '=', 'officeselect', null, null, '3', '1', '2013-08-12 13:10:05', '1', '2013-08-12 13:10:05', null, '0');
INSERT INTO `gen_table_column` VALUES ('cb9c0ec3da26432d9cbac05ede0fd1d0', '43d6d5acffa14c258340ce6765e46c6f', 'remarks', '', 'nvarchar2(255)', 'String', 'remarks', '0', '1', '1', '1', '1', '0', '=', 'textarea', null, null, '12', '1', '2013-08-12 13:10:05', '1', '2013-08-12 13:10:05', null, '0');
INSERT INTO `gen_table_column` VALUES ('cfcfa06ea61749c9b4c4dbc507e0e580', 'f6e4dafaa72f4c509636484715f33a96', 'id', '', 'varchar2(64)', 'String', 'id', '1', '0', '1', '0', '0', '0', '=', 'input', null, null, '1', '1', '2013-08-12 13:10:05', '1', '2013-08-12 13:10:05', null, '0');
INSERT INTO `gen_table_column` VALUES ('d5c2d932ae904aa8a9f9ef34cd36fb0b', '43d6d5acffa14c258340ce6765e46c6f', 'sex', '', 'char(1)', 'String', 'sex', '0', '1', '1', '1', '0', '1', '=', 'select', 'sex', null, '6', '1', '2013-08-12 13:10:05', '1', '2013-08-12 13:10:05', null, '0');
INSERT INTO `gen_table_column` VALUES ('e64050a2ebf041faa16f12dda5dcf784', '6e05c389f3c6415ea34e55e9dfb28934', 'name', '', 'nvarchar2(100)', 'String', 'name', '0', '1', '1', '1', '1', '1', 'like', 'input', null, null, '3', '1', '2013-08-12 13:10:05', '1', '2013-08-12 13:10:05', null, '0');
INSERT INTO `gen_table_column` VALUES ('e8d11127952d4aa288bb3901fc83127f', '43d6d5acffa14c258340ce6765e46c6f', 'del_flag', '01', 'char(1)', 'String', 'delFlag', '0', '0', '1', '0', '0', '0', '=', 'radiobox', 'del_flag', null, '13', '1', '2013-08-12 13:10:05', '1', '2013-08-12 13:10:05', null, '0');
INSERT INTO `gen_table_column` VALUES ('eb2e5afd13f147a990d30e68e7f64e12', 'aef6f1fc948f4c9ab1c1b780bc471cc2', 'update_date', '', 'timestamp(6)', 'java.util.Date', 'updateDate', '0', '0', '1', '1', '1', '0', '=', 'dateselect', null, null, '11', '1', '2013-08-12 13:10:05', '1', '2013-08-12 13:10:05', null, '0');
INSERT INTO `gen_table_column` VALUES ('f5ed8c82bad0413fbfcccefa95931358', 'f6e4dafaa72f4c509636484715f33a96', 'remarks', '', 'nvarchar2(255)', 'String', 'remarks', '0', '1', '1', '1', '1', '0', '=', 'textarea', null, null, '10', '1', '2013-08-12 13:10:05', '1', '2013-08-12 13:10:05', null, '0');

-- ----------------------------
-- Table structure for `gen_template`
-- ----------------------------
DROP TABLE IF EXISTS `gen_template`;
CREATE TABLE `gen_template` (
  `id` varchar(64) COLLATE utf8_bin NOT NULL COMMENT '',
  `name` varchar(200) COLLATE utf8_bin DEFAULT NULL COMMENT '',
  `category` varchar(2000) COLLATE utf8_bin DEFAULT NULL COMMENT '',
  `file_path` varchar(500) COLLATE utf8_bin DEFAULT NULL COMMENT '',
  `file_name` varchar(200) COLLATE utf8_bin DEFAULT NULL COMMENT '',
  `content` text COLLATE utf8_bin COMMENT '',
  `create_by` varchar(64) COLLATE utf8_bin DEFAULT NULL COMMENT '',
  `create_date` datetime DEFAULT NULL COMMENT '',
  `update_by` varchar(64) COLLATE utf8_bin DEFAULT NULL COMMENT '',
  `update_date` datetime DEFAULT NULL COMMENT '',
  `remarks` varchar(255) COLLATE utf8_bin DEFAULT NULL COMMENT '',
  `del_flag` char(1) COLLATE utf8_bin NOT NULL DEFAULT '0' COMMENT '01',
  PRIMARY KEY (`id`),
  KEY `gen_template_del_falg` (`del_flag`)
) ENGINE=InnoDB DEFAULT CHARSET=utf8 COLLATE=utf8_bin COMMENT='';

-- ----------------------------
-- Records of gen_template
-- ----------------------------

-- ----------------------------
-- Table structure for `oa_leave`
-- ----------------------------
DROP TABLE IF EXISTS `oa_leave`;
CREATE TABLE `oa_leave` (
  `id` varchar(64) COLLATE utf8_bin NOT NULL COMMENT '',
  `process_instance_id` varchar(64) COLLATE utf8_bin DEFAULT NULL COMMENT '',
  `start_time` datetime DEFAULT NULL COMMENT '',
  `end_time` datetime DEFAULT NULL COMMENT '',
  `leave_type` varchar(20) COLLATE utf8_bin DEFAULT NULL COMMENT '',
  `reason` varchar(255) COLLATE utf8_bin DEFAULT NULL COMMENT '',
  `apply_time` datetime DEFAULT NULL COMMENT '',
  `reality_start_time` datetime DEFAULT NULL COMMENT '',
  `reality_end_time` datetime DEFAULT NULL COMMENT '',
  `create_by` varchar(64) COLLATE utf8_bin NOT NULL COMMENT '',
  `create_date` datetime NOT NULL COMMENT '',
  `update_by` varchar(64) COLLATE utf8_bin NOT NULL COMMENT '',
  `update_date` datetime NOT NULL COMMENT '',
  `remarks` varchar(255) COLLATE utf8_bin DEFAULT NULL COMMENT '',
  `del_flag` char(1) COLLATE utf8_bin NOT NULL DEFAULT '0' COMMENT '',
  PRIMARY KEY (`id`),
  KEY `oa_leave_create_by` (`create_by`),
  KEY `oa_leave_process_instance_id` (`process_instance_id`),
  KEY `oa_leave_del_flag` (`del_flag`)
) ENGINE=InnoDB DEFAULT CHARSET=utf8 COLLATE=utf8_bin COMMENT='';

-- ----------------------------
-- Records of oa_leave
-- ----------------------------
INSERT INTO `oa_leave` VALUES ('f678e9ca55514fb497e687f731f9bcfe', '0ce035902d3e4495baae12dcad1f23b6', '2016-11-10 16:13:57', '2016-11-18 16:14:00', '2', '', '2016-11-09 16:14:15', null, null, '1', '2016-11-09 16:14:15', '1', '2016-11-09 16:14:15', null, '0');

-- ----------------------------
-- Table structure for `oa_notify`
-- ----------------------------
DROP TABLE IF EXISTS `oa_notify`;
CREATE TABLE `oa_notify` (
  `id` varchar(64) COLLATE utf8_bin NOT NULL COMMENT '',
  `type` char(1) COLLATE utf8_bin DEFAULT NULL COMMENT '',
  `title` varchar(200) COLLATE utf8_bin DEFAULT NULL COMMENT '',
  `content` varchar(2000) COLLATE utf8_bin DEFAULT NULL COMMENT '',
  `files` varchar(2000) COLLATE utf8_bin DEFAULT NULL COMMENT '',
  `status` char(1) COLLATE utf8_bin DEFAULT NULL COMMENT '',
  `create_by` varchar(64) COLLATE utf8_bin NOT NULL COMMENT '',
  `create_date` datetime NOT NULL COMMENT '',
  `update_by` varchar(64) COLLATE utf8_bin NOT NULL COMMENT '',
  `update_date` datetime NOT NULL COMMENT '',
  `remarks` varchar(255) COLLATE utf8_bin DEFAULT NULL COMMENT '',
  `del_flag` char(1) COLLATE utf8_bin NOT NULL DEFAULT '0' COMMENT '',
  PRIMARY KEY (`id`),
  KEY `oa_notify_del_flag` (`del_flag`)
) ENGINE=InnoDB DEFAULT CHARSET=utf8 COLLATE=utf8_bin COMMENT='';

-- ----------------------------
-- Records of oa_notify
-- ----------------------------

-- ----------------------------
-- Table structure for `oa_notify_record`
-- ----------------------------
DROP TABLE IF EXISTS `oa_notify_record`;
CREATE TABLE `oa_notify_record` (
  `id` varchar(64) COLLATE utf8_bin NOT NULL COMMENT '',
  `oa_notify_id` varchar(64) COLLATE utf8_bin DEFAULT NULL COMMENT 'ID',
  `user_id` varchar(64) COLLATE utf8_bin DEFAULT NULL COMMENT '',
  `read_flag` char(1) COLLATE utf8_bin DEFAULT '0' COMMENT '',
  `read_date` date DEFAULT NULL COMMENT '',
  PRIMARY KEY (`id`),
  KEY `oa_notify_record_notify_id` (`oa_notify_id`),
  KEY `oa_notify_record_user_id` (`user_id`),
  KEY `oa_notify_record_read_flag` (`read_flag`)
) ENGINE=InnoDB DEFAULT CHARSET=utf8 COLLATE=utf8_bin COMMENT='';

-- ----------------------------
-- Records of oa_notify_record
-- ----------------------------

-- ----------------------------
-- Table structure for `oa_test_audit`
-- ----------------------------
DROP TABLE IF EXISTS `oa_test_audit`;
CREATE TABLE `oa_test_audit` (
  `id` varchar(64) COLLATE utf8_bin NOT NULL COMMENT '',
  `PROC_INS_ID` varchar(64) COLLATE utf8_bin DEFAULT NULL COMMENT 'ID',
  `USER_ID` varchar(64) COLLATE utf8_bin DEFAULT NULL COMMENT '',
  `OFFICE_ID` varchar(64) COLLATE utf8_bin DEFAULT NULL COMMENT '',
  `POST` varchar(255) COLLATE utf8_bin DEFAULT NULL COMMENT '',
  `AGE` char(1) COLLATE utf8_bin DEFAULT NULL COMMENT '',
  `EDU` varchar(255) COLLATE utf8_bin DEFAULT NULL COMMENT '',
  `CONTENT` varchar(255) COLLATE utf8_bin DEFAULT NULL COMMENT '',
  `OLDA` varchar(255) COLLATE utf8_bin DEFAULT NULL COMMENT ' ',
  `OLDB` varchar(255) COLLATE utf8_bin DEFAULT NULL COMMENT ' ',
  `OLDC` varchar(255) COLLATE utf8_bin DEFAULT NULL COMMENT ' ',
  `NEWA` varchar(255) COLLATE utf8_bin DEFAULT NULL COMMENT ' ',
  `NEWB` varchar(255) COLLATE utf8_bin DEFAULT NULL COMMENT ' ',
  `NEWC` varchar(255) COLLATE utf8_bin DEFAULT NULL COMMENT ' ',
  `ADD_NUM` varchar(255) COLLATE utf8_bin DEFAULT NULL COMMENT '',
  `EXE_DATE` varchar(255) COLLATE utf8_bin DEFAULT NULL COMMENT '',
  `HR_TEXT` varchar(255) COLLATE utf8_bin DEFAULT NULL COMMENT '',
  `LEAD_TEXT` varchar(255) COLLATE utf8_bin DEFAULT NULL COMMENT '',
  `MAIN_LEAD_TEXT` varchar(255) COLLATE utf8_bin DEFAULT NULL COMMENT '',
  `create_by` varchar(64) COLLATE utf8_bin NOT NULL COMMENT '',
  `create_date` datetime NOT NULL COMMENT '',
  `update_by` varchar(64) COLLATE utf8_bin NOT NULL COMMENT '',
  `update_date` datetime NOT NULL COMMENT '',
  `remarks` varchar(255) COLLATE utf8_bin DEFAULT NULL COMMENT '',
  `del_flag` char(1) COLLATE utf8_bin NOT NULL DEFAULT '0' COMMENT '',
  PRIMARY KEY (`id`),
  KEY `OA_TEST_AUDIT_del_flag` (`del_flag`)
) ENGINE=InnoDB DEFAULT CHARSET=utf8 COLLATE=utf8_bin COMMENT='';

-- ----------------------------
-- Records of oa_test_audit
-- ----------------------------
INSERT INTO `oa_test_audit` VALUES ('c5006d5850804b8eb3b02f95a04f59fd', 'fb8620610b3a4096b84494a1e3a4addc', '6', '6', '', null, null, '', '1000', '1000', '10000', '2000', '2000', '20000', '1000', '', null, null, null, '1', '2016-11-09 16:58:30', '1', '2016-11-09 16:58:30', null, '0');

-- ----------------------------
-- Table structure for `sys_area`
-- ----------------------------
DROP TABLE IF EXISTS `sys_area`;
CREATE TABLE `sys_area` (
  `id` varchar(64) COLLATE utf8_bin NOT NULL COMMENT '',
  `parent_id` varchar(64) COLLATE utf8_bin NOT NULL COMMENT '',
  `parent_ids` varchar(2000) COLLATE utf8_bin NOT NULL COMMENT '',
  `name` varchar(100) COLLATE utf8_bin NOT NULL COMMENT '',
  `sort` decimal(10,0) NOT NULL COMMENT '',
  `code` varchar(100) COLLATE utf8_bin DEFAULT NULL COMMENT '',
  `type` char(1) COLLATE utf8_bin DEFAULT NULL COMMENT '',
  `create_by` varchar(64) COLLATE utf8_bin NOT NULL COMMENT '',
  `create_date` datetime NOT NULL COMMENT '',
  `update_by` varchar(64) COLLATE utf8_bin NOT NULL COMMENT '',
  `update_date` datetime NOT NULL COMMENT '',
  `remarks` varchar(255) COLLATE utf8_bin DEFAULT NULL COMMENT '',
  `del_flag` char(1) COLLATE utf8_bin NOT NULL DEFAULT '0' COMMENT '',
  PRIMARY KEY (`id`),
  KEY `sys_area_parent_id` (`parent_id`),
  KEY `sys_area_del_flag` (`del_flag`)
) ENGINE=InnoDB DEFAULT CHARSET=utf8 COLLATE=utf8_bin COMMENT='';

-- ----------------------------
-- Records of sys_area
-- ----------------------------
INSERT INTO `sys_area` VALUES ('1', '0', '0,', '', '10', '100000', '1', '1', '2013-05-27 08:00:00', '1', '2013-05-27 08:00:00', null, '0');
INSERT INTO `sys_area` VALUES ('2', '1', '0,1,', '', '20', '110000', '2', '1', '2013-05-27 08:00:00', '1', '2013-05-27 08:00:00', null, '0');
INSERT INTO `sys_area` VALUES ('3', '2', '0,1,2,', '', '30', '110101', '3', '1', '2013-05-27 08:00:00', '1', '2013-05-27 08:00:00', null, '0');
INSERT INTO `sys_area` VALUES ('4', '3', '0,1,2,3,', '', '40', '110102', '4', '1', '2013-05-27 08:00:00', '1', '2013-05-27 08:00:00', null, '0');
INSERT INTO `sys_area` VALUES ('5', '3', '0,1,2,3,', '', '50', '110104', '4', '1', '2013-05-27 08:00:00', '1', '2013-05-27 08:00:00', null, '0');
INSERT INTO `sys_area` VALUES ('6', '3', '0,1,2,3,', '', '60', '110105', '4', '1', '2013-05-27 08:00:00', '1', '2013-05-27 08:00:00', null, '0');

-- ----------------------------
-- Table structure for `sys_dict`
-- ----------------------------
DROP TABLE IF EXISTS `sys_dict`;
CREATE TABLE `sys_dict` (
  `id` varchar(64) COLLATE utf8_bin NOT NULL COMMENT '',
  `value` varchar(100) COLLATE utf8_bin NOT NULL COMMENT '',
  `label` varchar(100) COLLATE utf8_bin NOT NULL COMMENT '',
  `type` varchar(100) COLLATE utf8_bin NOT NULL COMMENT '',
  `description` varchar(100) COLLATE utf8_bin NOT NULL COMMENT '',
  `sort` decimal(10,0) NOT NULL COMMENT '',
  `parent_id` varchar(64) COLLATE utf8_bin DEFAULT '0' COMMENT '',
  `create_by` varchar(64) COLLATE utf8_bin NOT NULL COMMENT '',
  `create_date` datetime NOT NULL COMMENT '',
  `update_by` varchar(64) COLLATE utf8_bin NOT NULL COMMENT '',
  `update_date` datetime NOT NULL COMMENT '',
  `remarks` varchar(255) COLLATE utf8_bin DEFAULT NULL COMMENT '',
  `del_flag` char(1) COLLATE utf8_bin NOT NULL DEFAULT '0' COMMENT '',
  PRIMARY KEY (`id`),
  KEY `sys_dict_value` (`value`),
  KEY `sys_dict_label` (`label`),
  KEY `sys_dict_del_flag` (`del_flag`)
) ENGINE=InnoDB DEFAULT CHARSET=utf8 COLLATE=utf8_bin COMMENT='';

-- ----------------------------
-- Records of sys_dict
-- ----------------------------
INSERT INTO `sys_dict` VALUES ('1', '0', '', 'del_flag', '', '10', '0', '1', '2013-05-27 08:00:00', '1', '2013-05-27 08:00:00', null, '0');
INSERT INTO `sys_dict` VALUES ('10', 'yellow', '', 'color', '', '40', '0', '1', '2013-05-27 08:00:00', '1', '2013-05-27 08:00:00', null, '0');
INSERT INTO `sys_dict` VALUES ('100', 'java.util.Date', 'Date', 'gen_java_type', 'Java', '50', '0', '1', '2013-10-28 08:00:00', '1', '2013-10-28 08:00:00', null, '1');
INSERT INTO `sys_dict` VALUES ('101', 'com.thinkgem.jeesite.modules.sys.entity.User', 'User', 'gen_java_type', 'Java', '60', '0', '1', '2013-10-28 08:00:00', '1', '2013-10-28 08:00:00', null, '1');
INSERT INTO `sys_dict` VALUES ('102', 'com.thinkgem.jeesite.modules.sys.entity.Office', 'Office', 'gen_java_type', 'Java', '70', '0', '1', '2013-10-28 08:00:00', '1', '2013-10-28 08:00:00', null, '1');
INSERT INTO `sys_dict` VALUES ('103', 'com.thinkgem.jeesite.modules.sys.entity.Area', 'Area', 'gen_java_type', 'Java', '80', '0', '1', '2013-10-28 08:00:00', '1', '2013-10-28 08:00:00', null, '1');
INSERT INTO `sys_dict` VALUES ('104', 'Custom', 'Custom', 'gen_java_type', 'Java', '90', '0', '1', '2013-10-28 08:00:00', '1', '2013-10-28 08:00:00', null, '1');
INSERT INTO `sys_dict` VALUES ('105', '1', '\0\0', 'oa_notify_type', '', '10', '0', '1', '2013-11-08 08:00:00', '1', '2013-11-08 08:00:00', null, '0');
INSERT INTO `sys_dict` VALUES ('106', '2', '\0\0', 'oa_notify_type', '', '20', '0', '1', '2013-11-08 08:00:00', '1', '2013-11-08 08:00:00', null, '0');
INSERT INTO `sys_dict` VALUES ('107', '3', '\0\0', 'oa_notify_type', '', '30', '0', '1', '2013-11-08 08:00:00', '1', '2013-11-08 08:00:00', null, '0');
INSERT INTO `sys_dict` VALUES ('108', '0', '', 'oa_notify_status', '', '10', '0', '1', '2013-11-08 08:00:00', '1', '2013-11-08 08:00:00', null, '0');
INSERT INTO `sys_dict` VALUES ('109', '1', '', 'oa_notify_status', '', '20', '0', '1', '2013-11-08 08:00:00', '1', '2013-11-08 08:00:00', null, '0');
INSERT INTO `sys_dict` VALUES ('11', 'orange', '', 'color', '', '50', '0', '1', '2013-05-27 08:00:00', '1', '2013-05-27 08:00:00', null, '0');
INSERT INTO `sys_dict` VALUES ('110', '0', '', 'oa_notify_read', '', '10', '0', '1', '2013-11-08 08:00:00', '1', '2013-11-08 08:00:00', null, '0');
INSERT INTO `sys_dict` VALUES ('111', '1', '', 'oa_notify_read', '', '20', '0', '1', '2013-11-08 08:00:00', '1', '2013-11-08 08:00:00', null, '0');
INSERT INTO `sys_dict` VALUES ('12', 'default', '', 'theme', '', '10', '0', '1', '2013-05-27 08:00:00', '1', '2013-05-27 08:00:00', null, '0');
INSERT INTO `sys_dict` VALUES ('13', 'cerulean', '', 'theme', '', '20', '0', '1', '2013-05-27 08:00:00', '1', '2013-05-27 08:00:00', null, '0');
INSERT INTO `sys_dict` VALUES ('14', 'readable', '', 'theme', '', '30', '0', '1', '2013-05-27 08:00:00', '1', '2013-05-27 08:00:00', null, '0');
INSERT INTO `sys_dict` VALUES ('15', 'united', '', 'theme', '', '40', '0', '1', '2013-05-27 08:00:00', '1', '2013-05-27 08:00:00', null, '0');
INSERT INTO `sys_dict` VALUES ('16', 'flat', 'Flat', 'theme', '', '60', '0', '1', '2013-05-27 08:00:00', '1', '2013-05-27 08:00:00', null, '0');
INSERT INTO `sys_dict` VALUES ('17', '1', '', 'sys_area_type', '', '10', '0', '1', '2013-05-27 08:00:00', '1', '2013-05-27 08:00:00', null, '0');
INSERT INTO `sys_dict` VALUES ('18', '2', '', 'sys_area_type', '', '20', '0', '1', '2013-05-27 08:00:00', '1', '2013-05-27 08:00:00', null, '0');
INSERT INTO `sys_dict` VALUES ('19', '3', '', 'sys_area_type', '', '30', '0', '1', '2013-05-27 08:00:00', '1', '2013-05-27 08:00:00', null, '0');
INSERT INTO `sys_dict` VALUES ('2', '1', '', 'del_flag', '', '20', '0', '1', '2013-05-27 08:00:00', '1', '2013-05-27 08:00:00', null, '0');
INSERT INTO `sys_dict` VALUES ('20', '4', '', 'sys_area_type', '', '40', '0', '1', '2013-05-27 08:00:00', '1', '2013-05-27 08:00:00', null, '0');
INSERT INTO `sys_dict` VALUES ('21', '1', '', 'sys_office_type', '', '60', '0', '1', '2013-05-27 08:00:00', '1', '2013-05-27 08:00:00', null, '0');
INSERT INTO `sys_dict` VALUES ('22', '2', '', 'sys_office_type', '', '70', '0', '1', '2013-05-27 08:00:00', '1', '2013-05-27 08:00:00', null, '0');
INSERT INTO `sys_dict` VALUES ('23', '3', '', 'sys_office_type', '', '80', '0', '1', '2013-05-27 08:00:00', '1', '2013-05-27 08:00:00', null, '0');
INSERT INTO `sys_dict` VALUES ('24', '4', '', 'sys_office_type', '', '90', '0', '1', '2013-05-27 08:00:00', '1', '2013-05-27 08:00:00', null, '0');
INSERT INTO `sys_dict` VALUES ('25', '1', '', 'sys_office_common', '', '30', '0', '1', '2013-05-27 08:00:00', '1', '2013-05-27 08:00:00', null, '0');
INSERT INTO `sys_dict` VALUES ('26', '2', '', 'sys_office_common', '', '40', '0', '1', '2013-05-27 08:00:00', '1', '2013-05-27 08:00:00', null, '0');
INSERT INTO `sys_dict` VALUES ('27', '3', '', 'sys_office_common', '', '50', '0', '1', '2013-05-27 08:00:00', '1', '2013-05-27 08:00:00', null, '0');
INSERT INTO `sys_dict` VALUES ('28', '1', '', 'sys_office_grade', '', '10', '0', '1', '2013-05-27 08:00:00', '1', '2013-05-27 08:00:00', null, '0');
INSERT INTO `sys_dict` VALUES ('29', '2', '', 'sys_office_grade', '', '20', '0', '1', '2013-05-27 08:00:00', '1', '2013-05-27 08:00:00', null, '0');
INSERT INTO `sys_dict` VALUES ('3', '1', '', 'show_hide', '/', '10', '0', '1', '2013-05-27 08:00:00', '1', '2013-05-27 08:00:00', null, '0');
INSERT INTO `sys_dict` VALUES ('30', '3', '', 'sys_office_grade', '', '30', '0', '1', '2013-05-27 08:00:00', '1', '2013-05-27 08:00:00', null, '0');
INSERT INTO `sys_dict` VALUES ('31', '4', '', 'sys_office_grade', '', '40', '0', '1', '2013-05-27 08:00:00', '1', '2013-05-27 08:00:00', null, '0');
INSERT INTO `sys_dict` VALUES ('32', '1', '', 'sys_data_scope', '', '10', '0', '1', '2013-05-27 08:00:00', '1', '2013-05-27 08:00:00', null, '0');
INSERT INTO `sys_dict` VALUES ('33', '2', '', 'sys_data_scope', '', '20', '0', '1', '2013-05-27 08:00:00', '1', '2013-05-27 08:00:00', null, '0');
INSERT INTO `sys_dict` VALUES ('34', '3', '', 'sys_data_scope', '', '30', '0', '1', '2013-05-27 08:00:00', '1', '2013-05-27 08:00:00', null, '0');
INSERT INTO `sys_dict` VALUES ('35', '4', '', 'sys_data_scope', '', '40', '0', '1', '2013-05-27 08:00:00', '1', '2013-05-27 08:00:00', null, '0');
INSERT INTO `sys_dict` VALUES ('36', '5', '', 'sys_data_scope', '', '50', '0', '1', '2013-05-27 08:00:00', '1', '2013-05-27 08:00:00', null, '0');
INSERT INTO `sys_dict` VALUES ('37', '8', '', 'sys_data_scope', '', '90', '0', '1', '2013-05-27 08:00:00', '1', '2013-05-27 08:00:00', null, '0');
INSERT INTO `sys_dict` VALUES ('38', '9', '', 'sys_data_scope', '', '100', '0', '1', '2013-05-27 08:00:00', '1', '2013-05-27 08:00:00', null, '0');
INSERT INTO `sys_dict` VALUES ('39', '1', '', 'sys_user_type', '', '10', '0', '1', '2013-05-27 08:00:00', '1', '2013-05-27 08:00:00', null, '0');
INSERT INTO `sys_dict` VALUES ('4', '0', '', 'show_hide', '/', '20', '0', '1', '2013-05-27 08:00:00', '1', '2013-05-27 08:00:00', null, '0');
INSERT INTO `sys_dict` VALUES ('40', '2', '', 'sys_user_type', '', '20', '0', '1', '2013-05-27 08:00:00', '1', '2013-05-27 08:00:00', null, '0');
INSERT INTO `sys_dict` VALUES ('41', '3', '', 'sys_user_type', '', '30', '0', '1', '2013-05-27 08:00:00', '1', '2013-05-27 08:00:00', null, '0');
INSERT INTO `sys_dict` VALUES ('42', 'basic', '', 'cms_theme', '', '10', '0', '1', '2013-05-27 08:00:00', '1', '2013-05-27 08:00:00', null, '0');
INSERT INTO `sys_dict` VALUES ('43', 'blue', '', 'cms_theme', '', '20', '0', '1', '2013-05-27 08:00:00', '1', '2013-05-27 08:00:00', null, '1');
INSERT INTO `sys_dict` VALUES ('44', 'red', '', 'cms_theme', '', '30', '0', '1', '2013-05-27 08:00:00', '1', '2013-05-27 08:00:00', null, '1');
INSERT INTO `sys_dict` VALUES ('45', 'article', '', 'cms_module', '', '10', '0', '1', '2013-05-27 08:00:00', '1', '2013-05-27 08:00:00', null, '0');
INSERT INTO `sys_dict` VALUES ('46', 'picture', '', 'cms_module', '', '20', '0', '1', '2013-05-27 08:00:00', '1', '2013-05-27 08:00:00', null, '1');
INSERT INTO `sys_dict` VALUES ('47', 'download', '', 'cms_module', '', '30', '0', '1', '2013-05-27 08:00:00', '1', '2013-05-27 08:00:00', null, '1');
INSERT INTO `sys_dict` VALUES ('48', 'link', '', 'cms_module', '', '40', '0', '1', '2013-05-27 08:00:00', '1', '2013-05-27 08:00:00', null, '0');
INSERT INTO `sys_dict` VALUES ('49', 'special', '', 'cms_module', '', '50', '0', '1', '2013-05-27 08:00:00', '1', '2013-05-27 08:00:00', null, '1');
INSERT INTO `sys_dict` VALUES ('5', '1', '', 'yes_no', '/', '10', '0', '1', '2013-05-27 08:00:00', '1', '2013-05-27 08:00:00', null, '0');
INSERT INTO `sys_dict` VALUES ('50', '0', '', 'cms_show_modes', '', '10', '0', '1', '2013-05-27 08:00:00', '1', '2013-05-27 08:00:00', null, '0');
INSERT INTO `sys_dict` VALUES ('51', '1', '', 'cms_show_modes', '', '20', '0', '1', '2013-05-27 08:00:00', '1', '2013-05-27 08:00:00', null, '0');
INSERT INTO `sys_dict` VALUES ('52', '2', '', 'cms_show_modes', '', '30', '0', '1', '2013-05-27 08:00:00', '1', '2013-05-27 08:00:00', null, '0');
INSERT INTO `sys_dict` VALUES ('53', '0', '', 'cms_del_flag', '', '10', '0', '1', '2013-05-27 08:00:00', '1', '2013-05-27 08:00:00', null, '0');
INSERT INTO `sys_dict` VALUES ('54', '1', '', 'cms_del_flag', '', '20', '0', '1', '2013-05-27 08:00:00', '1', '2013-05-27 08:00:00', null, '0');
INSERT INTO `sys_dict` VALUES ('55', '2', '', 'cms_del_flag', '', '15', '0', '1', '2013-05-27 08:00:00', '1', '2013-05-27 08:00:00', null, '0');
INSERT INTO `sys_dict` VALUES ('56', '1', '', 'cms_posid', '', '10', '0', '1', '2013-05-27 08:00:00', '1', '2013-05-27 08:00:00', null, '0');
INSERT INTO `sys_dict` VALUES ('57', '2', '', 'cms_posid', '', '20', '0', '1', '2013-05-27 08:00:00', '1', '2013-05-27 08:00:00', null, '0');
INSERT INTO `sys_dict` VALUES ('58', '1', '', 'cms_guestbook', '', '10', '0', '1', '2013-05-27 08:00:00', '1', '2013-05-27 08:00:00', null, '0');
INSERT INTO `sys_dict` VALUES ('59', '2', '', 'cms_guestbook', '', '20', '0', '1', '2013-05-27 08:00:00', '1', '2013-05-27 08:00:00', null, '0');
INSERT INTO `sys_dict` VALUES ('6', '0', '', 'yes_no', '/', '20', '0', '1', '2013-05-27 08:00:00', '1', '2013-05-27 08:00:00', null, '0');
INSERT INTO `sys_dict` VALUES ('60', '3', '', 'cms_guestbook', '', '30', '0', '1', '2013-05-27 08:00:00', '1', '2013-05-27 08:00:00', null, '0');
INSERT INTO `sys_dict` VALUES ('61', '4', '', 'cms_guestbook', '', '40', '0', '1', '2013-05-27 08:00:00', '1', '2013-05-27 08:00:00', null, '0');
INSERT INTO `sys_dict` VALUES ('62', '1', '', 'oa_leave_type', '', '10', '0', '1', '2013-05-27 08:00:00', '1', '2013-05-27 08:00:00', null, '0');
INSERT INTO `sys_dict` VALUES ('63', '2', '', 'oa_leave_type', '', '20', '0', '1', '2013-05-27 08:00:00', '1', '2013-05-27 08:00:00', null, '0');
INSERT INTO `sys_dict` VALUES ('64', '3', '', 'oa_leave_type', '', '30', '0', '1', '2013-05-27 08:00:00', '1', '2013-05-27 08:00:00', null, '0');
INSERT INTO `sys_dict` VALUES ('65', '4', '', 'oa_leave_type', '', '40', '0', '1', '2013-05-27 08:00:00', '1', '2013-05-27 08:00:00', null, '0');
INSERT INTO `sys_dict` VALUES ('66', '5', '', 'oa_leave_type', '', '60', '0', '1', '2013-05-27 08:00:00', '1', '2013-05-27 08:00:00', null, '0');
INSERT INTO `sys_dict` VALUES ('67', '1', '', 'sys_log_type', '', '30', '0', '1', '2013-06-03 08:00:00', '1', '2013-06-03 08:00:00', null, '0');
INSERT INTO `sys_dict` VALUES ('68', '2', '', 'sys_log_type', '', '40', '0', '1', '2013-06-03 08:00:00', '1', '2013-06-03 08:00:00', null, '0');
INSERT INTO `sys_dict` VALUES ('69', 'leave', '', 'act_type', '', '10', '0', '1', '2013-06-03 08:00:00', '1', '2013-06-03 08:00:00', null, '0');
INSERT INTO `sys_dict` VALUES ('7', 'red', '', 'color', '', '10', '0', '1', '2013-05-27 08:00:00', '1', '2013-05-27 08:00:00', null, '0');
INSERT INTO `sys_dict` VALUES ('70', 'test_audit', '', 'act_type', '', '20', '0', '1', '2013-06-03 08:00:00', '1', '2013-06-03 08:00:00', null, '0');
INSERT INTO `sys_dict` VALUES ('71', '1', '', 'act_category', '', '10', '0', '1', '2013-06-03 08:00:00', '1', '2016-11-09 10:55:43', '', '0');
INSERT INTO `sys_dict` VALUES ('72', '2', '', 'act_category', '', '20', '0', '1', '2013-06-03 08:00:00', '1', '2016-11-09 10:55:56', '', '0');
INSERT INTO `sys_dict` VALUES ('73', 'crud', '', 'gen_category', '', '10', '0', '1', '2013-10-28 08:00:00', '1', '2013-10-28 08:00:00', null, '1');
INSERT INTO `sys_dict` VALUES ('74', 'crud_many', '', 'gen_category', '', '20', '0', '1', '2013-10-28 08:00:00', '1', '2013-10-28 08:00:00', null, '1');
INSERT INTO `sys_dict` VALUES ('75', 'tree', '', 'gen_category', '', '30', '0', '1', '2013-10-28 08:00:00', '1', '2013-10-28 08:00:00', null, '1');
INSERT INTO `sys_dict` VALUES ('76', '=', '=', 'gen_query_type', '', '10', '0', '1', '2013-10-28 08:00:00', '1', '2013-10-28 08:00:00', null, '1');
INSERT INTO `sys_dict` VALUES ('77', '!=', '!=', 'gen_query_type', '', '20', '0', '1', '2013-10-28 08:00:00', '1', '2013-10-28 08:00:00', null, '1');
INSERT INTO `sys_dict` VALUES ('78', '&gt;', '&gt;', 'gen_query_type', '', '30', '0', '1', '2013-10-28 08:00:00', '1', '2013-10-28 08:00:00', null, '1');
INSERT INTO `sys_dict` VALUES ('79', '&lt;', '&lt;', 'gen_query_type', '', '40', '0', '1', '2013-10-28 08:00:00', '1', '2013-10-28 08:00:00', null, '1');
INSERT INTO `sys_dict` VALUES ('8', 'green', '', 'color', '', '20', '0', '1', '2013-05-27 08:00:00', '1', '2013-05-27 08:00:00', null, '0');
INSERT INTO `sys_dict` VALUES ('80', 'between', 'Between', 'gen_query_type', '', '50', '0', '1', '2013-10-28 08:00:00', '1', '2013-10-28 08:00:00', null, '1');
INSERT INTO `sys_dict` VALUES ('81', 'like', 'Like', 'gen_query_type', '', '60', '0', '1', '2013-10-28 08:00:00', '1', '2013-10-28 08:00:00', null, '1');
INSERT INTO `sys_dict` VALUES ('82', 'left_like', 'Left Like', 'gen_query_type', '', '70', '0', '1', '2013-10-28 08:00:00', '1', '2013-10-28 08:00:00', null, '1');
INSERT INTO `sys_dict` VALUES ('83', 'right_like', 'Right Like', 'gen_query_type', '', '80', '0', '1', '2013-10-28 08:00:00', '1', '2013-10-28 08:00:00', null, '1');
INSERT INTO `sys_dict` VALUES ('84', 'input', '', 'gen_show_type', '', '10', '0', '1', '2013-10-28 08:00:00', '1', '2013-10-28 08:00:00', null, '1');
INSERT INTO `sys_dict` VALUES ('85', 'textarea', '', 'gen_show_type', '', '20', '0', '1', '2013-10-28 08:00:00', '1', '2013-10-28 08:00:00', null, '1');
INSERT INTO `sys_dict` VALUES ('86', 'select', '', 'gen_show_type', '', '30', '0', '1', '2013-10-28 08:00:00', '1', '2013-10-28 08:00:00', null, '1');
INSERT INTO `sys_dict` VALUES ('87', 'checkbox', '', 'gen_show_type', '', '40', '0', '1', '2013-10-28 08:00:00', '1', '2013-10-28 08:00:00', null, '1');
INSERT INTO `sys_dict` VALUES ('88', 'radiobox', '', 'gen_show_type', '', '50', '0', '1', '2013-10-28 08:00:00', '1', '2013-10-28 08:00:00', null, '1');
INSERT INTO `sys_dict` VALUES ('89', 'dateselect', '', 'gen_show_type', '', '60', '0', '1', '2013-10-28 08:00:00', '1', '2013-10-28 08:00:00', null, '1');
INSERT INTO `sys_dict` VALUES ('9', 'blue', '', 'color', '', '30', '0', '1', '2013-05-27 08:00:00', '1', '2013-05-27 08:00:00', null, '0');
INSERT INTO `sys_dict` VALUES ('90', 'userselect', '', 'gen_show_type', '', '70', '0', '1', '2013-10-28 08:00:00', '1', '2013-10-28 08:00:00', null, '1');
INSERT INTO `sys_dict` VALUES ('91', 'officeselect', '', 'gen_show_type', '', '80', '0', '1', '2013-10-28 08:00:00', '1', '2013-10-28 08:00:00', null, '1');
INSERT INTO `sys_dict` VALUES ('92', 'areaselect', '', 'gen_show_type', '', '90', '0', '1', '2013-10-28 08:00:00', '1', '2013-10-28 08:00:00', null, '1');
INSERT INTO `sys_dict` VALUES ('93', 'String', 'String', 'gen_java_type', 'Java', '10', '0', '1', '2013-10-28 08:00:00', '1', '2013-10-28 08:00:00', null, '1');
INSERT INTO `sys_dict` VALUES ('94', 'Long', 'Long', 'gen_java_type', 'Java', '20', '0', '1', '2013-10-28 08:00:00', '1', '2013-10-28 08:00:00', null, '1');
INSERT INTO `sys_dict` VALUES ('95', 'dao', '', 'gen_category', '\0\0\0\0', '40', '0', '1', '2013-10-28 08:00:00', '1', '2013-10-28 08:00:00', null, '1');
INSERT INTO `sys_dict` VALUES ('96', '1', '', 'sex', '', '10', '0', '1', '2013-10-28 08:00:00', '1', '2013-10-28 08:00:00', null, '0');
INSERT INTO `sys_dict` VALUES ('97', '2', '', 'sex', '', '20', '0', '1', '2013-10-28 08:00:00', '1', '2013-10-28 08:00:00', null, '0');
INSERT INTO `sys_dict` VALUES ('98', 'Integer', 'Integer', 'gen_java_type', 'Java', '30', '0', '1', '2013-10-28 08:00:00', '1', '2013-10-28 08:00:00', null, '1');
INSERT INTO `sys_dict` VALUES ('99', 'Double', 'Double', 'gen_java_type', 'Java', '40', '0', '1', '2013-10-28 08:00:00', '1', '2013-10-28 08:00:00', null, '1');

-- ----------------------------
-- Table structure for `sys_log`
-- ----------------------------
DROP TABLE IF EXISTS `sys_log`;
CREATE TABLE `sys_log` (
  `id` varchar(64) COLLATE utf8_bin NOT NULL COMMENT '',
  `type` char(1) COLLATE utf8_bin DEFAULT '1' COMMENT '',
  `title` varchar(255) COLLATE utf8_bin DEFAULT '' COMMENT '',
  `create_by` varchar(64) COLLATE utf8_bin DEFAULT NULL COMMENT '',
  `create_date` datetime DEFAULT NULL COMMENT '',
  `remote_addr` varchar(255) COLLATE utf8_bin DEFAULT NULL COMMENT 'IP',
  `user_agent` varchar(255) COLLATE utf8_bin DEFAULT NULL COMMENT '',
  `request_uri` varchar(255) COLLATE utf8_bin DEFAULT NULL COMMENT 'URI',
  `method` varchar(5) COLLATE utf8_bin DEFAULT NULL COMMENT '',
  `params` text COLLATE utf8_bin COMMENT '',
  `exception` text COLLATE utf8_bin COMMENT '',
  PRIMARY KEY (`id`),
  KEY `sys_log_create_by` (`create_by`),
  KEY `sys_log_request_uri` (`request_uri`),
  KEY `sys_log_type` (`type`),
  KEY `sys_log_create_date` (`create_date`)
) ENGINE=InnoDB DEFAULT CHARSET=utf8 COLLATE=utf8_bin COMMENT='';

-- ----------------------------
-- Records of sys_log
-- ----------------------------
INSERT INTO `sys_log` VALUES ('0116d59b9f4f4703a45227fcc436185b', '1', '--', '1', '2016-11-09 09:15:44', '0:0:0:0:0:0:0:1', 'Mozilla/5.0 (Windows NT 6.1; WOW64) AppleWebKit/537.36 (KHTML, like Gecko) Chrome/34.0.1847.131 Safari/537.36', '/jeesiteh/a/sys/user/info', 'GET', '', '');
INSERT INTO `sys_log` VALUES ('01b2b10ae8bc49f18285d4922fd5e5ab', '1', '--', '1', '2016-11-09 16:26:48', '0:0:0:0:0:0:0:1', 'Mozilla/5.0 (Windows NT 6.1; WOW64) AppleWebKit/537.36 (KHTML, like Gecko) Chrome/34.0.1847.131 Safari/537.36', '/jeesiteh/a/sys/role/', 'GET', '', '');
INSERT INTO `sys_log` VALUES ('0230c1e6a4534fc2a39f331049e3d764', '1', '--', '1', '2016-11-09 09:14:26', '0:0:0:0:0:0:0:1', 'Mozilla/5.0 (Windows NT 6.1; WOW64) AppleWebKit/537.36 (KHTML, like Gecko) Chrome/34.0.1847.131 Safari/537.36', '/jeesiteh/a/sys/area/', 'GET', '', '');
INSERT INTO `sys_log` VALUES ('040a944dd0e54900bc807a2cff834300', '1', '---', '1', '2016-11-09 10:52:44', '0:0:0:0:0:0:0:1', 'Mozilla/5.0 (Windows NT 6.1; WOW64) AppleWebKit/537.36 (KHTML, like Gecko) Chrome/34.0.1847.131 Safari/537.36', '/jeesiteh/a/oa/leave/form', 'GET', '', '');
INSERT INTO `sys_log` VALUES ('06bf638dd2414bfebe5be051d90929d6', '1', '', '1', '2016-11-08 15:20:42', '0:0:0:0:0:0:0:1', 'Mozilla/5.0 (Windows NT 6.1; WOW64) AppleWebKit/537.36 (KHTML, like Gecko) Chrome/34.0.1847.131 Safari/537.36', '/jeesiteh/a', 'GET', 0x6C6F67696E3D, '');
INSERT INTO `sys_log` VALUES ('07ca3034cf0643b4b63915eab837938a', '1', '--', '1', '2016-11-08 15:20:44', '0:0:0:0:0:0:0:1', 'Mozilla/5.0 (Windows NT 6.1; WOW64) AppleWebKit/537.36 (KHTML, like Gecko) Chrome/34.0.1847.131 Safari/537.36', '/jeesiteh/a/sys/user/info', 'GET', '', '');
INSERT INTO `sys_log` VALUES ('084e4b6c99d3480aa7ee5257c00fae64', '1', '---', '1', '2016-11-09 09:14:17', '0:0:0:0:0:0:0:1', 'Mozilla/5.0 (Windows NT 6.1; WOW64) AppleWebKit/537.36 (KHTML, like Gecko) Chrome/34.0.1847.131 Safari/537.36', '/jeesiteh/a/sys/user/list', 'GET', '', '');
INSERT INTO `sys_log` VALUES ('0a4607cbffbc4331862fcf9a6ecf8743', '1', '---', '1', '2016-11-09 09:14:23', '0:0:0:0:0:0:0:1', 'Mozilla/5.0 (Windows NT 6.1; WOW64) AppleWebKit/537.36 (KHTML, like Gecko) Chrome/34.0.1847.131 Safari/537.36', '/jeesiteh/a/sys/user/list', 'GET', '', '');
INSERT INTO `sys_log` VALUES ('0b1b24946f134fe19b3f5e0818bed03d', '1', '', '1', '2016-11-09 09:12:15', '0:0:0:0:0:0:0:1', 'Mozilla/5.0 (Windows NT 6.1; WOW64) AppleWebKit/537.36 (KHTML, like Gecko) Chrome/34.0.1847.131 Safari/537.36', '/jeesiteh/a;JSESSIONID=1585215677ce46039de04911da52468d', 'GET', '', '');
INSERT INTO `sys_log` VALUES ('0b2e146af03249bc88df61940f882726', '1', '--', '1', '2016-11-09 10:56:09', '0:0:0:0:0:0:0:1', 'Mozilla/5.0 (Windows NT 6.1; WOW64) AppleWebKit/537.36 (KHTML, like Gecko) Chrome/34.0.1847.131 Safari/537.36', '/jeesiteh/a/act/process', 'GET', '', '');
INSERT INTO `sys_log` VALUES ('0c36da3fe81a46a19dcb7647e5a1724b', '1', '--', '1', '2016-11-08 15:42:18', '0:0:0:0:0:0:0:1', 'Mozilla/5.0 (Windows NT 6.1; WOW64) AppleWebKit/537.36 (KHTML, like Gecko) Chrome/34.0.1847.131 Safari/537.36', '/jeesiteh/a/oa/oaNotify/self', 'GET', '', '');
INSERT INTO `sys_log` VALUES ('0de4c41162244cedb3e14ccdda75006f', '1', '--', '1', '2016-11-09 10:54:21', '0:0:0:0:0:0:0:1', 'Mozilla/5.0 (Windows NT 6.1; WOW64) AppleWebKit/537.36 (KHTML, like Gecko) Chrome/34.0.1847.131 Safari/537.36', '/jeesiteh/a/act/process', 'GET', '', '');
INSERT INTO `sys_log` VALUES ('12f161c302874fa0bae41c306345e2ce', '1', '--', '1', '2016-11-09 16:27:44', '0:0:0:0:0:0:0:1', 'Mozilla/5.0 (Windows NT 6.1; WOW64) AppleWebKit/537.36 (KHTML, like Gecko) Chrome/34.0.1847.131 Safari/537.36', '/jeesiteh/a/sys/menu/', 'GET', '', '');
INSERT INTO `sys_log` VALUES ('1508484a587440c7807a6370c81b9e89', '1', '', '1', '2016-11-09 10:52:44', '0:0:0:0:0:0:0:1', 'Mozilla/5.0 (Windows NT 6.1; WOW64) AppleWebKit/537.36 (KHTML, like Gecko) Chrome/34.0.1847.131 Safari/537.36', '/jeesiteh/a/oa/leave/save', 'POST', 0x69643D266C65617665547970653D3226737461727454696D653D323031362D31312D31302031303A35323A323026656E6454696D653D323031362D31312D31372031303A35323A323426726561736F6E3DE8BAABE4BD93E4B88DE98082EFBC8CE79C8BE79785E58EBB, '');
INSERT INTO `sys_log` VALUES ('19dbac8e9f854654b28a270e759419dc', '1', '---', '1', '2016-11-09 09:15:53', '0:0:0:0:0:0:0:1', 'Mozilla/5.0 (Windows NT 6.1; WOW64) AppleWebKit/537.36 (KHTML, like Gecko) Chrome/34.0.1847.131 Safari/537.36', '/jeesiteh/a/oa/leave/form', 'GET', '', '');
INSERT INTO `sys_log` VALUES ('1a1c646e0ae849889f6e798942326799', '1', '--', '1', '2016-11-08 15:41:09', '0:0:0:0:0:0:0:1', 'Mozilla/5.0 (Windows NT 6.1; WOW64) AppleWebKit/537.36 (KHTML, like Gecko) Chrome/34.0.1847.131 Safari/537.36', '/jeesiteh/a/sys/user/info', 'GET', '', '');
INSERT INTO `sys_log` VALUES ('1a366b78d408493090474aa04a6039a3', '1', '--', '1', '2016-11-09 09:15:37', '0:0:0:0:0:0:0:1', 'Mozilla/5.0 (Windows NT 6.1; WOW64) AppleWebKit/537.36 (KHTML, like Gecko) Chrome/34.0.1847.131 Safari/537.36', '/jeesiteh/a/sys/user/info', 'GET', '', '');
INSERT INTO `sys_log` VALUES ('205e7b17a8d84730986f55be004662a7', '1', '---', '1', '2016-11-09 09:14:21', '0:0:0:0:0:0:0:1', 'Mozilla/5.0 (Windows NT 6.1; WOW64) AppleWebKit/537.36 (KHTML, like Gecko) Chrome/34.0.1847.131 Safari/537.36', '/jeesiteh/a/sys/office/list', 'GET', 0x69643D26706172656E744964733D, '');
INSERT INTO `sys_log` VALUES ('20bda7c871214feab940ff5f39b4c403', '1', '--', '1', '2016-11-09 09:12:59', '0:0:0:0:0:0:0:1', 'Mozilla/5.0 (Windows NT 6.1; WOW64) AppleWebKit/537.36 (KHTML, like Gecko) Chrome/34.0.1847.131 Safari/537.36', '/jeesiteh/a/oa/oaNotify', 'GET', '', '');
INSERT INTO `sys_log` VALUES ('21da0ac19f10440a97a0d2dce176078c', '1', '--', '1', '2016-11-08 15:40:45', '0:0:0:0:0:0:0:1', 'Mozilla/5.0 (Windows NT 6.1; WOW64) AppleWebKit/537.36 (KHTML, like Gecko) Chrome/34.0.1847.131 Safari/537.36', '/jeesiteh/a/cms/stats/article', 'GET', '', '');
INSERT INTO `sys_log` VALUES ('23ae5fde1ec44c2a9eea5a0ea4e563c4', '1', '--', '1', '2016-11-09 09:14:30', '0:0:0:0:0:0:0:1', 'Mozilla/5.0 (Windows NT 6.1; WOW64) AppleWebKit/537.36 (KHTML, like Gecko) Chrome/34.0.1847.131 Safari/537.36', '/jeesiteh/a/sys/menu/', 'GET', '', '');
INSERT INTO `sys_log` VALUES ('26cbd3687a984b9c82f166908d1bef6c', '1', '--', '1', '2016-11-09 09:14:26', '0:0:0:0:0:0:0:1', 'Mozilla/5.0 (Windows NT 6.1; WOW64) AppleWebKit/537.36 (KHTML, like Gecko) Chrome/34.0.1847.131 Safari/537.36', '/jeesiteh/a/sys/area/', 'GET', '', '');
INSERT INTO `sys_log` VALUES ('2733e257cb024d8d8b52ea08bc9e7625', '1', '---', '1', '2016-11-09 10:56:08', '0:0:0:0:0:0:0:1', 'Mozilla/5.0 (Windows NT 6.1; WOW64) AppleWebKit/537.36 (KHTML, like Gecko) Chrome/34.0.1847.131 Safari/537.36', '/jeesiteh/a/oa/leave/form', 'GET', '', '');
INSERT INTO `sys_log` VALUES ('27348d5b7a7b4f378df88bd7dda27580', '1', '--', '1', '2016-11-09 10:55:43', '0:0:0:0:0:0:0:1', 'Mozilla/5.0 (Windows NT 6.1; WOW64) AppleWebKit/537.36 (KHTML, like Gecko) Chrome/34.0.1847.131 Safari/537.36', '/jeesiteh/a/sys/dict/', 'GET', 0x7265706167653D26747970653D6163745F63617465676F7279, '');
INSERT INTO `sys_log` VALUES ('29e406e2c3684c31a0f04dd66d6f1063', '1', '--', '1', '2016-11-09 10:55:30', '0:0:0:0:0:0:0:1', 'Mozilla/5.0 (Windows NT 6.1; WOW64) AppleWebKit/537.36 (KHTML, like Gecko) Chrome/34.0.1847.131 Safari/537.36', '/jeesiteh/a/sys/dict/', 'POST', 0x706167654E6F3D31267061676553697A653D333026747970653D6163745F63617465676F7279266465736372697074696F6E3D, '');
INSERT INTO `sys_log` VALUES ('2a5ce6e4d4b543b6ac1173a91d120603', '1', '---', '1', '2016-11-09 16:28:36', '0:0:0:0:0:0:0:1', 'Mozilla/5.0 (Windows NT 6.1; WOW64) AppleWebKit/537.36 (KHTML, like Gecko) Chrome/34.0.1847.131 Safari/537.36', '/jeesiteh/a/sys/menu/form', 'GET', 0x69643D3930, '');
INSERT INTO `sys_log` VALUES ('2ec5cc1f766f465087dd10c0dee1f09a', '1', '--', '1', '2016-11-09 16:26:42', '0:0:0:0:0:0:0:1', 'Mozilla/5.0 (Windows NT 6.1; WOW64) AppleWebKit/537.36 (KHTML, like Gecko) Chrome/34.0.1847.131 Safari/537.36', '/jeesiteh/a/sys/dict/', 'GET', '', '');
INSERT INTO `sys_log` VALUES ('2effcfe3ac9140f28721bd67e1198942', '1', '--', '1', '2016-11-08 15:42:12', '0:0:0:0:0:0:0:1', 'Mozilla/5.0 (Windows NT 6.1; WOW64) AppleWebKit/537.36 (KHTML, like Gecko) Chrome/34.0.1847.131 Safari/537.36', '/jeesiteh/a/oa/oaNotify/self', 'GET', '', '');
INSERT INTO `sys_log` VALUES ('2f828c8c4b9049c891ddd4fde4a942fe', '1', '---', '1', '2016-11-09 16:14:21', '0:0:0:0:0:0:0:1', 'Mozilla/5.0 (Windows NT 6.1; WOW64) AppleWebKit/537.36 (KHTML, like Gecko) Chrome/34.0.1847.131 Safari/537.36', '/jeesiteh/a/oa/leave/', 'GET', '', '');
INSERT INTO `sys_log` VALUES ('336549f418da4006b3863a048eba521d', '1', '--', '1', '2016-11-09 16:08:30', '0:0:0:0:0:0:0:1', 'Mozilla/5.0 (Windows NT 6.1; WOW64) AppleWebKit/537.36 (KHTML, like Gecko) Chrome/34.0.1847.131 Safari/537.36', '/jeesiteh/a/oa/oaNotify/self', 'GET', '', '');
INSERT INTO `sys_log` VALUES ('347e319eaf3f464baebdc8669b8b17b0', '1', '--', '1', '2016-11-09 16:27:13', '0:0:0:0:0:0:0:1', 'Mozilla/5.0 (Windows NT 6.1; WOW64) AppleWebKit/537.36 (KHTML, like Gecko) Chrome/34.0.1847.131 Safari/537.36', '/jeesiteh/a/sys/role/', 'GET', '', '');
INSERT INTO `sys_log` VALUES ('359f4bb78a414ffbb633e4471388e702', '1', '', '1', '2016-11-09 16:13:52', '0:0:0:0:0:0:0:1', 'Mozilla/5.0 (Windows NT 6.1; WOW64) AppleWebKit/537.36 (KHTML, like Gecko) Chrome/34.0.1847.131 Safari/537.36', '/jeesiteh/a/oa/leave', 'GET', '', '');
INSERT INTO `sys_log` VALUES ('3603a410184845c4b36521b7775664fe', '1', '-', '1', '2016-11-08 15:41:25', '0:0:0:0:0:0:0:1', 'Mozilla/5.0 (Windows NT 6.1; WOW64) AppleWebKit/537.36 (KHTML, like Gecko) Chrome/34.0.1847.131 Safari/537.36', '/jeesiteh/a/cms/tree', 'GET', '', '');
INSERT INTO `sys_log` VALUES ('37826da34dc149f0b598caa37b4939a4', '1', '--', '1', '2016-11-09 10:54:50', '0:0:0:0:0:0:0:1', 'Mozilla/5.0 (Windows NT 6.1; WOW64) AppleWebKit/537.36 (KHTML, like Gecko) Chrome/34.0.1847.131 Safari/537.36', '/jeesiteh/a/sys/dict/', 'POST', 0x706167654E6F3D31267061676553697A653D333026747970653D6163745F74797065266465736372697074696F6E3D, '');
INSERT INTO `sys_log` VALUES ('37f6eb9597604fd2b3d29c3c3b15fc7b', '1', '---', '1', '2016-11-08 15:41:26', '0:0:0:0:0:0:0:1', 'Mozilla/5.0 (Windows NT 6.1; WOW64) AppleWebKit/537.36 (KHTML, like Gecko) Chrome/34.0.1847.131 Safari/537.36', '/jeesiteh/a/sys/user/list', 'GET', '', '');
INSERT INTO `sys_log` VALUES ('37f7c14f412a43b58c5bc841e1b365be', '1', '--', '1', '2016-11-09 10:55:14', '0:0:0:0:0:0:0:1', 'Mozilla/5.0 (Windows NT 6.1; WOW64) AppleWebKit/537.36 (KHTML, like Gecko) Chrome/34.0.1847.131 Safari/537.36', '/jeesiteh/a/act/process', 'GET', '', '');
INSERT INTO `sys_log` VALUES ('3847a3e5d431475fb57e1a0b765a0055', '1', '---', '1', '2016-11-09 10:55:23', '0:0:0:0:0:0:0:1', 'Mozilla/5.0 (Windows NT 6.1; WOW64) AppleWebKit/537.36 (KHTML, like Gecko) Chrome/34.0.1847.131 Safari/537.36', '/jeesiteh/a/sys/user/list', 'GET', '', '');
INSERT INTO `sys_log` VALUES ('3886213e441b43aab87fff852ef86e24', '1', '-', '1', '2016-11-08 15:41:25', '0:0:0:0:0:0:0:1', 'Mozilla/5.0 (Windows NT 6.1; WOW64) AppleWebKit/537.36 (KHTML, like Gecko) Chrome/34.0.1847.131 Safari/537.36', '/jeesiteh/a/cms/none', 'GET', '', '');
INSERT INTO `sys_log` VALUES ('388be553f9124b599a65c27f16d463a6', '1', '--', '1', '2016-11-09 16:26:35', '0:0:0:0:0:0:0:1', 'Mozilla/5.0 (Windows NT 6.1; WOW64) AppleWebKit/537.36 (KHTML, like Gecko) Chrome/34.0.1847.131 Safari/537.36', '/jeesiteh/a/sys/menu/', 'GET', '', '');
INSERT INTO `sys_log` VALUES ('38ce1e6f793e447da0846d7e888814b9', '1', '---', '1', '2016-11-08 15:42:27', '0:0:0:0:0:0:0:1', 'Mozilla/5.0 (Windows NT 6.1; WOW64) AppleWebKit/537.36 (KHTML, like Gecko) Chrome/34.0.1847.131 Safari/537.36', '/jeesiteh/a/sys/user/list', 'GET', '', '');
INSERT INTO `sys_log` VALUES ('39206c3d61da40b18c441f6702ae4d80', '1', '---', '1', '2016-11-09 10:55:43', '0:0:0:0:0:0:0:1', 'Mozilla/5.0 (Windows NT 6.1; WOW64) AppleWebKit/537.36 (KHTML, like Gecko) Chrome/34.0.1847.131 Safari/537.36', '/jeesiteh/a/sys/dict/save', 'POST', 0x69643D37312676616C75653D31266C6162656C3DE8A18CE694BFE7B1BB26747970653D6163745F63617465676F7279266465736372697074696F6E3DE6B581E7A88BE58886E7B1BB26736F72743D31302672656D61726B733D, '');
INSERT INTO `sys_log` VALUES ('3aea894abbff485192e49df888eb9af5', '1', '--', '1', '2016-11-09 16:08:26', '0:0:0:0:0:0:0:1', 'Mozilla/5.0 (Windows NT 6.1; WOW64) AppleWebKit/537.36 (KHTML, like Gecko) Chrome/34.0.1847.131 Safari/537.36', '/jeesiteh/a/sys/user/info', 'GET', '', '');
INSERT INTO `sys_log` VALUES ('3c8aee467d88443593fe65196667ed9f', '1', '', '1', '2016-11-08 16:32:04', '0:0:0:0:0:0:0:1', 'Mozilla/5.0 (Windows NT 6.1; WOW64) AppleWebKit/537.36 (KHTML, like Gecko) Chrome/34.0.1847.131 Safari/537.36', '/jeesiteh/act/service/model/43d36e777bc54075afebcab1d3d1680b/save', 'PUT', '', '');
INSERT INTO `sys_log` VALUES ('40c0b9a952e140809a26791f32d92db0', '1', '--', '1', '2016-11-09 10:56:06', '0:0:0:0:0:0:0:1', 'Mozilla/5.0 (Windows NT 6.1; WOW64) AppleWebKit/537.36 (KHTML, like Gecko) Chrome/34.0.1847.131 Safari/537.36', '/jeesiteh/a/oa/leave', 'GET', '', '');
INSERT INTO `sys_log` VALUES ('41af78e105164ae1b9f85ec03ef15705', '1', '---', '1', '2016-11-09 16:14:32', '0:0:0:0:0:0:0:1', 'Mozilla/5.0 (Windows NT 6.1; WOW64) AppleWebKit/537.36 (KHTML, like Gecko) Chrome/34.0.1847.131 Safari/537.36', '/jeesiteh/a/oa/leave/', 'GET', '', '');
INSERT INTO `sys_log` VALUES ('43d6f7bf7f694086b2c937afc0a64f5a', '1', '---', '1', '2016-11-08 15:42:29', '0:0:0:0:0:0:0:1', 'Mozilla/5.0 (Windows NT 6.1; WOW64) AppleWebKit/537.36 (KHTML, like Gecko) Chrome/34.0.1847.131 Safari/537.36', '/jeesiteh/a/sys/user/list', 'GET', '', '');
INSERT INTO `sys_log` VALUES ('44547815fab348c0b7c5346d6f75e9af', '1', '---', '1', '2016-11-09 10:52:44', '0:0:0:0:0:0:0:1', 'Mozilla/5.0 (Windows NT 6.1; WOW64) AppleWebKit/537.36 (KHTML, like Gecko) Chrome/34.0.1847.131 Safari/537.36', '/jeesiteh/a/oa/leave/save', 'POST', 0x69643D266C65617665547970653D3226737461727454696D653D323031362D31312D31302031303A35323A323026656E6454696D653D323031362D31312D31372031303A35323A323426726561736F6E3DE8BAABE4BD93E4B88DE98082EFBC8CE79C8BE79785E58EBB, '');
INSERT INTO `sys_log` VALUES ('447b14d73417469a86cab989d313db1f', '1', '-', '1', '2016-11-08 15:40:33', '0:0:0:0:0:0:0:1', 'Mozilla/5.0 (Windows NT 6.1; WOW64) AppleWebKit/537.36 (KHTML, like Gecko) Chrome/34.0.1847.131 Safari/537.36', '/jeesiteh/a/cms/none', 'GET', '', '');
INSERT INTO `sys_log` VALUES ('45884b99d2ea4af891acbdb1cfc86b85', '1', '---', '1', '2016-11-08 15:40:36', '0:0:0:0:0:0:0:1', 'Mozilla/5.0 (Windows NT 6.1; WOW64) AppleWebKit/537.36 (KHTML, like Gecko) Chrome/34.0.1847.131 Safari/537.36', '/jeesiteh/a/cms/article/', 'GET', 0x63617465676F72792E69643D34, '');
INSERT INTO `sys_log` VALUES ('473a323ba24f4fefb2fb44ba5b5d64ff', '1', '-', '1', '2016-11-09 09:15:30', '0:0:0:0:0:0:0:1', 'Mozilla/5.0 (Windows NT 6.1; WOW64) AppleWebKit/537.36 (KHTML, like Gecko) Chrome/34.0.1847.131 Safari/537.36', '/jeesiteh/a/cms/tree', 'GET', '', '');
INSERT INTO `sys_log` VALUES ('48ea8c56de184764a0a2babde1994ef3', '1', '---', '1', '2016-11-09 16:27:21', '0:0:0:0:0:0:0:1', 'Mozilla/5.0 (Windows NT 6.1; WOW64) AppleWebKit/537.36 (KHTML, like Gecko) Chrome/34.0.1847.131 Safari/537.36', '/jeesiteh/a/sys/role/assign', 'GET', 0x69643D36, '');
INSERT INTO `sys_log` VALUES ('4c4ec74694194557956667b47839f142', '1', '--', '1', '2016-11-09 09:15:23', '0:0:0:0:0:0:0:1', 'Mozilla/5.0 (Windows NT 6.1; WOW64) AppleWebKit/537.36 (KHTML, like Gecko) Chrome/34.0.1847.131 Safari/537.36', '/jeesiteh/a/sys/menu/', 'GET', '', '');
INSERT INTO `sys_log` VALUES ('4d03f4e8fc3c47ee8969118b130be515', '1', '---', '1', '2016-11-09 10:55:33', '0:0:0:0:0:0:0:1', 'Mozilla/5.0 (Windows NT 6.1; WOW64) AppleWebKit/537.36 (KHTML, like Gecko) Chrome/34.0.1847.131 Safari/537.36', '/jeesiteh/a/sys/dict/form', 'GET', 0x69643D3731, '');
INSERT INTO `sys_log` VALUES ('4f3ce5c1f24747779b230d67290a3825', '1', '--', '1', '2016-11-09 09:14:24', '0:0:0:0:0:0:0:1', 'Mozilla/5.0 (Windows NT 6.1; WOW64) AppleWebKit/537.36 (KHTML, like Gecko) Chrome/34.0.1847.131 Safari/537.36', '/jeesiteh/a/sys/office/', 'GET', '', '');
INSERT INTO `sys_log` VALUES ('517ff3d86b4240d097ce0636c7301b7f', '1', '--', '1', '2016-11-08 15:41:03', '0:0:0:0:0:0:0:1', 'Mozilla/5.0 (Windows NT 6.1; WOW64) AppleWebKit/537.36 (KHTML, like Gecko) Chrome/34.0.1847.131 Safari/537.36', '/jeesiteh/a/cms/site/select', 'GET', '', '');
INSERT INTO `sys_log` VALUES ('528398e4aad24ae8a8a6c286e4e6b43f', '1', '--', '1', '2016-11-09 09:15:40', '0:0:0:0:0:0:0:1', 'Mozilla/5.0 (Windows NT 6.1; WOW64) AppleWebKit/537.36 (KHTML, like Gecko) Chrome/34.0.1847.131 Safari/537.36', '/jeesiteh/a/sys/user/index', 'GET', '', '');
INSERT INTO `sys_log` VALUES ('529651cba3a24f1da6471a4b727a971c', '1', '---', '1', '2016-11-09 09:14:40', '0:0:0:0:0:0:0:1', 'Mozilla/5.0 (Windows NT 6.1; WOW64) AppleWebKit/537.36 (KHTML, like Gecko) Chrome/34.0.1847.131 Safari/537.36', '/jeesiteh/a/sys/menu/form', 'GET', 0x69643D3634, '');
INSERT INTO `sys_log` VALUES ('53b07fbb2fc346f9b33ae6d84f6b4d06', '1', '', '1', '2016-11-09 16:56:38', '0:0:0:0:0:0:0:1', 'Mozilla/5.0 (Windows NT 6.1; WOW64) AppleWebKit/537.36 (KHTML, like Gecko) Chrome/34.0.1847.131 Safari/537.36', '/jeesiteh/a/oa/testAudit', 'GET', '', '');
INSERT INTO `sys_log` VALUES ('55b812e26b784e888b15ce761a7cf218', '1', '--', '1', '2016-11-08 15:41:01', '0:0:0:0:0:0:0:1', 'Mozilla/5.0 (Windows NT 6.1; WOW64) AppleWebKit/537.36 (KHTML, like Gecko) Chrome/34.0.1847.131 Safari/537.36', '/jeesiteh/a/cms/site/', 'GET', '', '');
INSERT INTO `sys_log` VALUES ('58f519e0624b4a7199105a73b1f702bf', '1', '--', '1', '2016-11-09 09:12:38', '0:0:0:0:0:0:0:1', 'Mozilla/5.0 (Windows NT 6.1; WOW64) AppleWebKit/537.36 (KHTML, like Gecko) Chrome/34.0.1847.131 Safari/537.36', '/jeesiteh/a/act/task/todo/', 'GET', '', '');
INSERT INTO `sys_log` VALUES ('5a97e12a7e854065a59ec009a2ecfcfb', '1', '--', '1', '2016-11-09 09:15:36', '0:0:0:0:0:0:0:1', 'Mozilla/5.0 (Windows NT 6.1; WOW64) AppleWebKit/537.36 (KHTML, like Gecko) Chrome/34.0.1847.131 Safari/537.36', '/jeesiteh/a/cms/', 'GET', '', '');
INSERT INTO `sys_log` VALUES ('5aba589006aa4cc682ad7c253aefc417', '1', '-', '1', '2016-11-09 09:15:36', '0:0:0:0:0:0:0:1', 'Mozilla/5.0 (Windows NT 6.1; WOW64) AppleWebKit/537.36 (KHTML, like Gecko) Chrome/34.0.1847.131 Safari/537.36', '/jeesiteh/a/cms/none', 'GET', '', '');
INSERT INTO `sys_log` VALUES ('5b128e9a15dd445fbcd4129d27aca978', '1', '---', '1', '2016-11-09 09:14:45', '0:0:0:0:0:0:0:1', 'Mozilla/5.0 (Windows NT 6.1; WOW64) AppleWebKit/537.36 (KHTML, like Gecko) Chrome/34.0.1847.131 Safari/537.36', '/jeesiteh/a/sys/menu/save', 'POST', 0x69643D363426706172656E742E69643D363326706172656E742E6E616D653DE4B8AAE4BABAE58A9EE585AC266E616D653DE8AFB7E58187E58A9EE7908626687265663D2F6F612F6C65617665267461726765743D2669636F6E3D6C65616626736F72743D33303026697353686F773D31267065726D697373696F6E3D2672656D61726B733D, '');
INSERT INTO `sys_log` VALUES ('5c1473d6a9c54e62a5f2d1bc0d15d81c', '1', '---', '1', '2016-11-09 16:28:29', '0:0:0:0:0:0:0:1', 'Mozilla/5.0 (Windows NT 6.1; WOW64) AppleWebKit/537.36 (KHTML, like Gecko) Chrome/34.0.1847.131 Safari/537.36', '/jeesiteh/a/sys/menu/form', 'GET', 0x69643D3330, '');
INSERT INTO `sys_log` VALUES ('5c8eafeaebb742daa5694eea07f85faa', '1', '', '1', '2016-11-08 15:33:37', '0:0:0:0:0:0:0:1', 'Mozilla/5.0 (Windows NT 6.1; WOW64) AppleWebKit/537.36 (KHTML, like Gecko) Chrome/34.0.1847.131 Safari/537.36', '/jeesiteh/a/sys/menu/tree', 'GET', 0x706172656E7449643D3632, '');
INSERT INTO `sys_log` VALUES ('5cc7e76ad608450d81e92e2562e1f050', '1', '--', '1', '2016-11-09 16:28:24', '0:0:0:0:0:0:0:1', 'Mozilla/5.0 (Windows NT 6.1; WOW64) AppleWebKit/537.36 (KHTML, like Gecko) Chrome/34.0.1847.131 Safari/537.36', '/jeesiteh/a/sys/menu/', 'GET', '', '');
INSERT INTO `sys_log` VALUES ('5d0957ef5c9b471d946c6af3334c4fdb', '1', '--', '1', '2016-11-09 16:14:50', '0:0:0:0:0:0:0:1', 'Mozilla/5.0 (Windows NT 6.1; WOW64) AppleWebKit/537.36 (KHTML, like Gecko) Chrome/34.0.1847.131 Safari/537.36', '/jeesiteh/a/oa/leave', 'GET', '', '');
INSERT INTO `sys_log` VALUES ('5f7d5c09db994bb1987effc0e58382f9', '1', '---', '1', '2016-11-09 10:55:56', '0:0:0:0:0:0:0:1', 'Mozilla/5.0 (Windows NT 6.1; WOW64) AppleWebKit/537.36 (KHTML, like Gecko) Chrome/34.0.1847.131 Safari/537.36', '/jeesiteh/a/sys/dict/save', 'POST', 0x69643D37322676616C75653D32266C6162656C3DE8B4A2E58AA1E7B1BB26747970653D6163745F63617465676F7279266465736372697074696F6E3DE6B581E7A88BE58886E7B1BB26736F72743D32302672656D61726B733D, '');
INSERT INTO `sys_log` VALUES ('628e58093390402193460cb2915b8648', '1', '--', '1', '2016-11-08 15:41:25', '0:0:0:0:0:0:0:1', 'Mozilla/5.0 (Windows NT 6.1; WOW64) AppleWebKit/537.36 (KHTML, like Gecko) Chrome/34.0.1847.131 Safari/537.36', '/jeesiteh/a/cms/', 'GET', '', '');
INSERT INTO `sys_log` VALUES ('62a72a5866c04714bd0914b63e4da0aa', '1', '--', '1', '2016-11-09 16:08:32', '0:0:0:0:0:0:0:1', 'Mozilla/5.0 (Windows NT 6.1; WOW64) AppleWebKit/537.36 (KHTML, like Gecko) Chrome/34.0.1847.131 Safari/537.36', '/jeesiteh/a/act/model', 'GET', '', '');
INSERT INTO `sys_log` VALUES ('64a265a0cf30461597074f6a17704ba6', '1', '--', '1', '2016-11-09 09:14:21', '0:0:0:0:0:0:0:1', 'Mozilla/5.0 (Windows NT 6.1; WOW64) AppleWebKit/537.36 (KHTML, like Gecko) Chrome/34.0.1847.131 Safari/537.36', '/jeesiteh/a/sys/office/', 'GET', '', '');
INSERT INTO `sys_log` VALUES ('66a923e76de64545856043bb13348dd6', '1', '--', '1', '2016-11-09 09:12:57', '0:0:0:0:0:0:0:1', 'Mozilla/5.0 (Windows NT 6.1; WOW64) AppleWebKit/537.36 (KHTML, like Gecko) Chrome/34.0.1847.131 Safari/537.36', '/jeesiteh/a/oa/oaNotify/self', 'GET', '', '');
INSERT INTO `sys_log` VALUES ('6cbda77731a64e92a09c4b47baea4df3', '1', '--', '1', '2016-11-09 09:13:31', '0:0:0:0:0:0:0:1', 'Mozilla/5.0 (Windows NT 6.1; WOW64) AppleWebKit/537.36 (KHTML, like Gecko) Chrome/34.0.1847.131 Safari/537.36', '/jeesiteh/a/act/task/todo/', 'GET', '', '');
INSERT INTO `sys_log` VALUES ('6d4fb84b7b4f41adbfb8cc9a335169fd', '1', '--', '1', '2016-11-09 10:55:27', '0:0:0:0:0:0:0:1', 'Mozilla/5.0 (Windows NT 6.1; WOW64) AppleWebKit/537.36 (KHTML, like Gecko) Chrome/34.0.1847.131 Safari/537.36', '/jeesiteh/a/sys/dict/', 'GET', '', '');
INSERT INTO `sys_log` VALUES ('6df8fea92e254ef7b069dfd7dbfe658e', '1', '--', '1', '2016-11-08 15:41:37', '0:0:0:0:0:0:0:1', 'Mozilla/5.0 (Windows NT 6.1; WOW64) AppleWebKit/537.36 (KHTML, like Gecko) Chrome/34.0.1847.131 Safari/537.36', '/jeesiteh/a/sys/user/info', 'GET', '', '');
INSERT INTO `sys_log` VALUES ('6f63133d7b3f40479ee94b728fc3ba80', '1', '--', '1', '2016-11-09 09:15:30', '0:0:0:0:0:0:0:1', 'Mozilla/5.0 (Windows NT 6.1; WOW64) AppleWebKit/537.36 (KHTML, like Gecko) Chrome/34.0.1847.131 Safari/537.36', '/jeesiteh/a/oa/oaNotify/self', 'GET', '', '');
INSERT INTO `sys_log` VALUES ('72304b2e2233485789b60b484fef4cf5', '1', '--', '1', '2016-11-09 09:14:17', '0:0:0:0:0:0:0:1', 'Mozilla/5.0 (Windows NT 6.1; WOW64) AppleWebKit/537.36 (KHTML, like Gecko) Chrome/34.0.1847.131 Safari/537.36', '/jeesiteh/a/sys/user/index', 'GET', '', '');
INSERT INTO `sys_log` VALUES ('72badea128c542dab08335ea127b01be', '1', '---', '1', '2016-11-09 09:15:23', '0:0:0:0:0:0:0:1', 'Mozilla/5.0 (Windows NT 6.1; WOW64) AppleWebKit/537.36 (KHTML, like Gecko) Chrome/34.0.1847.131 Safari/537.36', '/jeesiteh/a/sys/menu/save', 'POST', 0x69643D323426706172656E742E69643D323326706172656E742E6E616D653DE585B3E4BA8EE5B8AEE58AA9266E616D653DE5AE98E696B9E9A696E9A1B526687265663D687474703A2F2F6A6565736974652E636F6D267461726765743D5F626C616E6B2669636F6E3D26736F72743D333026697353686F773D31267065726D697373696F6E3D2672656D61726B733D, '');
INSERT INTO `sys_log` VALUES ('76fe909ce7cc4faba06264f64fff7389', '1', '---', '1', '2016-11-09 10:54:31', '0:0:0:0:0:0:0:1', 'Mozilla/5.0 (Windows NT 6.1; WOW64) AppleWebKit/537.36 (KHTML, like Gecko) Chrome/34.0.1847.131 Safari/537.36', '/jeesiteh/a/sys/user/list', 'GET', '', '');
INSERT INTO `sys_log` VALUES ('773f3cc89a7745a0a2488e5a41c096c2', '1', '--', '1', '2016-11-08 15:42:28', '0:0:0:0:0:0:0:1', 'Mozilla/5.0 (Windows NT 6.1; WOW64) AppleWebKit/537.36 (KHTML, like Gecko) Chrome/34.0.1847.131 Safari/537.36', '/jeesiteh/a/gen/genTable', 'GET', '', '');
INSERT INTO `sys_log` VALUES ('77a1650a72c3482e80ffb269e82bb053', '1', '--', '1', '2016-11-09 16:58:30', '0:0:0:0:0:0:0:1', 'Mozilla/5.0 (Windows NT 6.1; WOW64) AppleWebKit/537.36 (KHTML, like Gecko) Chrome/34.0.1847.131 Safari/537.36', '/jeesiteh/a/act/task/todo/', 'GET', '', '');
INSERT INTO `sys_log` VALUES ('77aa43166c514a659b54000d3078d28f', '1', '--', '1', '2016-11-09 16:58:42', '0:0:0:0:0:0:0:1', 'Mozilla/5.0 (Windows NT 6.1; WOW64) AppleWebKit/537.36 (KHTML, like Gecko) Chrome/34.0.1847.131 Safari/537.36', '/jeesiteh/a/act/task/todo/', 'GET', '', '');
INSERT INTO `sys_log` VALUES ('77bf2eb421dd4071bd0c3f5d89e248bf', '1', '--', '1', '2016-11-09 09:15:46', '0:0:0:0:0:0:0:1', 'Mozilla/5.0 (Windows NT 6.1; WOW64) AppleWebKit/537.36 (KHTML, like Gecko) Chrome/34.0.1847.131 Safari/537.36', '/jeesiteh/a/oa/oaNotify/self', 'GET', '', '');
INSERT INTO `sys_log` VALUES ('79e2ee6d595c4d40aa32d7f3375ca2c0', '1', '--', '1', '2016-11-09 10:56:59', '0:0:0:0:0:0:0:1', 'Mozilla/5.0 (Windows NT 6.1; WOW64) AppleWebKit/537.36 (KHTML, like Gecko) Chrome/34.0.1847.131 Safari/537.36', '/jeesiteh/a/act/model', 'GET', '', '');
INSERT INTO `sys_log` VALUES ('7a8043793654460a8153e07cb05e550c', '1', '---', '1', '2016-11-09 16:26:52', '0:0:0:0:0:0:0:1', 'Mozilla/5.0 (Windows NT 6.1; WOW64) AppleWebKit/537.36 (KHTML, like Gecko) Chrome/34.0.1847.131 Safari/537.36', '/jeesiteh/a/sys/role/assign', 'GET', 0x69643D32, '');
INSERT INTO `sys_log` VALUES ('7a9647b8fd5748eb8d016f36da91d828', '1', '--', '1', '2016-11-08 15:34:22', '0:0:0:0:0:0:0:1', 'Mozilla/5.0 (Windows NT 6.1; WOW64) AppleWebKit/537.36 (KHTML, like Gecko) Chrome/34.0.1847.131 Safari/537.36', '/jeesiteh/a/act/model', 'GET', '', '');
INSERT INTO `sys_log` VALUES ('7b90fdb15c32455099d1cb7928881213', '1', '--', '1', '2016-11-08 15:20:48', '0:0:0:0:0:0:0:1', 'Mozilla/5.0 (Windows NT 6.1; WOW64) AppleWebKit/537.36 (KHTML, like Gecko) Chrome/34.0.1847.131 Safari/537.36', '/jeesiteh/a/sys/user/modifyPwd', 'GET', '', '');
INSERT INTO `sys_log` VALUES ('7c5954c1f96e4980b62b6c2c2270351c', '1', '---', '1', '2016-11-08 15:40:38', '0:0:0:0:0:0:0:1', 'Mozilla/5.0 (Windows NT 6.1; WOW64) AppleWebKit/537.36 (KHTML, like Gecko) Chrome/34.0.1847.131 Safari/537.36', '/jeesiteh/a/cms/comment/', 'GET', 0x7374617475733D32, '');
INSERT INTO `sys_log` VALUES ('7c742f81181c45a29befcafd5b70d938', '1', '--', '1', '2016-11-08 15:40:44', '0:0:0:0:0:0:0:1', 'Mozilla/5.0 (Windows NT 6.1; WOW64) AppleWebKit/537.36 (KHTML, like Gecko) Chrome/34.0.1847.131 Safari/537.36', '/jeesiteh/a/cms/category/', 'GET', '', '');
INSERT INTO `sys_log` VALUES ('7d7505e06c1c40b08a584352353a2cc3', '1', '--', '1', '2016-11-08 15:42:29', '0:0:0:0:0:0:0:1', 'Mozilla/5.0 (Windows NT 6.1; WOW64) AppleWebKit/537.36 (KHTML, like Gecko) Chrome/34.0.1847.131 Safari/537.36', '/jeesiteh/a/sys/user/index', 'GET', '', '');
INSERT INTO `sys_log` VALUES ('8051fba522b449c5be9f4a77d0cdccbe', '1', '--', '1', '2016-11-09 09:12:40', '0:0:0:0:0:0:0:1', 'Mozilla/5.0 (Windows NT 6.1; WOW64) AppleWebKit/537.36 (KHTML, like Gecko) Chrome/34.0.1847.131 Safari/537.36', '/jeesiteh/a/oa/testAudit', 'GET', '', '');
INSERT INTO `sys_log` VALUES ('826000b714984669b3d7d088c0fe75e5', '1', '--', '1', '2016-11-08 15:33:37', '0:0:0:0:0:0:0:1', 'Mozilla/5.0 (Windows NT 6.1; WOW64) AppleWebKit/537.36 (KHTML, like Gecko) Chrome/34.0.1847.131 Safari/537.36', '/jeesiteh/a/oa/oaNotify/self', 'GET', '', '');
INSERT INTO `sys_log` VALUES ('831802c425ff40e0a13fb267ee7d334e', '1', '--', '1', '2016-11-09 10:55:56', '0:0:0:0:0:0:0:1', 'Mozilla/5.0 (Windows NT 6.1; WOW64) AppleWebKit/537.36 (KHTML, like Gecko) Chrome/34.0.1847.131 Safari/537.36', '/jeesiteh/a/sys/dict/', 'GET', 0x7265706167653D26747970653D6163745F63617465676F7279, '');
INSERT INTO `sys_log` VALUES ('85c0a634c6c9486fa785ad8198ef5762', '1', '---', '1', '2016-11-09 09:15:20', '0:0:0:0:0:0:0:1', 'Mozilla/5.0 (Windows NT 6.1; WOW64) AppleWebKit/537.36 (KHTML, like Gecko) Chrome/34.0.1847.131 Safari/537.36', '/jeesiteh/a/sys/menu/form', 'GET', 0x69643D3234, '');
INSERT INTO `sys_log` VALUES ('87c650694c2749d8bd390fb648f9150d', '1', '', '1', '2016-11-09 09:15:44', '0:0:0:0:0:0:0:1', 'Mozilla/5.0 (Windows NT 6.1; WOW64) AppleWebKit/537.36 (KHTML, like Gecko) Chrome/34.0.1847.131 Safari/537.36', '/jeesiteh/a', 'GET', 0x6C6F67696E3D, '');
INSERT INTO `sys_log` VALUES ('88d50d8033e3458eae3a92177e0ae2cf', '1', '---', '1', '2016-11-09 16:26:32', '0:0:0:0:0:0:0:1', 'Mozilla/5.0 (Windows NT 6.1; WOW64) AppleWebKit/537.36 (KHTML, like Gecko) Chrome/34.0.1847.131 Safari/537.36', '/jeesiteh/a/sys/user/list', 'GET', '', '');
INSERT INTO `sys_log` VALUES ('89b86620f1f740e9848d214d98078872', '1', '--', '1', '2016-11-08 16:32:12', '0:0:0:0:0:0:0:1', 'Mozilla/5.0 (Windows NT 6.1; WOW64) AppleWebKit/537.36 (KHTML, like Gecko) Chrome/34.0.1847.131 Safari/537.36', '/jeesiteh/a/oa/oaNotify/self', 'GET', '', '');
INSERT INTO `sys_log` VALUES ('89efbe32e75a4399b93b5dc4149d0559', '1', '---', '1', '2016-11-09 16:27:31', '0:0:0:0:0:0:0:1', 'Mozilla/5.0 (Windows NT 6.1; WOW64) AppleWebKit/537.36 (KHTML, like Gecko) Chrome/34.0.1847.131 Safari/537.36', '/jeesiteh/a/sys/role/usertorole', 'POST', 0x69643D36265F5F5F74302E363434343338393836383939333331323D, '');
INSERT INTO `sys_log` VALUES ('8a68c0f9a5f54a2087f391c972445db8', '1', '---', '1', '2016-11-09 09:15:40', '0:0:0:0:0:0:0:1', 'Mozilla/5.0 (Windows NT 6.1; WOW64) AppleWebKit/537.36 (KHTML, like Gecko) Chrome/34.0.1847.131 Safari/537.36', '/jeesiteh/a/sys/user/list', 'GET', '', '');
INSERT INTO `sys_log` VALUES ('8d244b3006c54dc3b6d1636bc8774610', '1', '-', '1', '2016-11-08 15:40:33', '0:0:0:0:0:0:0:1', 'Mozilla/5.0 (Windows NT 6.1; WOW64) AppleWebKit/537.36 (KHTML, like Gecko) Chrome/34.0.1847.131 Safari/537.36', '/jeesiteh/a/cms/tree', 'GET', '', '');
INSERT INTO `sys_log` VALUES ('8fd4b4a9a71c4674b71cacadb9491cd5', '1', '--', '1', '2016-11-09 09:15:38', '0:0:0:0:0:0:0:1', 'Mozilla/5.0 (Windows NT 6.1; WOW64) AppleWebKit/537.36 (KHTML, like Gecko) Chrome/34.0.1847.131 Safari/537.36', '/jeesiteh/a/gen/genTable', 'GET', '', '');
INSERT INTO `sys_log` VALUES ('90206662e1614abe80531e2107a997b2', '1', '--', '1', '2016-11-08 15:34:02', '0:0:0:0:0:0:0:1', 'Mozilla/5.0 (Windows NT 6.1; WOW64) AppleWebKit/537.36 (KHTML, like Gecko) Chrome/34.0.1847.131 Safari/537.36', '/jeesiteh/a/act/process', 'GET', '', '');
INSERT INTO `sys_log` VALUES ('90846efa15be4ea6acb4f1216752cd08', '1', '--', '1', '2016-11-09 09:12:27', '0:0:0:0:0:0:0:1', 'Mozilla/5.0 (Windows NT 6.1; WOW64) AppleWebKit/537.36 (KHTML, like Gecko) Chrome/34.0.1847.131 Safari/537.36', '/jeesiteh/a/act/task/todo/', 'GET', '', '');
INSERT INTO `sys_log` VALUES ('91fe881a5d9d44dd9705db2d8880e55d', '1', '--', '1', '2016-11-08 15:41:35', '0:0:0:0:0:0:0:1', 'Mozilla/5.0 (Windows NT 6.1; WOW64) AppleWebKit/537.36 (KHTML, like Gecko) Chrome/34.0.1847.131 Safari/537.36', '/jeesiteh/a/test/testData', 'GET', '', '');
INSERT INTO `sys_log` VALUES ('9354625292334bcfa158de0c9f9078a4', '1', '-', '1', '2016-11-09 09:15:30', '0:0:0:0:0:0:0:1', 'Mozilla/5.0 (Windows NT 6.1; WOW64) AppleWebKit/537.36 (KHTML, like Gecko) Chrome/34.0.1847.131 Safari/537.36', '/jeesiteh/a/cms/none', 'GET', '', '');
INSERT INTO `sys_log` VALUES ('93ad6783831f4b8390266e341db4d323', '1', '---', '1', '2016-11-09 16:14:15', '0:0:0:0:0:0:0:1', 'Mozilla/5.0 (Windows NT 6.1; WOW64) AppleWebKit/537.36 (KHTML, like Gecko) Chrome/34.0.1847.131 Safari/537.36', '/jeesiteh/a/oa/leave/save', 'POST', 0x69643D266C65617665547970653D3226737461727454696D653D323031362D31312D31302031363A31333A353726656E6454696D653D323031362D31312D31382031363A31343A303026726561736F6E3DE8BAABE4BD93E4B88DE98082EFBC8CE79C8BE79785E58EBB, '');
INSERT INTO `sys_log` VALUES ('94fec7fcc4d84003bfc5a2341b4d35a1', '1', '-', '1', '2016-11-08 16:32:12', '0:0:0:0:0:0:0:1', 'Mozilla/5.0 (Windows NT 6.1; WOW64) AppleWebKit/537.36 (KHTML, like Gecko) Chrome/34.0.1847.131 Safari/537.36', '/jeesiteh/a/cms/tree', 'GET', '', '');
INSERT INTO `sys_log` VALUES ('95c734ad2028431bac633c3d34857012', '1', '--', '1', '2016-11-09 09:15:49', '0:0:0:0:0:0:0:1', 'Mozilla/5.0 (Windows NT 6.1; WOW64) AppleWebKit/537.36 (KHTML, like Gecko) Chrome/34.0.1847.131 Safari/537.36', '/jeesiteh/a/act/task/todo/', 'GET', '', '');
INSERT INTO `sys_log` VALUES ('987cd45fade347a8b104ba4d1c655989', '1', '--', '1', '2016-11-08 15:40:32', '0:0:0:0:0:0:0:1', 'Mozilla/5.0 (Windows NT 6.1; WOW64) AppleWebKit/537.36 (KHTML, like Gecko) Chrome/34.0.1847.131 Safari/537.36', '/jeesiteh/a/cms/', 'GET', '', '');
INSERT INTO `sys_log` VALUES ('991a8b8ec9d9497f86ba98fe845e3b6b', '1', '--', '1', '2016-11-08 15:42:14', '0:0:0:0:0:0:0:1', 'Mozilla/5.0 (Windows NT 6.1; WOW64) AppleWebKit/537.36 (KHTML, like Gecko) Chrome/34.0.1847.131 Safari/537.36', '/jeesiteh/a/oa/oaNotify', 'GET', '', '');
INSERT INTO `sys_log` VALUES ('9cbbc8026c7f4fd391f07dfc932f0dbd', '1', '--', '1', '2016-11-09 09:14:45', '0:0:0:0:0:0:0:1', 'Mozilla/5.0 (Windows NT 6.1; WOW64) AppleWebKit/537.36 (KHTML, like Gecko) Chrome/34.0.1847.131 Safari/537.36', '/jeesiteh/a/sys/menu/', 'GET', '', '');
INSERT INTO `sys_log` VALUES ('a075fa2a0aa647cf8017413296411f91', '1', '--', '1', '2016-11-08 15:42:24', '0:0:0:0:0:0:0:1', 'Mozilla/5.0 (Windows NT 6.1; WOW64) AppleWebKit/537.36 (KHTML, like Gecko) Chrome/34.0.1847.131 Safari/537.36', '/jeesiteh/a/sys/user/info', 'GET', '', '');
INSERT INTO `sys_log` VALUES ('a244b8b89ddb46ac965eac1577e64faa', '1', '---', '1', '2016-11-08 15:42:36', '0:0:0:0:0:0:0:1', 'Mozilla/5.0 (Windows NT 6.1; WOW64) AppleWebKit/537.36 (KHTML, like Gecko) Chrome/34.0.1847.131 Safari/537.36', '/jeesiteh/a/sys/user/export', 'POST', 0x706167654E6F3D31267061676553697A653D3330266F7264657242793D26636F6D70616E792E69643D26636F6D70616E792E6E616D653D266C6F67696E4E616D653D266F66666963652E69643D266F66666963652E6E616D653D266E616D653D, '');
INSERT INTO `sys_log` VALUES ('a27fc0264b824224926bc4193e8610b2', '1', '--', '1', '2016-11-09 16:13:52', '0:0:0:0:0:0:0:1', 'Mozilla/5.0 (Windows NT 6.1; WOW64) AppleWebKit/537.36 (KHTML, like Gecko) Chrome/34.0.1847.131 Safari/537.36', '/jeesiteh/a/oa/leave', 'GET', '', '');
INSERT INTO `sys_log` VALUES ('a2d7dbb03f6a40ddae4da589c14ae680', '1', '--', '1', '2016-11-09 16:15:22', '0:0:0:0:0:0:0:1', 'Mozilla/5.0 (Windows NT 6.1; WOW64) AppleWebKit/537.36 (KHTML, like Gecko) Chrome/34.0.1847.131 Safari/537.36', '/jeesiteh/a/oa/leave', 'GET', '', '');
INSERT INTO `sys_log` VALUES ('a39398dae8d341d5a8dfd80e1ca3b2b8', '1', '--', '1', '2016-11-09 10:54:31', '0:0:0:0:0:0:0:1', 'Mozilla/5.0 (Windows NT 6.1; WOW64) AppleWebKit/537.36 (KHTML, like Gecko) Chrome/34.0.1847.131 Safari/537.36', '/jeesiteh/a/sys/user/index', 'GET', '', '');
INSERT INTO `sys_log` VALUES ('a504ac3934ef4af5902e87d8ad7107e1', '1', '--', '1', '2016-11-09 09:13:37', '0:0:0:0:0:0:0:1', 'Mozilla/5.0 (Windows NT 6.1; WOW64) AppleWebKit/537.36 (KHTML, like Gecko) Chrome/34.0.1847.131 Safari/537.36', '/jeesiteh/a/act/task/todo/', 'GET', 0x70726F634465664B65793D6C6561766526626567696E446174653D26656E64446174653D, '');
INSERT INTO `sys_log` VALUES ('a9b8cb99f3ec43fb95d323f0984d9224', '1', '--', '1', '2016-11-08 15:33:56', '0:0:0:0:0:0:0:1', 'Mozilla/5.0 (Windows NT 6.1; WOW64) AppleWebKit/537.36 (KHTML, like Gecko) Chrome/34.0.1847.131 Safari/537.36', '/jeesiteh/a/act/process', 'GET', '', '');
INSERT INTO `sys_log` VALUES ('aa551a0595294f8390569801c1dce15c', '1', '--', '1', '2016-11-09 10:54:36', '0:0:0:0:0:0:0:1', 'Mozilla/5.0 (Windows NT 6.1; WOW64) AppleWebKit/537.36 (KHTML, like Gecko) Chrome/34.0.1847.131 Safari/537.36', '/jeesiteh/a/sys/dict/', 'GET', '', '');
INSERT INTO `sys_log` VALUES ('abe95c772e6645dfb4eb644b9e70dec0', '1', '---', '1', '2016-11-08 15:40:35', '0:0:0:0:0:0:0:1', 'Mozilla/5.0 (Windows NT 6.1; WOW64) AppleWebKit/537.36 (KHTML, like Gecko) Chrome/34.0.1847.131 Safari/537.36', '/jeesiteh/a/cms/article/', 'GET', 0x63617465676F72792E69643D33, '');
INSERT INTO `sys_log` VALUES ('ac6d4a5dd1bc45ca91f1aad0eb138f5c', '1', '---', '1', '2016-11-09 16:27:46', '0:0:0:0:0:0:0:1', 'Mozilla/5.0 (Windows NT 6.1; WOW64) AppleWebKit/537.36 (KHTML, like Gecko) Chrome/34.0.1847.131 Safari/537.36', '/jeesiteh/a/sys/menu/form', 'GET', 0x69643D3239, '');
INSERT INTO `sys_log` VALUES ('ac844b7a58c2414dbda2e7b24b782db4', '1', '--', '1', '2016-11-09 09:15:50', '0:0:0:0:0:0:0:1', 'Mozilla/5.0 (Windows NT 6.1; WOW64) AppleWebKit/537.36 (KHTML, like Gecko) Chrome/34.0.1847.131 Safari/537.36', '/jeesiteh/a/oa/leave', 'GET', '', '');
INSERT INTO `sys_log` VALUES ('af752185f92a4e579247f498a92c2549', '1', '-', '1', '2016-11-08 16:32:12', '0:0:0:0:0:0:0:1', 'Mozilla/5.0 (Windows NT 6.1; WOW64) AppleWebKit/537.36 (KHTML, like Gecko) Chrome/34.0.1847.131 Safari/537.36', '/jeesiteh/a/cms/none', 'GET', '', '');
INSERT INTO `sys_log` VALUES ('b021a892b9db4b68aafe802ac4aa131a', '1', '-', '1', '2016-11-09 09:15:36', '0:0:0:0:0:0:0:1', 'Mozilla/5.0 (Windows NT 6.1; WOW64) AppleWebKit/537.36 (KHTML, like Gecko) Chrome/34.0.1847.131 Safari/537.36', '/jeesiteh/a/cms/tree', 'GET', '', '');
INSERT INTO `sys_log` VALUES ('b1de4fc51ed14cc9bcb70787162daae5', '1', '--', '1', '2016-11-09 10:55:59', '0:0:0:0:0:0:0:1', 'Mozilla/5.0 (Windows NT 6.1; WOW64) AppleWebKit/537.36 (KHTML, like Gecko) Chrome/34.0.1847.131 Safari/537.36', '/jeesiteh/a/oa/oaNotify/self', 'GET', '', '');
INSERT INTO `sys_log` VALUES ('b2b9cebe70ba4e449a3d6460152d4cd2', '1', '--', '1', '2016-11-08 15:42:27', '0:0:0:0:0:0:0:1', 'Mozilla/5.0 (Windows NT 6.1; WOW64) AppleWebKit/537.36 (KHTML, like Gecko) Chrome/34.0.1847.131 Safari/537.36', '/jeesiteh/a/sys/user/index', 'GET', '', '');
INSERT INTO `sys_log` VALUES ('b6cce1fab93e4075b3867ee27ba4056b', '1', '--', '1', '2016-11-09 09:15:30', '0:0:0:0:0:0:0:1', 'Mozilla/5.0 (Windows NT 6.1; WOW64) AppleWebKit/537.36 (KHTML, like Gecko) Chrome/34.0.1847.131 Safari/537.36', '/jeesiteh/a/cms/', 'GET', '', '');
INSERT INTO `sys_log` VALUES ('b7f99321b24a4a6a95b164a82d8cb6ad', '1', '--', '1', '2016-11-09 16:28:31', '0:0:0:0:0:0:0:1', 'Mozilla/5.0 (Windows NT 6.1; WOW64) AppleWebKit/537.36 (KHTML, like Gecko) Chrome/34.0.1847.131 Safari/537.36', '/jeesiteh/a/sys/menu/', 'GET', '', '');
INSERT INTO `sys_log` VALUES ('b87dc37948754c3db118421f797d1a10', '1', '--', '1', '2016-11-09 16:26:32', '0:0:0:0:0:0:0:1', 'Mozilla/5.0 (Windows NT 6.1; WOW64) AppleWebKit/537.36 (KHTML, like Gecko) Chrome/34.0.1847.131 Safari/537.36', '/jeesiteh/a/sys/user/index', 'GET', '', '');
INSERT INTO `sys_log` VALUES ('b960b64f7dbc413ab655705876865c3c', '1', '--', '1', '2016-11-08 15:41:33', '0:0:0:0:0:0:0:1', 'Mozilla/5.0 (Windows NT 6.1; WOW64) AppleWebKit/537.36 (KHTML, like Gecko) Chrome/34.0.1847.131 Safari/537.36', '/jeesiteh/a/gen/genTable', 'GET', '', '');
INSERT INTO `sys_log` VALUES ('bd4b6373a2fe43e28f50279e25f86879', '1', '--', '1', '2016-11-09 16:14:51', '0:0:0:0:0:0:0:1', 'Mozilla/5.0 (Windows NT 6.1; WOW64) AppleWebKit/537.36 (KHTML, like Gecko) Chrome/34.0.1847.131 Safari/537.36', '/jeesiteh/a/act/task/todo/', 'GET', '', '');
INSERT INTO `sys_log` VALUES ('bde0d0e12b144514832fcf9d15027212', '1', '', '1', '2016-11-09 16:08:26', '0:0:0:0:0:0:0:1', 'Mozilla/5.0 (Windows NT 6.1; WOW64) AppleWebKit/537.36 (KHTML, like Gecko) Chrome/34.0.1847.131 Safari/537.36', '/jeesiteh/a', 'GET', 0x6C6F67696E3D, '');
INSERT INTO `sys_log` VALUES ('be7d373efaa44a3391bb0a56314ae68c', '1', '--', '1', '2016-11-09 09:14:23', '0:0:0:0:0:0:0:1', 'Mozilla/5.0 (Windows NT 6.1; WOW64) AppleWebKit/537.36 (KHTML, like Gecko) Chrome/34.0.1847.131 Safari/537.36', '/jeesiteh/a/sys/user/index', 'GET', '', '');
INSERT INTO `sys_log` VALUES ('c1c1e3ca07df49a6a29d5c4d1c91fde4', '1', '--', '1', '2016-11-09 16:14:39', '0:0:0:0:0:0:0:1', 'Mozilla/5.0 (Windows NT 6.1; WOW64) AppleWebKit/537.36 (KHTML, like Gecko) Chrome/34.0.1847.131 Safari/537.36', '/jeesiteh/a/oa/testAudit', 'GET', '', '');
INSERT INTO `sys_log` VALUES ('c30027d293a54952b04f517e1ca6fb39', '1', '---', '1', '2016-11-09 09:15:15', '0:0:0:0:0:0:0:1', 'Mozilla/5.0 (Windows NT 6.1; WOW64) AppleWebKit/537.36 (KHTML, like Gecko) Chrome/34.0.1847.131 Safari/537.36', '/jeesiteh/a/sys/menu/save', 'POST', 0x69643D323326706172656E742E69643D3226706172656E742E6E616D653DE7B3BBE7BB9FE8AEBEE7BDAE266E616D653DE585B3E4BA8EE5B8AEE58AA926687265663D267461726765743D2669636F6E3D26736F72743D39393026697353686F773D31267065726D697373696F6E3D2672656D61726B733D, '');
INSERT INTO `sys_log` VALUES ('c4900d3346cb4c12a57c24090502466d', '1', '--', '1', '2016-11-08 15:41:26', '0:0:0:0:0:0:0:1', 'Mozilla/5.0 (Windows NT 6.1; WOW64) AppleWebKit/537.36 (KHTML, like Gecko) Chrome/34.0.1847.131 Safari/537.36', '/jeesiteh/a/sys/user/index', 'GET', '', '');
INSERT INTO `sys_log` VALUES ('c4eba458f05d4f0a8f54b0a27dda8727', '1', '--', '1', '2016-11-08 15:33:39', '0:0:0:0:0:0:0:1', 'Mozilla/5.0 (Windows NT 6.1; WOW64) AppleWebKit/537.36 (KHTML, like Gecko) Chrome/34.0.1847.131 Safari/537.36', '/jeesiteh/a/act/process', 'GET', '', '');
INSERT INTO `sys_log` VALUES ('c9abd1cc8c784c24bf93614aa50144f6', '1', '---', '1', '2016-11-09 09:16:18', '0:0:0:0:0:0:0:1', 'Mozilla/5.0 (Windows NT 6.1; WOW64) AppleWebKit/537.36 (KHTML, like Gecko) Chrome/34.0.1847.131 Safari/537.36', '/jeesiteh/a/oa/leave/form', 'GET', '', '');
INSERT INTO `sys_log` VALUES ('c9da4c38f74c45ebb21ac9310ed80fd7', '1', '---', '1', '2016-11-08 15:40:52', '0:0:0:0:0:0:0:1', 'Mozilla/5.0 (Windows NT 6.1; WOW64) AppleWebKit/537.36 (KHTML, like Gecko) Chrome/34.0.1847.131 Safari/537.36', '/jeesiteh/a/cms/category/form', 'GET', 0x706172656E742E69643D35, '');
INSERT INTO `sys_log` VALUES ('ca18f2a9968b40ae8aa63a96215b15d9', '1', '---', '1', '2016-11-09 16:13:54', '0:0:0:0:0:0:0:1', 'Mozilla/5.0 (Windows NT 6.1; WOW64) AppleWebKit/537.36 (KHTML, like Gecko) Chrome/34.0.1847.131 Safari/537.36', '/jeesiteh/a/oa/leave/form', 'GET', '', '');
INSERT INTO `sys_log` VALUES ('cb34da441df74a1ebdd3a790da20a8d5', '1', '---', '1', '2016-11-09 10:55:47', '0:0:0:0:0:0:0:1', 'Mozilla/5.0 (Windows NT 6.1; WOW64) AppleWebKit/537.36 (KHTML, like Gecko) Chrome/34.0.1847.131 Safari/537.36', '/jeesiteh/a/sys/dict/form', 'GET', 0x69643D3732, '');
INSERT INTO `sys_log` VALUES ('cef981b8d838472e80426b4bc327d383', '1', '---', '1', '2016-11-09 09:14:24', '0:0:0:0:0:0:0:1', 'Mozilla/5.0 (Windows NT 6.1; WOW64) AppleWebKit/537.36 (KHTML, like Gecko) Chrome/34.0.1847.131 Safari/537.36', '/jeesiteh/a/sys/office/list', 'GET', 0x69643D26706172656E744964733D, '');
INSERT INTO `sys_log` VALUES ('cf7ff00e77f34bc78e25a6cab6cc3388', '1', '---', '1', '2016-11-09 09:16:18', '0:0:0:0:0:0:0:1', 'Mozilla/5.0 (Windows NT 6.1; WOW64) AppleWebKit/537.36 (KHTML, like Gecko) Chrome/34.0.1847.131 Safari/537.36', '/jeesiteh/a/oa/leave/save', 'POST', 0x69643D266C65617665547970653D3426737461727454696D653D323031362D31312D30392030393A31353A353626656E6454696D653D323031362D31312D32352030393A31353A353826726561736F6E3DE8BAABE4BD93E4B88DE88892E69C8DEFBC8CE4BC91E681AF, '');
INSERT INTO `sys_log` VALUES ('d9c3c98e2dd24e689320301e38ef7c87', '1', '---', '1', '2016-11-08 15:40:37', '0:0:0:0:0:0:0:1', 'Mozilla/5.0 (Windows NT 6.1; WOW64) AppleWebKit/537.36 (KHTML, like Gecko) Chrome/34.0.1847.131 Safari/537.36', '/jeesiteh/a/cms/article/', 'GET', 0x63617465676F72792E69643D35, '');
INSERT INTO `sys_log` VALUES ('dc6fe1d6d8cd451f8380a2ac9a104860', '1', '---', '1', '2016-11-08 15:40:39', '0:0:0:0:0:0:0:1', 'Mozilla/5.0 (Windows NT 6.1; WOW64) AppleWebKit/537.36 (KHTML, like Gecko) Chrome/34.0.1847.131 Safari/537.36', '/jeesiteh/a/cms/guestbook/', 'GET', 0x7374617475733D32, '');
INSERT INTO `sys_log` VALUES ('dcf77e10ad22402380c9ae4dc6c0396e', '1', '---', '1', '2016-11-09 16:27:07', '0:0:0:0:0:0:0:1', 'Mozilla/5.0 (Windows NT 6.1; WOW64) AppleWebKit/537.36 (KHTML, like Gecko) Chrome/34.0.1847.131 Safari/537.36', '/jeesiteh/a/sys/role/usertorole', 'POST', 0x69643D32265F5F5F74302E31373334343931333134323733333237363D, '');
INSERT INTO `sys_log` VALUES ('de7826b671e84d249faf272aeb2af88e', '1', '--', '1', '2016-11-09 16:56:35', '0:0:0:0:0:0:0:1', 'Mozilla/5.0 (Windows NT 6.1; WOW64) AppleWebKit/537.36 (KHTML, like Gecko) Chrome/34.0.1847.131 Safari/537.36', '/jeesiteh/a/oa/oaNotify/self', 'GET', '', '');
INSERT INTO `sys_log` VALUES ('e200cf295d994f30af64cf6bb78150b4', '1', '--', '1', '2016-11-08 15:42:22', '0:0:0:0:0:0:0:1', 'Mozilla/5.0 (Windows NT 6.1; WOW64) AppleWebKit/537.36 (KHTML, like Gecko) Chrome/34.0.1847.131 Safari/537.36', '/jeesiteh/a/oa/testAudit', 'GET', '', '');
INSERT INTO `sys_log` VALUES ('e27c9aac703f42ff95c13c6d313a758b', '1', '---', '1', '2016-11-09 16:27:34', '0:0:0:0:0:0:0:1', 'Mozilla/5.0 (Windows NT 6.1; WOW64) AppleWebKit/537.36 (KHTML, like Gecko) Chrome/34.0.1847.131 Safari/537.36', '/jeesiteh/a/sys/role/users', 'GET', 0x6F666669636549643D33, '');
INSERT INTO `sys_log` VALUES ('e3bfdb1f74614ab4b97a3815b416e303', '1', '--', '1', '2016-11-08 15:33:51', '0:0:0:0:0:0:0:1', 'Mozilla/5.0 (Windows NT 6.1; WOW64) AppleWebKit/537.36 (KHTML, like Gecko) Chrome/34.0.1847.131 Safari/537.36', '/jeesiteh/a/act/model', 'GET', '', '');
INSERT INTO `sys_log` VALUES ('e57c0b04f22844b9af8aba131e358346', '1', '--', '1', '2016-11-09 10:54:44', '0:0:0:0:0:0:0:1', 'Mozilla/5.0 (Windows NT 6.1; WOW64) AppleWebKit/537.36 (KHTML, like Gecko) Chrome/34.0.1847.131 Safari/537.36', '/jeesiteh/a/sys/dict/', 'POST', 0x706167654E6F3D31267061676553697A653D333026747970653D6163745F63617465676F7279266465736372697074696F6E3D, '');
INSERT INTO `sys_log` VALUES ('e7693c52278c4e61a7527fdb4d2b7787', '1', '---', '1', '2016-11-09 09:15:12', '0:0:0:0:0:0:0:1', 'Mozilla/5.0 (Windows NT 6.1; WOW64) AppleWebKit/537.36 (KHTML, like Gecko) Chrome/34.0.1847.131 Safari/537.36', '/jeesiteh/a/sys/menu/form', 'GET', 0x69643D3233, '');
INSERT INTO `sys_log` VALUES ('ed9f316307f84fcba078313836849d64', '1', '---', '1', '2016-11-09 16:14:15', '0:0:0:0:0:0:0:1', 'Mozilla/5.0 (Windows NT 6.1; WOW64) AppleWebKit/537.36 (KHTML, like Gecko) Chrome/34.0.1847.131 Safari/537.36', '/jeesiteh/a/oa/leave/form', 'GET', '', '');
INSERT INTO `sys_log` VALUES ('ee5925e5906d4401aa95443a97ce9ccd', '1', '--', '1', '2016-11-09 09:12:22', '0:0:0:0:0:0:0:1', 'Mozilla/5.0 (Windows NT 6.1; WOW64) AppleWebKit/537.36 (KHTML, like Gecko) Chrome/34.0.1847.131 Safari/537.36', '/jeesiteh/a/oa/oaNotify/self', 'GET', '', '');
INSERT INTO `sys_log` VALUES ('ef0b2f09ffea443a943013d8a29fb29c', '1', '--', '1', '2016-11-09 10:55:11', '0:0:0:0:0:0:0:1', 'Mozilla/5.0 (Windows NT 6.1; WOW64) AppleWebKit/537.36 (KHTML, like Gecko) Chrome/34.0.1847.131 Safari/537.36', '/jeesiteh/a/oa/oaNotify/self', 'GET', '', '');
INSERT INTO `sys_log` VALUES ('eff35a16068f4c38acb52c0a88564e54', '1', '--', '1', '2016-11-09 09:12:16', '0:0:0:0:0:0:0:1', 'Mozilla/5.0 (Windows NT 6.1; WOW64) AppleWebKit/537.36 (KHTML, like Gecko) Chrome/34.0.1847.131 Safari/537.36', '/jeesiteh/a/sys/user/info', 'GET', '', '');
INSERT INTO `sys_log` VALUES ('f0177004ce9d46caa41710f91462398a', '1', '--', '1', '2016-11-08 16:32:15', '0:0:0:0:0:0:0:1', 'Mozilla/5.0 (Windows NT 6.1; WOW64) AppleWebKit/537.36 (KHTML, like Gecko) Chrome/34.0.1847.131 Safari/537.36', '/jeesiteh/a/act/process', 'GET', '', '');
INSERT INTO `sys_log` VALUES ('f023ba02dee8402c9df509f71abb56a6', '1', '', '1', '2016-11-08 15:40:32', '0:0:0:0:0:0:0:1', 'Mozilla/5.0 (Windows NT 6.1; WOW64) AppleWebKit/537.36 (KHTML, like Gecko) Chrome/34.0.1847.131 Safari/537.36', '/jeesiteh/a/sys/menu/tree', 'GET', 0x706172656E7449643D3331, '');
INSERT INTO `sys_log` VALUES ('f2f12e1c344a442d8f2170df56561554', '1', '--', '1', '2016-11-09 16:56:38', '0:0:0:0:0:0:0:1', 'Mozilla/5.0 (Windows NT 6.1; WOW64) AppleWebKit/537.36 (KHTML, like Gecko) Chrome/34.0.1847.131 Safari/537.36', '/jeesiteh/a/oa/testAudit', 'GET', '', '');
INSERT INTO `sys_log` VALUES ('f4a636edaf1545c782cb4450cff5ef9e', '1', '--', '1', '2016-11-09 16:15:11', '0:0:0:0:0:0:0:1', 'Mozilla/5.0 (Windows NT 6.1; WOW64) AppleWebKit/537.36 (KHTML, like Gecko) Chrome/34.0.1847.131 Safari/537.36', '/jeesiteh/a/oa/leave', 'GET', '', '');
INSERT INTO `sys_log` VALUES ('f6e3ad8dae624f88b8890c6778ead881', '1', '--', '1', '2016-11-09 10:56:52', '0:0:0:0:0:0:0:1', 'Mozilla/5.0 (Windows NT 6.1; WOW64) AppleWebKit/537.36 (KHTML, like Gecko) Chrome/34.0.1847.131 Safari/537.36', '/jeesiteh/a/act/process', 'GET', '', '');
INSERT INTO `sys_log` VALUES ('f7453da9f5de431fbd0e00929845155e', '1', '--', '1', '2016-11-08 15:42:22', '0:0:0:0:0:0:0:1', 'Mozilla/5.0 (Windows NT 6.1; WOW64) AppleWebKit/537.36 (KHTML, like Gecko) Chrome/34.0.1847.131 Safari/537.36', '/jeesiteh/a/act/task/todo/', 'GET', '', '');
INSERT INTO `sys_log` VALUES ('f82307b5afac4a68bd9b1648ed2c0dc7', '1', '--', '1', '2016-11-09 10:55:22', '0:0:0:0:0:0:0:1', 'Mozilla/5.0 (Windows NT 6.1; WOW64) AppleWebKit/537.36 (KHTML, like Gecko) Chrome/34.0.1847.131 Safari/537.36', '/jeesiteh/a/sys/user/index', 'GET', '', '');
INSERT INTO `sys_log` VALUES ('f8b88290cee94d84b2951f0b4761e1dd', '1', '--', '1', '2016-11-08 16:32:12', '0:0:0:0:0:0:0:1', 'Mozilla/5.0 (Windows NT 6.1; WOW64) AppleWebKit/537.36 (KHTML, like Gecko) Chrome/34.0.1847.131 Safari/537.36', '/jeesiteh/a/cms/', 'GET', '', '');
INSERT INTO `sys_log` VALUES ('f97b1a2a69f0485695f81df27fbc55db', '1', '--', '1', '2016-11-09 09:15:15', '0:0:0:0:0:0:0:1', 'Mozilla/5.0 (Windows NT 6.1; WOW64) AppleWebKit/537.36 (KHTML, like Gecko) Chrome/34.0.1847.131 Safari/537.36', '/jeesiteh/a/sys/menu/', 'GET', '', '');
INSERT INTO `sys_log` VALUES ('fa975d06081647c0b7b54b8f70d5edfb', '1', '--', '1', '2016-11-08 16:32:24', '0:0:0:0:0:0:0:1', 'Mozilla/5.0 (Windows NT 6.1; WOW64) AppleWebKit/537.36 (KHTML, like Gecko) Chrome/34.0.1847.131 Safari/537.36', '/jeesiteh/a/act/model', 'GET', '', '');
INSERT INTO `sys_log` VALUES ('fd60bb1b339e41d180d68714f61c548c', '1', '---', '1', '2016-11-09 10:55:01', '0:0:0:0:0:0:0:1', 'Mozilla/5.0 (Windows NT 6.1; WOW64) AppleWebKit/537.36 (KHTML, like Gecko) Chrome/34.0.1847.131 Safari/537.36', '/jeesiteh/a/sys/dict/form', 'GET', 0x69643D3639, '');
INSERT INTO `sys_log` VALUES ('ff036856947544b9872a146c37ffedeb', '1', '', '1', '2016-11-09 16:26:32', '0:0:0:0:0:0:0:1', 'Mozilla/5.0 (Windows NT 6.1; WOW64) AppleWebKit/537.36 (KHTML, like Gecko) Chrome/34.0.1847.131 Safari/537.36', '/jeesiteh/a/sys/menu/tree', 'GET', 0x706172656E7449643D32, '');

-- ----------------------------
-- Table structure for `sys_mdict`
-- ----------------------------
DROP TABLE IF EXISTS `sys_mdict`;
CREATE TABLE `sys_mdict` (
  `id` varchar(64) COLLATE utf8_bin NOT NULL COMMENT '',
  `parent_id` varchar(64) COLLATE utf8_bin NOT NULL COMMENT '',
  `parent_ids` varchar(2000) COLLATE utf8_bin NOT NULL COMMENT '',
  `name` varchar(100) COLLATE utf8_bin NOT NULL COMMENT '',
  `sort` decimal(10,0) NOT NULL COMMENT '',
  `description` varchar(100) COLLATE utf8_bin DEFAULT NULL COMMENT '',
  `create_by` varchar(64) COLLATE utf8_bin NOT NULL COMMENT '',
  `create_date` datetime NOT NULL COMMENT '',
  `update_by` varchar(64) COLLATE utf8_bin NOT NULL COMMENT '',
  `update_date` datetime NOT NULL COMMENT '',
  `remarks` varchar(255) COLLATE utf8_bin DEFAULT NULL COMMENT '',
  `del_flag` char(1) COLLATE utf8_bin NOT NULL DEFAULT '0' COMMENT '',
  PRIMARY KEY (`id`),
  KEY `sys_mdict_parent_id` (`parent_id`),
  KEY `sys_mdict_del_flag` (`del_flag`)
) ENGINE=InnoDB DEFAULT CHARSET=utf8 COLLATE=utf8_bin COMMENT='';

-- ----------------------------
-- Records of sys_mdict
-- ----------------------------

-- ----------------------------
-- Table structure for `sys_menu`
-- ----------------------------
DROP TABLE IF EXISTS `sys_menu`;
CREATE TABLE `sys_menu` (
  `id` varchar(64) COLLATE utf8_bin NOT NULL COMMENT '',
  `parent_id` varchar(64) COLLATE utf8_bin NOT NULL COMMENT '',
  `parent_ids` varchar(2000) COLLATE utf8_bin NOT NULL COMMENT '',
  `name` varchar(100) COLLATE utf8_bin NOT NULL COMMENT '',
  `sort` decimal(10,0) NOT NULL COMMENT '',
  `href` varchar(2000) COLLATE utf8_bin DEFAULT NULL COMMENT '',
  `target` varchar(20) COLLATE utf8_bin DEFAULT NULL COMMENT '',
  `icon` varchar(100) COLLATE utf8_bin DEFAULT NULL COMMENT '',
  `is_show` char(1) COLLATE utf8_bin NOT NULL COMMENT '',
  `permission` varchar(200) COLLATE utf8_bin DEFAULT NULL COMMENT '',
  `create_by` varchar(64) COLLATE utf8_bin NOT NULL COMMENT '',
  `create_date` datetime NOT NULL COMMENT '',
  `update_by` varchar(64) COLLATE utf8_bin NOT NULL COMMENT '',
  `update_date` datetime NOT NULL COMMENT '',
  `remarks` varchar(255) COLLATE utf8_bin DEFAULT NULL COMMENT '',
  `del_flag` char(1) COLLATE utf8_bin NOT NULL DEFAULT '0' COMMENT '',
  PRIMARY KEY (`id`),
  KEY `sys_menu_parent_id` (`parent_id`),
  KEY `sys_menu_del_flag` (`del_flag`)
) ENGINE=InnoDB DEFAULT CHARSET=utf8 COLLATE=utf8_bin COMMENT='';

-- ----------------------------
-- Records of sys_menu
-- ----------------------------
INSERT INTO `sys_menu` VALUES ('0b2ebd4d639e4c2b83c2dd0764522f24', 'ba8092291b40482db8fe7fc006ea3d76', '0,1,79,3c92c17886944d0687e73e286cada573,ba8092291b40482db8fe7fc006ea3d76,', '', '60', '', '', '', '0', 'test:testData:edit', '1', '2013-08-12 13:10:05', '1', '2013-08-12 13:10:05', '', '0');
INSERT INTO `sys_menu` VALUES ('0ca004d6b1bf4bcab9670a5060d82a55', '3c92c17886944d0687e73e286cada573', '0,1,79,3c92c17886944d0687e73e286cada573,', '', '90', '/test/testTree', '', '', '1', '', '1', '2013-08-12 13:10:05', '1', '2013-08-12 13:10:05', '', '0');
INSERT INTO `sys_menu` VALUES ('1', '0', '0,', '', '0', null, null, null, '1', null, '1', '2013-05-27 08:00:00', '1', '2013-05-27 08:00:00', null, '0');
INSERT INTO `sys_menu` VALUES ('10', '3', '0,1,2,3,', '', '60', '/sys/dict/', null, 'th-list', '1', null, '1', '2013-05-27 08:00:00', '1', '2013-05-27 08:00:00', null, '0');
INSERT INTO `sys_menu` VALUES ('11', '10', '0,1,2,3,10,', '', '30', null, null, null, '0', 'sys:dict:view', '1', '2013-05-27 08:00:00', '1', '2013-05-27 08:00:00', null, '0');
INSERT INTO `sys_menu` VALUES ('12', '10', '0,1,2,3,10,', '', '40', null, null, null, '0', 'sys:dict:edit', '1', '2013-05-27 08:00:00', '1', '2013-05-27 08:00:00', null, '0');
INSERT INTO `sys_menu` VALUES ('13', '2', '0,1,2,', '', '970', null, null, null, '1', null, '1', '2013-05-27 08:00:00', '1', '2013-05-27 08:00:00', null, '0');
INSERT INTO `sys_menu` VALUES ('14', '13', '0,1,2,13,', '', '50', '/sys/area/', null, 'th', '1', null, '1', '2013-05-27 08:00:00', '1', '2013-05-27 08:00:00', null, '0');
INSERT INTO `sys_menu` VALUES ('15', '14', '0,1,2,13,14,', '', '30', null, null, null, '0', 'sys:area:view', '1', '2013-05-27 08:00:00', '1', '2013-05-27 08:00:00', null, '0');
INSERT INTO `sys_menu` VALUES ('16', '14', '0,1,2,13,14,', '', '40', null, null, null, '0', 'sys:area:edit', '1', '2013-05-27 08:00:00', '1', '2013-05-27 08:00:00', null, '0');
INSERT INTO `sys_menu` VALUES ('17', '13', '0,1,2,13,', '', '40', '/sys/office/', null, 'th-large', '1', null, '1', '2013-05-27 08:00:00', '1', '2013-05-27 08:00:00', null, '0');
INSERT INTO `sys_menu` VALUES ('18', '17', '0,1,2,13,17,', '', '30', null, null, null, '0', 'sys:office:view', '1', '2013-05-27 08:00:00', '1', '2013-05-27 08:00:00', null, '0');
INSERT INTO `sys_menu` VALUES ('19', '17', '0,1,2,13,17,', '', '40', null, null, null, '0', 'sys:office:edit', '1', '2013-05-27 08:00:00', '1', '2013-05-27 08:00:00', null, '0');
INSERT INTO `sys_menu` VALUES ('2', '1', '0,1,', '', '900', null, null, null, '1', null, '1', '2013-05-27 08:00:00', '1', '2013-05-27 08:00:00', null, '0');
INSERT INTO `sys_menu` VALUES ('20', '13', '0,1,2,13,', '', '30', '/sys/user/index', null, 'user', '1', null, '1', '2013-05-27 08:00:00', '1', '2013-05-27 08:00:00', null, '0');
INSERT INTO `sys_menu` VALUES ('21', '20', '0,1,2,13,20,', '', '30', null, null, null, '0', 'sys:user:view', '1', '2013-05-27 08:00:00', '1', '2013-05-27 08:00:00', null, '0');
INSERT INTO `sys_menu` VALUES ('22', '20', '0,1,2,13,20,', '', '40', null, null, null, '0', 'sys:user:edit', '1', '2013-05-27 08:00:00', '1', '2013-05-27 08:00:00', null, '0');
INSERT INTO `sys_menu` VALUES ('23', '2', '0,1,2,', '', '990', '', '', '', '1', '', '1', '2013-05-27 08:00:00', '1', '2016-11-09 09:15:15', '', '0');
INSERT INTO `sys_menu` VALUES ('24', '23', '0,1,2,23,', '', '30', 'http://jeesite.com', '_blank', '', '1', '', '1', '2013-05-27 08:00:00', '1', '2016-11-09 09:15:23', '', '0');
INSERT INTO `sys_menu` VALUES ('25', '23', '0,1,2,23', '', '50', 'http://jeesite.com/donation.html', '_blank', null, '0', null, '1', '2013-05-27 08:00:00', '1', '2013-05-27 08:00:00', null, '1');
INSERT INTO `sys_menu` VALUES ('26', '23', '0,1,2,23', '', '80', 'http://bbs.jeesite.com', '_blank', null, '0', null, '1', '2013-05-27 08:00:00', '1', '2013-05-27 08:00:00', null, '1');
INSERT INTO `sys_menu` VALUES ('27', '1', '0,1,', '', '100', null, null, null, '1', null, '1', '2013-05-27 08:00:00', '1', '2013-05-27 08:00:00', null, '0');
INSERT INTO `sys_menu` VALUES ('28', '27', '0,1,27,', '', '30', null, null, null, '1', null, '1', '2013-05-27 08:00:00', '1', '2013-05-27 08:00:00', null, '0');
INSERT INTO `sys_menu` VALUES ('29', '28', '0,1,27,28,', '', '30', '/sys/user/info', null, 'user', '1', null, '1', '2013-05-27 08:00:00', '1', '2013-05-27 08:00:00', null, '0');
INSERT INTO `sys_menu` VALUES ('3', '2', '0,1,2,', '', '980', null, null, null, '1', null, '1', '2013-05-27 08:00:00', '1', '2013-05-27 08:00:00', null, '0');
INSERT INTO `sys_menu` VALUES ('30', '28', '0,1,27,28,', '', '40', '/sys/user/modifyPwd', null, 'lock', '1', null, '1', '2013-05-27 08:00:00', '1', '2013-05-27 08:00:00', null, '0');
INSERT INTO `sys_menu` VALUES ('31', '1', '0,1,', '', '500', null, null, null, '1', null, '1', '2013-05-27 08:00:00', '1', '2013-05-27 08:00:00', null, '0');
INSERT INTO `sys_menu` VALUES ('32', '31', '0,1,31,', '', '990', null, null, null, '1', null, '1', '2013-05-27 08:00:00', '1', '2013-05-27 08:00:00', null, '0');
INSERT INTO `sys_menu` VALUES ('33', '32', '0,1,31,32', '', '30', '/cms/category/', null, 'align-justify', '1', null, '1', '2013-05-27 08:00:00', '1', '2013-05-27 08:00:00', null, '0');
INSERT INTO `sys_menu` VALUES ('34', '33', '0,1,31,32,33,', '', '30', null, null, null, '0', 'cms:category:view', '1', '2013-05-27 08:00:00', '1', '2013-05-27 08:00:00', null, '0');
INSERT INTO `sys_menu` VALUES ('35', '33', '0,1,31,32,33,', '', '40', null, null, null, '0', 'cms:category:edit', '1', '2013-05-27 08:00:00', '1', '2013-05-27 08:00:00', null, '0');
INSERT INTO `sys_menu` VALUES ('36', '32', '0,1,31,32', '', '40', '/cms/site/', null, 'certificate', '1', null, '1', '2013-05-27 08:00:00', '1', '2013-05-27 08:00:00', null, '0');
INSERT INTO `sys_menu` VALUES ('37', '36', '0,1,31,32,36,', '', '30', null, null, null, '0', 'cms:site:view', '1', '2013-05-27 08:00:00', '1', '2013-05-27 08:00:00', null, '0');
INSERT INTO `sys_menu` VALUES ('38', '36', '0,1,31,32,36,', '', '40', null, null, null, '0', 'cms:site:edit', '1', '2013-05-27 08:00:00', '1', '2013-05-27 08:00:00', null, '0');
INSERT INTO `sys_menu` VALUES ('39', '32', '0,1,31,32', '', '50', '/cms/site/select', null, 'retweet', '1', 'cms:site:select', '1', '2013-05-27 08:00:00', '1', '2013-05-27 08:00:00', null, '0');
INSERT INTO `sys_menu` VALUES ('3c92c17886944d0687e73e286cada573', '79', '0,1,79,', '', '120', '', '', '', '1', '', '1', '2013-08-12 13:10:05', '1', '2013-08-12 13:10:05', '', '0');
INSERT INTO `sys_menu` VALUES ('4', '3', '0,1,2,3,', '', '30', '/sys/menu/', null, 'list-alt', '1', null, '1', '2013-05-27 08:00:00', '1', '2013-05-27 08:00:00', null, '0');
INSERT INTO `sys_menu` VALUES ('40', '31', '0,1,31,', '', '500', null, null, null, '1', 'cms:view', '1', '2013-05-27 08:00:00', '1', '2013-05-27 08:00:00', null, '0');
INSERT INTO `sys_menu` VALUES ('41', '40', '0,1,31,40,', '', '30', '/cms/', null, 'briefcase', '1', null, '1', '2013-05-27 08:00:00', '1', '2013-05-27 08:00:00', null, '0');
INSERT INTO `sys_menu` VALUES ('42', '41', '0,1,31,40,41,', '', '40', '/cms/article/', null, 'file', '0', null, '1', '2013-05-27 08:00:00', '1', '2013-05-27 08:00:00', null, '0');
INSERT INTO `sys_menu` VALUES ('43', '42', '0,1,31,40,41,42,', '', '30', null, null, null, '0', 'cms:article:view', '1', '2013-05-27 08:00:00', '1', '2013-05-27 08:00:00', null, '0');
INSERT INTO `sys_menu` VALUES ('44', '42', '0,1,31,40,41,42,', '', '40', null, null, null, '0', 'cms:article:edit', '1', '2013-05-27 08:00:00', '1', '2013-05-27 08:00:00', null, '0');
INSERT INTO `sys_menu` VALUES ('45', '42', '0,1,31,40,41,42,', '', '50', null, null, null, '0', 'cms:article:audit', '1', '2013-05-27 08:00:00', '1', '2013-05-27 08:00:00', null, '0');
INSERT INTO `sys_menu` VALUES ('46', '41', '0,1,31,40,41,', '', '60', '/cms/link/', null, 'random', '0', null, '1', '2013-05-27 08:00:00', '1', '2013-05-27 08:00:00', null, '0');
INSERT INTO `sys_menu` VALUES ('47', '46', '0,1,31,40,41,46,', '', '30', null, null, null, '0', 'cms:link:view', '1', '2013-05-27 08:00:00', '1', '2013-05-27 08:00:00', null, '0');
INSERT INTO `sys_menu` VALUES ('48', '46', '0,1,31,40,41,46,', '', '40', null, null, null, '0', 'cms:link:edit', '1', '2013-05-27 08:00:00', '1', '2013-05-27 08:00:00', null, '0');
INSERT INTO `sys_menu` VALUES ('4855cf3b25c244fb8500a380db189d97', 'b1f6d1b86ba24365bae7fd86c5082317', '0,1,79,3c92c17886944d0687e73e286cada573,b1f6d1b86ba24365bae7fd86c5082317,', '', '30', '', '', '', '0', 'test:testDataMain:view', '1', '2013-08-12 13:10:05', '1', '2013-08-12 13:10:05', '', '0');
INSERT INTO `sys_menu` VALUES ('49', '46', '0,1,31,40,41,46,', '', '50', null, null, null, '0', 'cms:link:audit', '1', '2013-05-27 08:00:00', '1', '2013-05-27 08:00:00', null, '0');
INSERT INTO `sys_menu` VALUES ('5', '4', '0,1,2,3,4,', '', '30', null, null, null, '0', 'sys:menu:view', '1', '2013-05-27 08:00:00', '1', '2013-05-27 08:00:00', null, '0');
INSERT INTO `sys_menu` VALUES ('50', '40', '0,1,31,40,', '', '40', '/cms/comment/?status=2', null, 'comment', '1', null, '1', '2013-05-27 08:00:00', '1', '2013-05-27 08:00:00', null, '0');
INSERT INTO `sys_menu` VALUES ('51', '50', '0,1,31,40,50,', '', '30', null, null, null, '0', 'cms:comment:view', '1', '2013-05-27 08:00:00', '1', '2013-05-27 08:00:00', null, '0');
INSERT INTO `sys_menu` VALUES ('52', '50', '0,1,31,40,50,', '', '40', null, null, null, '0', 'cms:comment:edit', '1', '2013-05-27 08:00:00', '1', '2013-05-27 08:00:00', null, '0');
INSERT INTO `sys_menu` VALUES ('53', '40', '0,1,31,40,', '', '80', '/cms/guestbook/?status=2', null, 'glass', '1', null, '1', '2013-05-27 08:00:00', '1', '2013-05-27 08:00:00', null, '0');
INSERT INTO `sys_menu` VALUES ('54', '53', '0,1,31,40,53,', '', '30', null, null, null, '0', 'cms:guestbook:view', '1', '2013-05-27 08:00:00', '1', '2013-05-27 08:00:00', null, '0');
INSERT INTO `sys_menu` VALUES ('55', '53', '0,1,31,40,53,', '', '40', null, null, null, '0', 'cms:guestbook:edit', '1', '2013-05-27 08:00:00', '1', '2013-05-27 08:00:00', null, '0');
INSERT INTO `sys_menu` VALUES ('56', '71', '0,1,27,71,', '', '90', '/../static/ckfinder/ckfinder.html', null, 'folder-open', '1', null, '1', '2013-05-27 08:00:00', '1', '2013-05-27 08:00:00', null, '0');
INSERT INTO `sys_menu` VALUES ('57', '56', '0,1,27,40,56,', '', '30', null, null, null, '0', 'cms:ckfinder:view', '1', '2013-05-27 08:00:00', '1', '2013-05-27 08:00:00', null, '0');
INSERT INTO `sys_menu` VALUES ('58', '56', '0,1,27,40,56,', '', '40', null, null, null, '0', 'cms:ckfinder:upload', '1', '2013-05-27 08:00:00', '1', '2013-05-27 08:00:00', null, '0');
INSERT INTO `sys_menu` VALUES ('59', '56', '0,1,27,40,56,', '', '50', null, null, null, '0', 'cms:ckfinder:edit', '1', '2013-05-27 08:00:00', '1', '2013-05-27 08:00:00', null, '0');
INSERT INTO `sys_menu` VALUES ('6', '4', '0,1,2,3,4,', '', '40', null, null, null, '0', 'sys:menu:edit', '1', '2013-05-27 08:00:00', '1', '2013-05-27 08:00:00', null, '0');
INSERT INTO `sys_menu` VALUES ('60', '31', '0,1,31,', '', '600', null, null, null, '1', null, '1', '2013-05-27 08:00:00', '1', '2013-05-27 08:00:00', null, '0');
INSERT INTO `sys_menu` VALUES ('61', '60', '0,1,31,60,', '', '30', '/cms/stats/article', null, 'tasks', '1', 'cms:stats:article', '1', '2013-05-27 08:00:00', '1', '2013-05-27 08:00:00', null, '0');
INSERT INTO `sys_menu` VALUES ('62', '1', '0,1,', '', '200', null, null, null, '1', null, '1', '2013-05-27 08:00:00', '1', '2013-05-27 08:00:00', null, '0');
INSERT INTO `sys_menu` VALUES ('63', '62', '0,1,62,', '', '30', null, null, null, '1', null, '1', '2013-05-27 08:00:00', '1', '2013-05-27 08:00:00', null, '0');
INSERT INTO `sys_menu` VALUES ('64', '63', '0,1,62,63,', '', '300', '/oa/leave', '', 'leaf', '1', '', '1', '2013-05-27 08:00:00', '1', '2016-11-09 09:14:45', '', '0');
INSERT INTO `sys_menu` VALUES ('65', '64', '0,1,62,63,64,', '', '30', null, null, null, '0', 'oa:leave:view', '1', '2013-05-27 08:00:00', '1', '2013-05-27 08:00:00', null, '0');
INSERT INTO `sys_menu` VALUES ('66', '64', '0,1,62,63,64,', '', '40', null, null, null, '0', 'oa:leave:edit', '1', '2013-05-27 08:00:00', '1', '2013-05-27 08:00:00', null, '0');
INSERT INTO `sys_menu` VALUES ('67', '2', '0,1,2,', '', '985', null, null, null, '1', null, '1', '2013-06-03 08:00:00', '1', '2013-06-03 08:00:00', null, '0');
INSERT INTO `sys_menu` VALUES ('68', '67', '0,1,2,67,', '', '30', '/sys/log', null, 'pencil', '1', 'sys:log:view', '1', '2013-06-03 08:00:00', '1', '2013-06-03 08:00:00', null, '0');
INSERT INTO `sys_menu` VALUES ('69', '62', '0,1,62,', '', '300', null, null, null, '1', null, '1', '2013-05-27 08:00:00', '1', '2013-05-27 08:00:00', null, '0');
INSERT INTO `sys_menu` VALUES ('7', '3', '0,1,2,3,', '', '50', '/sys/role/', null, 'lock', '1', null, '1', '2013-05-27 08:00:00', '1', '2013-05-27 08:00:00', null, '0');
INSERT INTO `sys_menu` VALUES ('70', '69', '0,1,62,69,', '', '50', '/act/process', null, 'road', '1', 'act:process:edit', '1', '2013-05-27 08:00:00', '1', '2013-05-27 08:00:00', null, '0');
INSERT INTO `sys_menu` VALUES ('71', '27', '0,1,27,', '', '90', null, null, null, '1', null, '1', '2013-05-27 08:00:00', '1', '2013-05-27 08:00:00', null, '0');
INSERT INTO `sys_menu` VALUES ('72', '69', '0,1,62,69,', '', '100', '/act/model', null, 'road', '1', 'act:model:edit', '1', '2013-09-20 08:00:00', '1', '2013-09-20 08:00:00', null, '0');
INSERT INTO `sys_menu` VALUES ('73', '63', '0,1,62,63,', '', '50', '/act/task/todo/', null, 'tasks', '1', null, '1', '2013-09-24 08:00:00', '1', '2013-09-24 08:00:00', null, '0');
INSERT INTO `sys_menu` VALUES ('74', '63', '0,1,62,63,', '', '100', '/oa/testAudit', null, null, '1', 'oa:testAudit:view,oa:testAudit:edit', '1', '2013-09-24 08:00:00', '1', '2013-09-24 08:00:00', null, '0');
INSERT INTO `sys_menu` VALUES ('75', '1', '0,1,', '', '3000', null, null, null, '1', null, '1', '2013-10-08 08:00:00', '1', '2013-10-08 08:00:00', null, '1');
INSERT INTO `sys_menu` VALUES ('79', '1', '0,1,', '', '5000', null, null, null, '1', null, '1', '2013-10-16 08:00:00', '1', '2013-10-16 08:00:00', null, '0');
INSERT INTO `sys_menu` VALUES ('8', '7', '0,1,2,3,7,', '', '30', null, null, null, '0', 'sys:role:view', '1', '2013-05-27 08:00:00', '1', '2013-05-27 08:00:00', null, '0');
INSERT INTO `sys_menu` VALUES ('80', '79', '0,1,79,', '', '50', null, null, null, '1', null, '1', '2013-10-16 08:00:00', '1', '2013-10-16 08:00:00', null, '0');
INSERT INTO `sys_menu` VALUES ('81', '80', '0,1,79,80,', '', '30', '/gen/genScheme', null, null, '1', 'gen:genScheme:view,gen:genScheme:edit', '1', '2013-10-16 08:00:00', '1', '2013-10-16 08:00:00', null, '0');
INSERT INTO `sys_menu` VALUES ('82', '80', '0,1,79,80,', '', '20', '/gen/genTable', null, null, '1', 'gen:genTable:view,gen:genTable:edit,gen:genTableColumn:view,gen:genTableColumn:edit', '1', '2013-10-16 08:00:00', '1', '2013-10-16 08:00:00', null, '0');
INSERT INTO `sys_menu` VALUES ('83', '80', '0,1,79,80,', '', '90', '/gen/genTemplate', null, null, '1', 'gen:genTemplate:view,gen:genTemplate:edit', '1', '2013-10-16 08:00:00', '1', '2013-10-16 08:00:00', null, '1');
INSERT INTO `sys_menu` VALUES ('84', '67', '0,1,2,67,', '', '40', '/../druid', null, null, '1', null, '1', '2013-10-18 08:00:00', '1', '2013-10-18 08:00:00', null, '0');
INSERT INTO `sys_menu` VALUES ('85', '76', '0,1,75,76,', '', '80', '/../static/map/map-city.html', null, null, '1', null, '1', '2013-10-22 08:00:00', '1', '2013-10-22 08:00:00', null, '0');
INSERT INTO `sys_menu` VALUES ('86', '75', '0,1,75,', '', '50', null, null, null, '1', null, '1', '2013-10-22 08:00:00', '1', '2013-10-22 08:00:00', null, '1');
INSERT INTO `sys_menu` VALUES ('87', '86', '0,1,75,86,', '', '30', '/test/test/form', null, null, '1', 'test:test:view,test:test:edit', '1', '2013-10-22 08:00:00', '1', '2013-10-22 08:00:00', null, '1');
INSERT INTO `sys_menu` VALUES ('88', '62', '0,1,62,', '', '20', '', '', '', '1', '', '1', '2013-11-08 08:00:00', '1', '2013-11-08 08:00:00', null, '0');
INSERT INTO `sys_menu` VALUES ('89', '88', '0,1,62,88,', '', '30', '/oa/oaNotify/self', '', '', '1', '', '1', '2013-11-08 08:00:00', '1', '2013-11-08 08:00:00', null, '0');
INSERT INTO `sys_menu` VALUES ('9', '7', '0,1,2,3,7,', '', '40', null, null, null, '0', 'sys:role:edit', '1', '2013-05-27 08:00:00', '1', '2013-05-27 08:00:00', null, '0');
INSERT INTO `sys_menu` VALUES ('90', '88', '0,1,62,88,', '', '50', '/oa/oaNotify', '', '', '1', 'oa:oaNotify:view,oa:oaNotify:edit', '1', '2013-11-08 08:00:00', '1', '2013-11-08 08:00:00', null, '0');
INSERT INTO `sys_menu` VALUES ('afab2db430e2457f9cf3a11feaa8b869', '0ca004d6b1bf4bcab9670a5060d82a55', '0,1,79,3c92c17886944d0687e73e286cada573,0ca004d6b1bf4bcab9670a5060d82a55,', '', '60', '', '', '', '0', 'test:testTree:edit', '1', '2013-08-12 13:10:05', '1', '2013-08-12 13:10:05', '', '0');
INSERT INTO `sys_menu` VALUES ('b1f6d1b86ba24365bae7fd86c5082317', '3c92c17886944d0687e73e286cada573', '0,1,79,3c92c17886944d0687e73e286cada573,', '', '60', '/test/testDataMain', '', '', '1', '', '1', '2013-08-12 13:10:05', '1', '2013-08-12 13:10:05', '', '0');
INSERT INTO `sys_menu` VALUES ('ba8092291b40482db8fe7fc006ea3d76', '3c92c17886944d0687e73e286cada573', '0,1,79,3c92c17886944d0687e73e286cada573,', '', '30', '/test/testData', '', '', '1', '', '1', '2013-08-12 13:10:05', '1', '2013-08-12 13:10:05', '', '0');
INSERT INTO `sys_menu` VALUES ('c2e4d9082a0b4386884a0b203afe2c5c', '0ca004d6b1bf4bcab9670a5060d82a55', '0,1,79,3c92c17886944d0687e73e286cada573,0ca004d6b1bf4bcab9670a5060d82a55,', '', '30', '', '', '', '0', 'test:testTree:view', '1', '2013-08-12 13:10:05', '1', '2013-08-12 13:10:05', '', '0');
INSERT INTO `sys_menu` VALUES ('d15ec45a4c5449c3bbd7a61d5f9dd1d2', 'b1f6d1b86ba24365bae7fd86c5082317', '0,1,79,3c92c17886944d0687e73e286cada573,b1f6d1b86ba24365bae7fd86c5082317,', '', '60', '', '', '', '0', 'test:testDataMain:edit', '1', '2013-08-12 13:10:05', '1', '2013-08-12 13:10:05', '', '0');
INSERT INTO `sys_menu` VALUES ('df7ce823c5b24ff9bada43d992f373e2', 'ba8092291b40482db8fe7fc006ea3d76', '0,1,79,3c92c17886944d0687e73e286cada573,ba8092291b40482db8fe7fc006ea3d76,', '', '30', '', '', '', '0', 'test:testData:view', '1', '2013-08-12 13:10:05', '1', '2013-08-12 13:10:05', '', '0');

-- ----------------------------
-- Table structure for `sys_office`
-- ----------------------------
DROP TABLE IF EXISTS `sys_office`;
CREATE TABLE `sys_office` (
  `id` varchar(64) COLLATE utf8_bin NOT NULL COMMENT '',
  `parent_id` varchar(64) COLLATE utf8_bin NOT NULL COMMENT '',
  `parent_ids` varchar(2000) COLLATE utf8_bin NOT NULL COMMENT '',
  `name` varchar(100) COLLATE utf8_bin NOT NULL COMMENT '',
  `sort` decimal(10,0) NOT NULL COMMENT '',
  `area_id` varchar(64) COLLATE utf8_bin NOT NULL COMMENT '',
  `code` varchar(100) COLLATE utf8_bin DEFAULT NULL COMMENT '',
  `type` char(1) COLLATE utf8_bin NOT NULL COMMENT '',
  `grade` char(1) COLLATE utf8_bin NOT NULL COMMENT '',
  `address` varchar(255) COLLATE utf8_bin DEFAULT NULL COMMENT '',
  `zip_code` varchar(100) COLLATE utf8_bin DEFAULT NULL COMMENT '',
  `master` varchar(100) COLLATE utf8_bin DEFAULT NULL COMMENT '',
  `phone` varchar(200) COLLATE utf8_bin DEFAULT NULL COMMENT '',
  `fax` varchar(200) COLLATE utf8_bin DEFAULT NULL COMMENT '',
  `email` varchar(200) COLLATE utf8_bin DEFAULT NULL COMMENT '',
  `USEABLE` varchar(64) COLLATE utf8_bin DEFAULT NULL COMMENT '',
  `PRIMARY_PERSON` varchar(64) COLLATE utf8_bin DEFAULT NULL COMMENT '',
  `DEPUTY_PERSON` varchar(64) COLLATE utf8_bin DEFAULT NULL COMMENT '',
  `create_by` varchar(64) COLLATE utf8_bin NOT NULL COMMENT '',
  `create_date` datetime NOT NULL COMMENT '',
  `update_by` varchar(64) COLLATE utf8_bin NOT NULL COMMENT '',
  `update_date` datetime NOT NULL COMMENT '',
  `remarks` varchar(255) COLLATE utf8_bin DEFAULT NULL COMMENT '',
  `del_flag` char(1) COLLATE utf8_bin NOT NULL DEFAULT '0' COMMENT '',
  PRIMARY KEY (`id`),
  KEY `sys_office_parent_id` (`parent_id`),
  KEY `sys_office_del_flag` (`del_flag`),
  KEY `sys_office_type` (`type`)
) ENGINE=InnoDB DEFAULT CHARSET=utf8 COLLATE=utf8_bin COMMENT='';

-- ----------------------------
-- Records of sys_office
-- ----------------------------
INSERT INTO `sys_office` VALUES ('1', '0', '0,', '', '10', '2', '100000', '1', '1', null, null, null, null, null, null, '1', null, null, '1', '2013-05-27 08:00:00', '1', '2013-05-27 08:00:00', null, '0');
INSERT INTO `sys_office` VALUES ('10', '7', '0,1,7,', '', '30', '3', '200003', '2', '2', null, null, null, null, null, null, '1', null, null, '1', '2013-05-27 08:00:00', '1', '2013-05-27 08:00:00', null, '0');
INSERT INTO `sys_office` VALUES ('11', '7', '0,1,7,', '', '40', '3', '200004', '2', '2', null, null, null, null, null, null, '1', null, null, '1', '2013-05-27 08:00:00', '1', '2013-05-27 08:00:00', null, '0');
INSERT INTO `sys_office` VALUES ('12', '7', '0,1,7,', '', '0', '4', '201000', '1', '3', null, null, null, null, null, null, '1', null, null, '1', '2013-05-27 08:00:00', '1', '2013-05-27 08:00:00', null, '0');
INSERT INTO `sys_office` VALUES ('13', '12', '0,1,7,12,', '', '10', '4', '201001', '2', '3', null, null, null, null, null, null, '1', null, null, '1', '2013-05-27 08:00:00', '1', '2013-05-27 08:00:00', null, '0');
INSERT INTO `sys_office` VALUES ('14', '12', '0,1,7,12,', '', '20', '4', '201002', '2', '3', null, null, null, null, null, null, '1', null, null, '1', '2013-05-27 08:00:00', '1', '2013-05-27 08:00:00', null, '0');
INSERT INTO `sys_office` VALUES ('15', '12', '0,1,7,12,', '', '30', '4', '201003', '2', '3', null, null, null, null, null, null, '1', null, null, '1', '2013-05-27 08:00:00', '1', '2013-05-27 08:00:00', null, '0');
INSERT INTO `sys_office` VALUES ('16', '12', '0,1,7,12,', '', '40', '4', '201004', '2', '3', null, null, null, null, null, null, '1', null, null, '1', '2013-05-27 08:00:00', '1', '2013-05-27 08:00:00', null, '0');
INSERT INTO `sys_office` VALUES ('17', '7', '0,1,7,', '', '40', '5', '201010', '1', '3', null, null, null, null, null, null, '1', null, null, '1', '2013-05-27 08:00:00', '1', '2013-05-27 08:00:00', null, '0');
INSERT INTO `sys_office` VALUES ('18', '17', '0,1,7,17,', '', '10', '5', '201011', '2', '3', null, null, null, null, null, null, '1', null, null, '1', '2013-05-27 08:00:00', '1', '2013-05-27 08:00:00', null, '0');
INSERT INTO `sys_office` VALUES ('19', '17', '0,1,7,17,', '', '20', '5', '201012', '2', '3', null, null, null, null, null, null, '1', null, null, '1', '2013-05-27 08:00:00', '1', '2013-05-27 08:00:00', null, '0');
INSERT INTO `sys_office` VALUES ('2', '1', '0,1,', '', '10', '2', '100001', '2', '1', null, null, null, null, null, null, '1', null, null, '1', '2013-05-27 08:00:00', '1', '2013-05-27 08:00:00', null, '0');
INSERT INTO `sys_office` VALUES ('20', '17', '0,1,7,17,', '', '30', '5', '201013', '2', '3', null, null, null, null, null, null, '1', null, null, '1', '2013-05-27 08:00:00', '1', '2013-05-27 08:00:00', null, '0');
INSERT INTO `sys_office` VALUES ('21', '17', '0,1,7,17,', '', '40', '5', '201014', '2', '3', null, null, null, null, null, null, '1', null, null, '1', '2013-05-27 08:00:00', '1', '2013-05-27 08:00:00', null, '0');
INSERT INTO `sys_office` VALUES ('22', '7', '0,1,7,', '', '50', '6', '201010', '1', '3', null, null, null, null, null, null, '1', null, null, '1', '2013-05-27 08:00:00', '1', '2013-05-27 08:00:00', null, '0');
INSERT INTO `sys_office` VALUES ('23', '22', '0,1,7,22,', '', '10', '6', '201011', '2', '3', null, null, null, null, null, null, '1', null, null, '1', '2013-05-27 08:00:00', '1', '2013-05-27 08:00:00', null, '0');
INSERT INTO `sys_office` VALUES ('24', '22', '0,1,7,22,', '', '20', '6', '201012', '2', '3', null, null, null, null, null, null, '1', null, null, '1', '2013-05-27 08:00:00', '1', '2013-05-27 08:00:00', null, '0');
INSERT INTO `sys_office` VALUES ('25', '22', '0,1,7,22,', '', '30', '6', '201013', '2', '3', null, null, null, null, null, null, '1', null, null, '1', '2013-05-27 08:00:00', '1', '2013-05-27 08:00:00', null, '0');
INSERT INTO `sys_office` VALUES ('26', '22', '0,1,7,22,', '', '40', '6', '201014', '2', '3', null, null, null, null, null, null, '1', null, null, '1', '2013-05-27 08:00:00', '1', '2013-05-27 08:00:00', null, '0');
INSERT INTO `sys_office` VALUES ('3', '1', '0,1,', '', '20', '2', '100002', '2', '1', null, null, null, null, null, null, '1', null, null, '1', '2013-05-27 08:00:00', '1', '2013-05-27 08:00:00', null, '0');
INSERT INTO `sys_office` VALUES ('4', '1', '0,1,', '', '30', '2', '100003', '2', '1', null, null, null, null, null, null, '1', null, null, '1', '2013-05-27 08:00:00', '1', '2013-05-27 08:00:00', null, '0');
INSERT INTO `sys_office` VALUES ('5', '1', '0,1,', '', '40', '2', '100004', '2', '1', null, null, null, null, null, null, '1', null, null, '1', '2013-05-27 08:00:00', '1', '2013-05-27 08:00:00', null, '0');
INSERT INTO `sys_office` VALUES ('6', '1', '0,1,', '', '50', '2', '100005', '2', '1', null, null, null, null, null, null, '1', null, null, '1', '2013-05-27 08:00:00', '1', '2013-05-27 08:00:00', null, '0');
INSERT INTO `sys_office` VALUES ('7', '1', '0,1,', '', '20', '3', '200000', '1', '2', null, null, null, null, null, null, '1', null, null, '1', '2013-05-27 08:00:00', '1', '2013-05-27 08:00:00', null, '0');
INSERT INTO `sys_office` VALUES ('8', '7', '0,1,7,', '', '10', '3', '200001', '2', '2', null, null, null, null, null, null, '1', null, null, '1', '2013-05-27 08:00:00', '1', '2013-05-27 08:00:00', null, '0');
INSERT INTO `sys_office` VALUES ('9', '7', '0,1,7,', '', '20', '3', '200002', '2', '2', null, null, null, null, null, null, '1', null, null, '1', '2013-05-27 08:00:00', '1', '2013-05-27 08:00:00', null, '0');

-- ----------------------------
-- Table structure for `sys_role`
-- ----------------------------
DROP TABLE IF EXISTS `sys_role`;
CREATE TABLE `sys_role` (
  `id` varchar(64) COLLATE utf8_bin NOT NULL COMMENT '',
  `office_id` varchar(64) COLLATE utf8_bin DEFAULT NULL COMMENT '',
  `name` varchar(100) COLLATE utf8_bin NOT NULL COMMENT '',
  `enname` varchar(255) COLLATE utf8_bin DEFAULT NULL COMMENT '',
  `role_type` varchar(255) COLLATE utf8_bin DEFAULT NULL COMMENT '',
  `data_scope` char(1) COLLATE utf8_bin DEFAULT NULL COMMENT '',
  `is_sys` varchar(64) COLLATE utf8_bin DEFAULT NULL COMMENT '',
  `useable` varchar(64) COLLATE utf8_bin DEFAULT NULL COMMENT '',
  `create_by` varchar(64) COLLATE utf8_bin NOT NULL COMMENT '',
  `create_date` datetime NOT NULL COMMENT '',
  `update_by` varchar(64) COLLATE utf8_bin NOT NULL COMMENT '',
  `update_date` datetime NOT NULL COMMENT '',
  `remarks` varchar(255) COLLATE utf8_bin DEFAULT NULL COMMENT '',
  `del_flag` char(1) COLLATE utf8_bin NOT NULL DEFAULT '0' COMMENT '',
  PRIMARY KEY (`id`),
  KEY `sys_role_del_flag` (`del_flag`),
  KEY `sys_role_enname` (`enname`)
) ENGINE=InnoDB DEFAULT CHARSET=utf8 COLLATE=utf8_bin COMMENT='';

-- ----------------------------
-- Records of sys_role
-- ----------------------------
INSERT INTO `sys_role` VALUES ('1', '1', '', 'dept', 'assignment', '1', null, '1', '1', '2013-05-27 08:00:00', '1', '2013-05-27 08:00:00', null, '0');
INSERT INTO `sys_role` VALUES ('2', '1', '', 'hr', 'assignment', '2', null, '1', '1', '2013-05-27 08:00:00', '1', '2013-05-27 08:00:00', null, '0');
INSERT INTO `sys_role` VALUES ('3', '1', '', 'a', 'assignment', '3', null, '1', '1', '2013-05-27 08:00:00', '1', '2013-05-27 08:00:00', null, '0');
INSERT INTO `sys_role` VALUES ('4', '1', '', 'b', 'assignment', '4', null, '1', '1', '2013-05-27 08:00:00', '1', '2013-05-27 08:00:00', null, '0');
INSERT INTO `sys_role` VALUES ('5', '1', '', 'c', 'assignment', '5', null, '1', '1', '2013-05-27 08:00:00', '1', '2013-05-27 08:00:00', null, '0');
INSERT INTO `sys_role` VALUES ('6', '1', '', 'd', 'assignment', '8', null, '1', '1', '2013-05-27 08:00:00', '1', '2013-05-27 08:00:00', null, '0');
INSERT INTO `sys_role` VALUES ('7', '7', '', 'e', 'assignment', '9', null, '1', '1', '2013-05-27 08:00:00', '1', '2013-05-27 08:00:00', null, '0');

-- ----------------------------
-- Table structure for `sys_role_menu`
-- ----------------------------
DROP TABLE IF EXISTS `sys_role_menu`;
CREATE TABLE `sys_role_menu` (
  `role_id` varchar(64) COLLATE utf8_bin NOT NULL COMMENT '',
  `menu_id` varchar(64) COLLATE utf8_bin NOT NULL COMMENT '',
  PRIMARY KEY (`role_id`,`menu_id`)
) ENGINE=InnoDB DEFAULT CHARSET=utf8 COLLATE=utf8_bin COMMENT='-';

-- ----------------------------
-- Records of sys_role_menu
-- ----------------------------
INSERT INTO `sys_role_menu` VALUES ('1', '1');
INSERT INTO `sys_role_menu` VALUES ('1', '10');
INSERT INTO `sys_role_menu` VALUES ('1', '11');
INSERT INTO `sys_role_menu` VALUES ('1', '12');
INSERT INTO `sys_role_menu` VALUES ('1', '13');
INSERT INTO `sys_role_menu` VALUES ('1', '14');
INSERT INTO `sys_role_menu` VALUES ('1', '15');
INSERT INTO `sys_role_menu` VALUES ('1', '16');
INSERT INTO `sys_role_menu` VALUES ('1', '17');
INSERT INTO `sys_role_menu` VALUES ('1', '18');
INSERT INTO `sys_role_menu` VALUES ('1', '19');
INSERT INTO `sys_role_menu` VALUES ('1', '2');
INSERT INTO `sys_role_menu` VALUES ('1', '20');
INSERT INTO `sys_role_menu` VALUES ('1', '21');
INSERT INTO `sys_role_menu` VALUES ('1', '22');
INSERT INTO `sys_role_menu` VALUES ('1', '23');
INSERT INTO `sys_role_menu` VALUES ('1', '24');
INSERT INTO `sys_role_menu` VALUES ('1', '25');
INSERT INTO `sys_role_menu` VALUES ('1', '26');
INSERT INTO `sys_role_menu` VALUES ('1', '27');
INSERT INTO `sys_role_menu` VALUES ('1', '28');
INSERT INTO `sys_role_menu` VALUES ('1', '29');
INSERT INTO `sys_role_menu` VALUES ('1', '3');
INSERT INTO `sys_role_menu` VALUES ('1', '30');
INSERT INTO `sys_role_menu` VALUES ('1', '31');
INSERT INTO `sys_role_menu` VALUES ('1', '32');
INSERT INTO `sys_role_menu` VALUES ('1', '33');
INSERT INTO `sys_role_menu` VALUES ('1', '34');
INSERT INTO `sys_role_menu` VALUES ('1', '35');
INSERT INTO `sys_role_menu` VALUES ('1', '36');
INSERT INTO `sys_role_menu` VALUES ('1', '37');
INSERT INTO `sys_role_menu` VALUES ('1', '38');
INSERT INTO `sys_role_menu` VALUES ('1', '39');
INSERT INTO `sys_role_menu` VALUES ('1', '4');
INSERT INTO `sys_role_menu` VALUES ('1', '40');
INSERT INTO `sys_role_menu` VALUES ('1', '41');
INSERT INTO `sys_role_menu` VALUES ('1', '42');
INSERT INTO `sys_role_menu` VALUES ('1', '43');
INSERT INTO `sys_role_menu` VALUES ('1', '44');
INSERT INTO `sys_role_menu` VALUES ('1', '45');
INSERT INTO `sys_role_menu` VALUES ('1', '46');
INSERT INTO `sys_role_menu` VALUES ('1', '47');
INSERT INTO `sys_role_menu` VALUES ('1', '48');
INSERT INTO `sys_role_menu` VALUES ('1', '49');
INSERT INTO `sys_role_menu` VALUES ('1', '5');
INSERT INTO `sys_role_menu` VALUES ('1', '50');
INSERT INTO `sys_role_menu` VALUES ('1', '51');
INSERT INTO `sys_role_menu` VALUES ('1', '52');
INSERT INTO `sys_role_menu` VALUES ('1', '53');
INSERT INTO `sys_role_menu` VALUES ('1', '54');
INSERT INTO `sys_role_menu` VALUES ('1', '55');
INSERT INTO `sys_role_menu` VALUES ('1', '56');
INSERT INTO `sys_role_menu` VALUES ('1', '57');
INSERT INTO `sys_role_menu` VALUES ('1', '58');
INSERT INTO `sys_role_menu` VALUES ('1', '59');
INSERT INTO `sys_role_menu` VALUES ('1', '6');
INSERT INTO `sys_role_menu` VALUES ('1', '60');
INSERT INTO `sys_role_menu` VALUES ('1', '61');
INSERT INTO `sys_role_menu` VALUES ('1', '62');
INSERT INTO `sys_role_menu` VALUES ('1', '63');
INSERT INTO `sys_role_menu` VALUES ('1', '64');
INSERT INTO `sys_role_menu` VALUES ('1', '65');
INSERT INTO `sys_role_menu` VALUES ('1', '66');
INSERT INTO `sys_role_menu` VALUES ('1', '67');
INSERT INTO `sys_role_menu` VALUES ('1', '68');
INSERT INTO `sys_role_menu` VALUES ('1', '69');
INSERT INTO `sys_role_menu` VALUES ('1', '7');
INSERT INTO `sys_role_menu` VALUES ('1', '70');
INSERT INTO `sys_role_menu` VALUES ('1', '71');
INSERT INTO `sys_role_menu` VALUES ('1', '72');
INSERT INTO `sys_role_menu` VALUES ('1', '73');
INSERT INTO `sys_role_menu` VALUES ('1', '74');
INSERT INTO `sys_role_menu` VALUES ('1', '75');
INSERT INTO `sys_role_menu` VALUES ('1', '76');
INSERT INTO `sys_role_menu` VALUES ('1', '77');
INSERT INTO `sys_role_menu` VALUES ('1', '78');
INSERT INTO `sys_role_menu` VALUES ('1', '79');
INSERT INTO `sys_role_menu` VALUES ('1', '8');
INSERT INTO `sys_role_menu` VALUES ('1', '80');
INSERT INTO `sys_role_menu` VALUES ('1', '81');
INSERT INTO `sys_role_menu` VALUES ('1', '82');
INSERT INTO `sys_role_menu` VALUES ('1', '83');
INSERT INTO `sys_role_menu` VALUES ('1', '84');
INSERT INTO `sys_role_menu` VALUES ('1', '85');
INSERT INTO `sys_role_menu` VALUES ('1', '86');
INSERT INTO `sys_role_menu` VALUES ('1', '87');
INSERT INTO `sys_role_menu` VALUES ('1', '88');
INSERT INTO `sys_role_menu` VALUES ('1', '89');
INSERT INTO `sys_role_menu` VALUES ('1', '9');
INSERT INTO `sys_role_menu` VALUES ('1', '90');
INSERT INTO `sys_role_menu` VALUES ('2', '1');
INSERT INTO `sys_role_menu` VALUES ('2', '10');
INSERT INTO `sys_role_menu` VALUES ('2', '11');
INSERT INTO `sys_role_menu` VALUES ('2', '12');
INSERT INTO `sys_role_menu` VALUES ('2', '13');
INSERT INTO `sys_role_menu` VALUES ('2', '14');
INSERT INTO `sys_role_menu` VALUES ('2', '15');
INSERT INTO `sys_role_menu` VALUES ('2', '16');
INSERT INTO `sys_role_menu` VALUES ('2', '17');
INSERT INTO `sys_role_menu` VALUES ('2', '18');
INSERT INTO `sys_role_menu` VALUES ('2', '19');
INSERT INTO `sys_role_menu` VALUES ('2', '2');
INSERT INTO `sys_role_menu` VALUES ('2', '20');
INSERT INTO `sys_role_menu` VALUES ('2', '21');
INSERT INTO `sys_role_menu` VALUES ('2', '22');
INSERT INTO `sys_role_menu` VALUES ('2', '23');
INSERT INTO `sys_role_menu` VALUES ('2', '24');
INSERT INTO `sys_role_menu` VALUES ('2', '25');
INSERT INTO `sys_role_menu` VALUES ('2', '26');
INSERT INTO `sys_role_menu` VALUES ('2', '27');
INSERT INTO `sys_role_menu` VALUES ('2', '28');
INSERT INTO `sys_role_menu` VALUES ('2', '29');
INSERT INTO `sys_role_menu` VALUES ('2', '3');
INSERT INTO `sys_role_menu` VALUES ('2', '30');
INSERT INTO `sys_role_menu` VALUES ('2', '31');
INSERT INTO `sys_role_menu` VALUES ('2', '32');
INSERT INTO `sys_role_menu` VALUES ('2', '33');
INSERT INTO `sys_role_menu` VALUES ('2', '34');
INSERT INTO `sys_role_menu` VALUES ('2', '35');
INSERT INTO `sys_role_menu` VALUES ('2', '36');
INSERT INTO `sys_role_menu` VALUES ('2', '37');
INSERT INTO `sys_role_menu` VALUES ('2', '38');
INSERT INTO `sys_role_menu` VALUES ('2', '39');
INSERT INTO `sys_role_menu` VALUES ('2', '4');
INSERT INTO `sys_role_menu` VALUES ('2', '40');
INSERT INTO `sys_role_menu` VALUES ('2', '41');
INSERT INTO `sys_role_menu` VALUES ('2', '42');
INSERT INTO `sys_role_menu` VALUES ('2', '43');
INSERT INTO `sys_role_menu` VALUES ('2', '44');
INSERT INTO `sys_role_menu` VALUES ('2', '45');
INSERT INTO `sys_role_menu` VALUES ('2', '46');
INSERT INTO `sys_role_menu` VALUES ('2', '47');
INSERT INTO `sys_role_menu` VALUES ('2', '48');
INSERT INTO `sys_role_menu` VALUES ('2', '49');
INSERT INTO `sys_role_menu` VALUES ('2', '5');
INSERT INTO `sys_role_menu` VALUES ('2', '50');
INSERT INTO `sys_role_menu` VALUES ('2', '51');
INSERT INTO `sys_role_menu` VALUES ('2', '52');
INSERT INTO `sys_role_menu` VALUES ('2', '53');
INSERT INTO `sys_role_menu` VALUES ('2', '54');
INSERT INTO `sys_role_menu` VALUES ('2', '55');
INSERT INTO `sys_role_menu` VALUES ('2', '56');
INSERT INTO `sys_role_menu` VALUES ('2', '57');
INSERT INTO `sys_role_menu` VALUES ('2', '58');
INSERT INTO `sys_role_menu` VALUES ('2', '59');
INSERT INTO `sys_role_menu` VALUES ('2', '6');
INSERT INTO `sys_role_menu` VALUES ('2', '60');
INSERT INTO `sys_role_menu` VALUES ('2', '61');
INSERT INTO `sys_role_menu` VALUES ('2', '62');
INSERT INTO `sys_role_menu` VALUES ('2', '63');
INSERT INTO `sys_role_menu` VALUES ('2', '64');
INSERT INTO `sys_role_menu` VALUES ('2', '65');
INSERT INTO `sys_role_menu` VALUES ('2', '66');
INSERT INTO `sys_role_menu` VALUES ('2', '67');
INSERT INTO `sys_role_menu` VALUES ('2', '68');
INSERT INTO `sys_role_menu` VALUES ('2', '69');
INSERT INTO `sys_role_menu` VALUES ('2', '7');
INSERT INTO `sys_role_menu` VALUES ('2', '70');
INSERT INTO `sys_role_menu` VALUES ('2', '71');
INSERT INTO `sys_role_menu` VALUES ('2', '72');
INSERT INTO `sys_role_menu` VALUES ('2', '73');
INSERT INTO `sys_role_menu` VALUES ('2', '74');
INSERT INTO `sys_role_menu` VALUES ('2', '75');
INSERT INTO `sys_role_menu` VALUES ('2', '76');
INSERT INTO `sys_role_menu` VALUES ('2', '77');
INSERT INTO `sys_role_menu` VALUES ('2', '78');
INSERT INTO `sys_role_menu` VALUES ('2', '79');
INSERT INTO `sys_role_menu` VALUES ('2', '8');
INSERT INTO `sys_role_menu` VALUES ('2', '80');
INSERT INTO `sys_role_menu` VALUES ('2', '81');
INSERT INTO `sys_role_menu` VALUES ('2', '82');
INSERT INTO `sys_role_menu` VALUES ('2', '83');
INSERT INTO `sys_role_menu` VALUES ('2', '84');
INSERT INTO `sys_role_menu` VALUES ('2', '85');
INSERT INTO `sys_role_menu` VALUES ('2', '86');
INSERT INTO `sys_role_menu` VALUES ('2', '87');
INSERT INTO `sys_role_menu` VALUES ('2', '88');
INSERT INTO `sys_role_menu` VALUES ('2', '89');
INSERT INTO `sys_role_menu` VALUES ('2', '9');
INSERT INTO `sys_role_menu` VALUES ('2', '90');
INSERT INTO `sys_role_menu` VALUES ('3', '1');
INSERT INTO `sys_role_menu` VALUES ('3', '10');
INSERT INTO `sys_role_menu` VALUES ('3', '11');
INSERT INTO `sys_role_menu` VALUES ('3', '12');
INSERT INTO `sys_role_menu` VALUES ('3', '13');
INSERT INTO `sys_role_menu` VALUES ('3', '14');
INSERT INTO `sys_role_menu` VALUES ('3', '15');
INSERT INTO `sys_role_menu` VALUES ('3', '16');
INSERT INTO `sys_role_menu` VALUES ('3', '17');
INSERT INTO `sys_role_menu` VALUES ('3', '18');
INSERT INTO `sys_role_menu` VALUES ('3', '19');
INSERT INTO `sys_role_menu` VALUES ('3', '2');
INSERT INTO `sys_role_menu` VALUES ('3', '20');
INSERT INTO `sys_role_menu` VALUES ('3', '21');
INSERT INTO `sys_role_menu` VALUES ('3', '22');
INSERT INTO `sys_role_menu` VALUES ('3', '23');
INSERT INTO `sys_role_menu` VALUES ('3', '24');
INSERT INTO `sys_role_menu` VALUES ('3', '25');
INSERT INTO `sys_role_menu` VALUES ('3', '26');
INSERT INTO `sys_role_menu` VALUES ('3', '27');
INSERT INTO `sys_role_menu` VALUES ('3', '28');
INSERT INTO `sys_role_menu` VALUES ('3', '29');
INSERT INTO `sys_role_menu` VALUES ('3', '3');
INSERT INTO `sys_role_menu` VALUES ('3', '30');
INSERT INTO `sys_role_menu` VALUES ('3', '31');
INSERT INTO `sys_role_menu` VALUES ('3', '32');
INSERT INTO `sys_role_menu` VALUES ('3', '33');
INSERT INTO `sys_role_menu` VALUES ('3', '34');
INSERT INTO `sys_role_menu` VALUES ('3', '35');
INSERT INTO `sys_role_menu` VALUES ('3', '36');
INSERT INTO `sys_role_menu` VALUES ('3', '37');
INSERT INTO `sys_role_menu` VALUES ('3', '38');
INSERT INTO `sys_role_menu` VALUES ('3', '39');
INSERT INTO `sys_role_menu` VALUES ('3', '4');
INSERT INTO `sys_role_menu` VALUES ('3', '40');
INSERT INTO `sys_role_menu` VALUES ('3', '41');
INSERT INTO `sys_role_menu` VALUES ('3', '42');
INSERT INTO `sys_role_menu` VALUES ('3', '43');
INSERT INTO `sys_role_menu` VALUES ('3', '44');
INSERT INTO `sys_role_menu` VALUES ('3', '45');
INSERT INTO `sys_role_menu` VALUES ('3', '46');
INSERT INTO `sys_role_menu` VALUES ('3', '47');
INSERT INTO `sys_role_menu` VALUES ('3', '48');
INSERT INTO `sys_role_menu` VALUES ('3', '49');
INSERT INTO `sys_role_menu` VALUES ('3', '5');
INSERT INTO `sys_role_menu` VALUES ('3', '50');
INSERT INTO `sys_role_menu` VALUES ('3', '51');
INSERT INTO `sys_role_menu` VALUES ('3', '52');
INSERT INTO `sys_role_menu` VALUES ('3', '53');
INSERT INTO `sys_role_menu` VALUES ('3', '54');
INSERT INTO `sys_role_menu` VALUES ('3', '55');
INSERT INTO `sys_role_menu` VALUES ('3', '56');
INSERT INTO `sys_role_menu` VALUES ('3', '57');
INSERT INTO `sys_role_menu` VALUES ('3', '58');
INSERT INTO `sys_role_menu` VALUES ('3', '59');
INSERT INTO `sys_role_menu` VALUES ('3', '6');
INSERT INTO `sys_role_menu` VALUES ('3', '60');
INSERT INTO `sys_role_menu` VALUES ('3', '61');
INSERT INTO `sys_role_menu` VALUES ('3', '62');
INSERT INTO `sys_role_menu` VALUES ('3', '63');
INSERT INTO `sys_role_menu` VALUES ('3', '64');
INSERT INTO `sys_role_menu` VALUES ('3', '65');
INSERT INTO `sys_role_menu` VALUES ('3', '66');
INSERT INTO `sys_role_menu` VALUES ('3', '67');
INSERT INTO `sys_role_menu` VALUES ('3', '68');
INSERT INTO `sys_role_menu` VALUES ('3', '69');
INSERT INTO `sys_role_menu` VALUES ('3', '7');
INSERT INTO `sys_role_menu` VALUES ('3', '70');
INSERT INTO `sys_role_menu` VALUES ('3', '71');
INSERT INTO `sys_role_menu` VALUES ('3', '72');
INSERT INTO `sys_role_menu` VALUES ('3', '73');
INSERT INTO `sys_role_menu` VALUES ('3', '74');
INSERT INTO `sys_role_menu` VALUES ('3', '75');
INSERT INTO `sys_role_menu` VALUES ('3', '76');
INSERT INTO `sys_role_menu` VALUES ('3', '77');
INSERT INTO `sys_role_menu` VALUES ('3', '78');
INSERT INTO `sys_role_menu` VALUES ('3', '79');
INSERT INTO `sys_role_menu` VALUES ('3', '8');
INSERT INTO `sys_role_menu` VALUES ('3', '80');
INSERT INTO `sys_role_menu` VALUES ('3', '81');
INSERT INTO `sys_role_menu` VALUES ('3', '82');
INSERT INTO `sys_role_menu` VALUES ('3', '83');
INSERT INTO `sys_role_menu` VALUES ('3', '84');
INSERT INTO `sys_role_menu` VALUES ('3', '85');
INSERT INTO `sys_role_menu` VALUES ('3', '86');
INSERT INTO `sys_role_menu` VALUES ('3', '87');
INSERT INTO `sys_role_menu` VALUES ('3', '88');
INSERT INTO `sys_role_menu` VALUES ('3', '89');
INSERT INTO `sys_role_menu` VALUES ('3', '9');
INSERT INTO `sys_role_menu` VALUES ('3', '90');

-- ----------------------------
-- Table structure for `sys_role_office`
-- ----------------------------
DROP TABLE IF EXISTS `sys_role_office`;
CREATE TABLE `sys_role_office` (
  `role_id` varchar(64) COLLATE utf8_bin NOT NULL COMMENT '',
  `office_id` varchar(64) COLLATE utf8_bin NOT NULL COMMENT '',
  PRIMARY KEY (`role_id`,`office_id`)
) ENGINE=InnoDB DEFAULT CHARSET=utf8 COLLATE=utf8_bin COMMENT='-';

-- ----------------------------
-- Records of sys_role_office
-- ----------------------------
INSERT INTO `sys_role_office` VALUES ('7', '10');
INSERT INTO `sys_role_office` VALUES ('7', '11');
INSERT INTO `sys_role_office` VALUES ('7', '12');
INSERT INTO `sys_role_office` VALUES ('7', '13');
INSERT INTO `sys_role_office` VALUES ('7', '14');
INSERT INTO `sys_role_office` VALUES ('7', '15');
INSERT INTO `sys_role_office` VALUES ('7', '16');
INSERT INTO `sys_role_office` VALUES ('7', '17');
INSERT INTO `sys_role_office` VALUES ('7', '18');
INSERT INTO `sys_role_office` VALUES ('7', '19');
INSERT INTO `sys_role_office` VALUES ('7', '20');
INSERT INTO `sys_role_office` VALUES ('7', '21');
INSERT INTO `sys_role_office` VALUES ('7', '22');
INSERT INTO `sys_role_office` VALUES ('7', '23');
INSERT INTO `sys_role_office` VALUES ('7', '24');
INSERT INTO `sys_role_office` VALUES ('7', '25');
INSERT INTO `sys_role_office` VALUES ('7', '26');
INSERT INTO `sys_role_office` VALUES ('7', '7');
INSERT INTO `sys_role_office` VALUES ('7', '8');
INSERT INTO `sys_role_office` VALUES ('7', '9');

-- ----------------------------
-- Table structure for `sys_user`
-- ----------------------------
DROP TABLE IF EXISTS `sys_user`;
CREATE TABLE `sys_user` (
  `id` varchar(64) COLLATE utf8_bin NOT NULL COMMENT '',
  `company_id` varchar(64) COLLATE utf8_bin NOT NULL COMMENT '',
  `office_id` varchar(64) COLLATE utf8_bin NOT NULL COMMENT '',
  `login_name` varchar(100) COLLATE utf8_bin NOT NULL COMMENT '',
  `password` varchar(100) COLLATE utf8_bin NOT NULL COMMENT '',
  `no` varchar(100) COLLATE utf8_bin DEFAULT NULL COMMENT '',
  `name` varchar(100) COLLATE utf8_bin NOT NULL COMMENT '',
  `email` varchar(200) COLLATE utf8_bin DEFAULT NULL COMMENT '',
  `phone` varchar(200) COLLATE utf8_bin DEFAULT NULL COMMENT '',
  `mobile` varchar(200) COLLATE utf8_bin DEFAULT NULL COMMENT '',
  `user_type` char(1) COLLATE utf8_bin DEFAULT NULL COMMENT '',
  `photo` varchar(1000) COLLATE utf8_bin DEFAULT NULL COMMENT '',
  `login_ip` varchar(100) COLLATE utf8_bin DEFAULT NULL COMMENT 'IP',
  `login_date` datetime DEFAULT NULL COMMENT '',
  `login_flag` varchar(64) COLLATE utf8_bin DEFAULT NULL COMMENT '',
  `create_by` varchar(64) COLLATE utf8_bin NOT NULL COMMENT '',
  `create_date` datetime NOT NULL COMMENT '',
  `update_by` varchar(64) COLLATE utf8_bin NOT NULL COMMENT '',
  `update_date` datetime NOT NULL COMMENT '',
  `remarks` varchar(255) COLLATE utf8_bin DEFAULT NULL COMMENT '',
  `del_flag` char(1) COLLATE utf8_bin NOT NULL DEFAULT '0' COMMENT '',
  PRIMARY KEY (`id`),
  KEY `sys_user_office_id` (`office_id`),
  KEY `sys_user_login_name` (`login_name`),
  KEY `sys_user_company_id` (`company_id`),
  KEY `sys_user_update_date` (`update_date`),
  KEY `sys_user_del_flag` (`del_flag`)
) ENGINE=InnoDB DEFAULT CHARSET=utf8 COLLATE=utf8_bin COMMENT='';

-- ----------------------------
-- Records of sys_user
-- ----------------------------
INSERT INTO `sys_user` VALUES ('1', '1', '2', 'admin', '8c54ca5c45667e5eebef8ef41bc4e326e413f8d8cae9b45fcc3641f7', '0001', '', 'thinkgem@163.com', '8675', '8675', null, null, '0:0:0:0:0:0:0:1', '2016-11-09 16:56:38', '1', '1', '2013-05-27 08:00:00', '1', '2013-05-27 08:00:00', '', '0');
INSERT INTO `sys_user` VALUES ('10', '7', '11', 'jn_jsb', '02a3f0772fcca9f415adc990734b45c6f059c7d33ee28362c4852032', '0010', '', null, null, null, null, null, null, null, '1', '1', '2013-05-27 08:00:00', '1', '2013-05-27 08:00:00', null, '0');
INSERT INTO `sys_user` VALUES ('11', '12', '13', 'lc_admin', '02a3f0772fcca9f415adc990734b45c6f059c7d33ee28362c4852032', '0011', '', null, null, null, null, null, null, null, '1', '1', '2013-05-27 08:00:00', '1', '2013-05-27 08:00:00', null, '0');
INSERT INTO `sys_user` VALUES ('12', '12', '18', 'lx_admin', '02a3f0772fcca9f415adc990734b45c6f059c7d33ee28362c4852032', '0012', '', null, null, null, null, null, null, null, '1', '1', '2013-05-27 08:00:00', '1', '2013-05-27 08:00:00', null, '0');
INSERT INTO `sys_user` VALUES ('13', '22', '23', 'gx_admin', '02a3f0772fcca9f415adc990734b45c6f059c7d33ee28362c4852032', '0013', '', null, null, null, null, null, null, null, '1', '1', '2013-05-27 08:00:00', '1', '2013-05-27 08:00:00', null, '0');
INSERT INTO `sys_user` VALUES ('2', '1', '2', 'sd_admin', '02a3f0772fcca9f415adc990734b45c6f059c7d33ee28362c4852032', '0002', '', null, null, null, null, null, null, null, '1', '1', '2013-05-27 08:00:00', '1', '2013-05-27 08:00:00', null, '0');
INSERT INTO `sys_user` VALUES ('3', '1', '3', 'sd_zhb', '02a3f0772fcca9f415adc990734b45c6f059c7d33ee28362c4852032', '0003', '', null, null, null, null, null, null, null, '1', '1', '2013-05-27 08:00:00', '1', '2013-05-27 08:00:00', null, '0');
INSERT INTO `sys_user` VALUES ('4', '1', '4', 'sd_scb', '02a3f0772fcca9f415adc990734b45c6f059c7d33ee28362c4852032', '0004', '', null, null, null, null, null, null, null, '1', '1', '2013-05-27 08:00:00', '1', '2013-05-27 08:00:00', null, '0');
INSERT INTO `sys_user` VALUES ('5', '1', '5', 'sd_jsb', '02a3f0772fcca9f415adc990734b45c6f059c7d33ee28362c4852032', '0005', '', null, null, null, null, null, null, null, '1', '1', '2013-05-27 08:00:00', '1', '2013-05-27 08:00:00', null, '0');
INSERT INTO `sys_user` VALUES ('6', '1', '6', 'sd_yfb', '02a3f0772fcca9f415adc990734b45c6f059c7d33ee28362c4852032', '0006', '', null, null, null, null, null, null, null, '1', '1', '2013-05-27 08:00:00', '1', '2013-05-27 08:00:00', null, '0');
INSERT INTO `sys_user` VALUES ('7', '7', '8', 'jn_admin', '02a3f0772fcca9f415adc990734b45c6f059c7d33ee28362c4852032', '0007', '', null, null, null, null, null, null, null, '1', '1', '2013-05-27 08:00:00', '1', '2013-05-27 08:00:00', null, '0');
INSERT INTO `sys_user` VALUES ('8', '7', '9', 'jn_zhb', '02a3f0772fcca9f415adc990734b45c6f059c7d33ee28362c4852032', '0008', '', null, null, null, null, null, null, null, '1', '1', '2013-05-27 08:00:00', '1', '2013-05-27 08:00:00', null, '0');
INSERT INTO `sys_user` VALUES ('9', '7', '10', 'jn_scb', '02a3f0772fcca9f415adc990734b45c6f059c7d33ee28362c4852032', '0009', '', null, null, null, null, null, null, null, '1', '1', '2013-05-27 08:00:00', '1', '2013-05-27 08:00:00', null, '0');

-- ----------------------------
-- Table structure for `sys_user_role`
-- ----------------------------
DROP TABLE IF EXISTS `sys_user_role`;
CREATE TABLE `sys_user_role` (
  `user_id` varchar(64) COLLATE utf8_bin NOT NULL COMMENT '',
  `role_id` varchar(64) COLLATE utf8_bin NOT NULL COMMENT '',
  PRIMARY KEY (`user_id`,`role_id`)
) ENGINE=InnoDB DEFAULT CHARSET=utf8 COLLATE=utf8_bin COMMENT='-';

-- ----------------------------
-- Records of sys_user_role
-- ----------------------------
INSERT INTO `sys_user_role` VALUES ('1', '1');
INSERT INTO `sys_user_role` VALUES ('1', '2');
INSERT INTO `sys_user_role` VALUES ('10', '2');
INSERT INTO `sys_user_role` VALUES ('11', '3');
INSERT INTO `sys_user_role` VALUES ('12', '4');
INSERT INTO `sys_user_role` VALUES ('13', '5');
INSERT INTO `sys_user_role` VALUES ('14', '6');
INSERT INTO `sys_user_role` VALUES ('2', '1');
INSERT INTO `sys_user_role` VALUES ('3', '2');
INSERT INTO `sys_user_role` VALUES ('4', '3');
INSERT INTO `sys_user_role` VALUES ('5', '4');
INSERT INTO `sys_user_role` VALUES ('6', '5');
INSERT INTO `sys_user_role` VALUES ('7', '2');
INSERT INTO `sys_user_role` VALUES ('7', '7');
INSERT INTO `sys_user_role` VALUES ('8', '2');
INSERT INTO `sys_user_role` VALUES ('9', '1');

-- ----------------------------
-- Table structure for `test_data`
-- ----------------------------
DROP TABLE IF EXISTS `test_data`;
CREATE TABLE `test_data` (
  `id` varchar(64) COLLATE utf8_bin NOT NULL COMMENT '',
  `user_id` varchar(64) COLLATE utf8_bin DEFAULT NULL COMMENT '',
  `office_id` varchar(64) COLLATE utf8_bin DEFAULT NULL COMMENT '',
  `area_id` varchar(64) COLLATE utf8_bin DEFAULT NULL COMMENT '',
  `name` varchar(100) COLLATE utf8_bin DEFAULT NULL COMMENT '',
  `sex` char(1) COLLATE utf8_bin DEFAULT NULL COMMENT '',
  `in_date` date DEFAULT NULL COMMENT '',
  `create_by` varchar(64) COLLATE utf8_bin NOT NULL COMMENT '',
  `create_date` datetime NOT NULL COMMENT '',
  `update_by` varchar(64) COLLATE utf8_bin NOT NULL COMMENT '',
  `update_date` datetime NOT NULL COMMENT '',
  `remarks` varchar(255) COLLATE utf8_bin DEFAULT NULL COMMENT '',
  `del_flag` char(1) COLLATE utf8_bin NOT NULL DEFAULT '0' COMMENT '',
  PRIMARY KEY (`id`),
  KEY `test_data_del_flag` (`del_flag`)
) ENGINE=InnoDB DEFAULT CHARSET=utf8 COLLATE=utf8_bin COMMENT='';

-- ----------------------------
-- Records of test_data
-- ----------------------------

-- ----------------------------
-- Table structure for `test_data_child`
-- ----------------------------
DROP TABLE IF EXISTS `test_data_child`;
CREATE TABLE `test_data_child` (
  `id` varchar(64) COLLATE utf8_bin NOT NULL COMMENT '',
  `test_data_main_id` varchar(64) COLLATE utf8_bin DEFAULT NULL COMMENT 'ID',
  `name` varchar(100) COLLATE utf8_bin DEFAULT NULL COMMENT '',
  `create_by` varchar(64) COLLATE utf8_bin NOT NULL COMMENT '',
  `create_date` datetime NOT NULL COMMENT '',
  `update_by` varchar(64) COLLATE utf8_bin NOT NULL COMMENT '',
  `update_date` datetime NOT NULL COMMENT '',
  `remarks` varchar(255) COLLATE utf8_bin DEFAULT NULL COMMENT '',
  `del_flag` char(1) COLLATE utf8_bin NOT NULL DEFAULT '0' COMMENT '',
  PRIMARY KEY (`id`),
  KEY `test_data_child_del_flag` (`del_flag`)
) ENGINE=InnoDB DEFAULT CHARSET=utf8 COLLATE=utf8_bin COMMENT='';

-- ----------------------------
-- Records of test_data_child
-- ----------------------------

-- ----------------------------
-- Table structure for `test_data_main`
-- ----------------------------
DROP TABLE IF EXISTS `test_data_main`;
CREATE TABLE `test_data_main` (
  `id` varchar(64) COLLATE utf8_bin NOT NULL COMMENT '',
  `user_id` varchar(64) COLLATE utf8_bin DEFAULT NULL COMMENT '',
  `office_id` varchar(64) COLLATE utf8_bin DEFAULT NULL COMMENT '',
  `area_id` varchar(64) COLLATE utf8_bin DEFAULT NULL COMMENT '',
  `name` varchar(100) COLLATE utf8_bin DEFAULT NULL COMMENT '',
  `sex` char(1) COLLATE utf8_bin DEFAULT NULL COMMENT '',
  `in_date` date DEFAULT NULL COMMENT '',
  `create_by` varchar(64) COLLATE utf8_bin NOT NULL COMMENT '',
  `create_date` datetime NOT NULL COMMENT '',
  `update_by` varchar(64) COLLATE utf8_bin NOT NULL COMMENT '',
  `update_date` datetime NOT NULL COMMENT '',
  `remarks` varchar(255) COLLATE utf8_bin DEFAULT NULL COMMENT '',
  `del_flag` char(1) COLLATE utf8_bin NOT NULL DEFAULT '0' COMMENT '',
  PRIMARY KEY (`id`),
  KEY `test_data_main_del_flag` (`del_flag`)
) ENGINE=InnoDB DEFAULT CHARSET=utf8 COLLATE=utf8_bin COMMENT='';

-- ----------------------------
-- Records of test_data_main
-- ----------------------------

-- ----------------------------
-- Table structure for `test_tree`
-- ----------------------------
DROP TABLE IF EXISTS `test_tree`;
CREATE TABLE `test_tree` (
  `id` varchar(64) COLLATE utf8_bin NOT NULL COMMENT '',
  `parent_id` varchar(64) COLLATE utf8_bin NOT NULL COMMENT '',
  `parent_ids` varchar(2000) COLLATE utf8_bin NOT NULL COMMENT '',
  `name` varchar(100) COLLATE utf8_bin NOT NULL COMMENT '',
  `sort` decimal(10,0) NOT NULL COMMENT '',
  `create_by` varchar(64) COLLATE utf8_bin NOT NULL COMMENT '',
  `create_date` datetime NOT NULL COMMENT '',
  `update_by` varchar(64) COLLATE utf8_bin NOT NULL COMMENT '',
  `update_date` datetime NOT NULL COMMENT '',
  `remarks` varchar(255) COLLATE utf8_bin DEFAULT NULL COMMENT '',
  `del_flag` char(1) COLLATE utf8_bin NOT NULL DEFAULT '0' COMMENT '',
  PRIMARY KEY (`id`),
  KEY `test_tree_del_flag` (`del_flag`),
  KEY `test_data_parent_id` (`parent_id`)
) ENGINE=InnoDB DEFAULT CHARSET=utf8 COLLATE=utf8_bin COMMENT='';

-- ----------------------------
-- Records of test_tree
-- ----------------------------
